"GitHub ID","Команда","Статус","Трек","SHA","Файлов в снимке","GitHub"
"1378234624","'til 3am","discovered","","","0","https://github.com/BAITC-Hacks/hack-682bab9a-til-3am"
"1365841254","'-30 MMR","discovered","","","0","https://github.com/BAITC-Hacks/hack-6d18e88e-30-mmr"
"1378541934","/","ready","","66ab85f7fb4e7a1492798521b5dc392fb6599530","114","https://github.com/BAITC-Hacks/hack-1323d9a9-team"
"1374854737","0 iq enjoyers","discovered","","","0","https://github.com/BAITC-Hacks/hack-9a98b7fa-0-iq-enjoyers"
"1379871679","0 iq enjoyers","discovered","","","0","https://github.com/BAITC-Hacks/hack-f81ea114-0-iq-enjoyers"
"1374206701","007","discovered","","","0","https://github.com/BAITC-Hacks/hack-efff8cf2-007"
"1376147159","01husky","discovered","","","0","https://github.com/BAITC-Hacks/hack-66c85e8f-01husky"
"1381741098","022Ali02","discovered","","","0","https://github.com/BAITC-Hacks/hack-585f599d-022ali02"
"1381684924","03","discovered","","","0","https://github.com/BAITC-Hacks/hack-75e46952-03"
"1381706851","0303ayerke-prog","discovered","","","0","https://github.com/BAITC-Hacks/hack-7391d9fb-0303ayerke-prog"
"1381761935","044shad1k","discovered","","","0","https://github.com/BAITC-Hacks/hack-d4c92852-044shad1k"
"1378648726","04team","discovered","","","0","https://github.com/BAITC-Hacks/hack-d790061c-04team"
"1381732389","080120650290","discovered","","","0","https://github.com/BAITC-Hacks/hack-e3cf3837-080120650290"
"1365915435","0817 team","discovered","","","0","https://github.com/BAITC-Hacks/hack-64deed8a-0817-team"
"1363605057","0L/QvtCx0LXQtNC40YLQtdC70Lg=","discovered","","","0","https://github.com/BAITC-Hacks/hack-66e42336-0l-qvtcx0lxqtnc40ylqtdc70lg"
"1373815994","0x_AI","discovered","","","0","https://github.com/BAITC-Hacks/hack-80534b2a-0x-ai"
"1358200842","1","discovered","","","0","https://github.com/BAITC-Hacks/hack-5bcf801b-1"
"1374057699","1","ready","","d5e7706a367534b64dcec968157fdb8b3af137c8","1","https://github.com/BAITC-Hacks/hack-079471c8-1"
"1374793618","104","discovered","","","0","https://github.com/BAITC-Hacks/hack-eab7e034-104"
"1377472672","11","ready","","88b845eb9aae3ef9705b1f4b1d8d7aa15a1ed689","41","https://github.com/BAITC-Hacks/hack-2a953101-11"
"1379552977","11","ready","","823aa52e0e4930ff91683e2b2ab36368490a5794","1","https://github.com/BAITC-Hacks/hack-1e5cea39-11"
"1361745187","11-2005","discovered","","","0","https://github.com/BAITC-Hacks/hack-faf6316b-11-2005"
"1381696277","11zhansaya07-prog","discovered","","","0","https://github.com/BAITC-Hacks/hack-a84df00d-11zhansaya07-prog"
"1284725192","123","discovered","","","0","https://github.com/BAITC-Hacks/hack-9feddb8a-123"
"1379756958","123","discovered","","","0","https://github.com/BAITC-Hacks/hack-ee8cb9dc-123"
"1374677622","13G","discovered","","","0","https://github.com/BAITC-Hacks/hack-481839f6-13g"
"1358347659","13Lab","discovered","","","0","https://github.com/BAITC-Hacks/hack-e311b3ab-13lab"
"1375027821","1465","discovered","","","0","https://github.com/BAITC-Hacks/hack-c8a98f95-1465"
"1365425628","1718","ready","","e18fd2f800a8bb37e00a801e9369bd63bd9c7992","53","https://github.com/BAITC-Hacks/hack-25081c1e-1718"
"1372848329","18+","discovered","","","0","https://github.com/BAITC-Hacks/hack-dae725ab-18"
"1381677028","1999erasyl","discovered","","","0","https://github.com/BAITC-Hacks/hack-ff656ba5-1999erasyl"
"1371289848","1Hrz","discovered","","","0","https://github.com/BAITC-Hacks/hack-6dd70654-1hrz"
"1374187683","2 Man Pixel","discovered","","","0","https://github.com/BAITC-Hacks/hack-a15905d4-2-man-pixel"
"1378103421","2031tech","ready","","f7c00e5aa1c5c1985757a815ad907ae296c89398","1","https://github.com/BAITC-Hacks/hack-3495c13c-2031tech"
"1374260129","228","ready","","2cbbf066227b6d75df8e25479f363b12a6c1fb27","1","https://github.com/BAITC-Hacks/hack-09a3f2e1-228"
"1374262068","228","ready","","67c4c6893e12ae574c22b2c9d81ddb7cd0e8ff38","20","https://github.com/BAITC-Hacks/hack-0c90ccb6-228"
"1367310099","23","ready","","922e8b39728c100a44352d8ebd94414bb1f3f8a6","1","https://github.com/BAITC-Hacks/hack-07342fdb-23"
"1379661652","23","discovered","","","0","https://github.com/BAITC-Hacks/hack-ec366cc6-23"
"1378229544","233 Lab","discovered","","","0","https://github.com/BAITC-Hacks/hack-c9b74ebd-233-lab"
"1372828943","2407","discovered","","","0","https://github.com/BAITC-Hacks/hack-f6c388bf-2407"
"1364237989","27","discovered","","","0","https://github.com/BAITC-Hacks/hack-b9ec458c-27"
"1367459552","2A","discovered","","","0","https://github.com/BAITC-Hacks/hack-8e87b897-2a"
"1374347140","2P","discovered","","","0","https://github.com/BAITC-Hacks/hack-e4bcd721-2p"
"1379839356","2P","discovered","","","0","https://github.com/BAITC-Hacks/hack-5884137f-2p"
"1371191416","2Qwants","discovered","","","0","https://github.com/BAITC-Hacks/hack-6bd29a3e-2qwants"
"1372609998","3 da gang","discovered","","","0","https://github.com/BAITC-Hacks/hack-81f437ae-3-da-gang"
"1376150177","3 Idiots","discovered","","","0","https://github.com/BAITC-Hacks/hack-db638fa5-3-idiots"
"1365834558","3-Musketeers","discovered","","","0","https://github.com/BAITC-Hacks/hack-390f12b4-3-musketeers"
"1371323829","3.14doors","ready","","f61b212e2f20a670543ab37c1b461b04d064286b","1","https://github.com/BAITC-Hacks/hack-22892654-3-14doors"
"1360602719","30 98","discovered","","","0","https://github.com/BAITC-Hacks/hack-7d3c4888-30-98"
"1381628167","31murat03","discovered","","","0","https://github.com/BAITC-Hacks/hack-db57fb65-31murat03"
"1381753524","34081n","discovered","","","0","https://github.com/BAITC-Hacks/hack-dbfb329b-34081n"
"1361414695","3eps","discovered","","","0","https://github.com/BAITC-Hacks/hack-f2f6b39a-3eps"
"1377515256","3MAP","ready","","6a00da00753debd5cf26911bb6377cc30de1131d","1","https://github.com/BAITC-Hacks/hack-2de2979e-3map"
"1373014040","4-0-4","discovered","","","0","https://github.com/BAITC-Hacks/hack-87fade6d-4-0-4"
"1368215913","404","discovered","","","0","https://github.com/BAITC-Hacks/hack-93b60efd-404"
"1371342553","404","discovered","","","0","https://github.com/BAITC-Hacks/hack-3f1d9e4f-404"
"1357149352","404 - Brain not Found","discovered","","","0","https://github.com/BAITC-Hacks/hack-50bab300-404---brain-not-found"
"1363007208","404 Brain Not Found","discovered","","","0","https://github.com/BAITC-Hacks/hack-f917f57e-404-brain-not-found"
"1375909387","404 not found","discovered","","","0","https://github.com/BAITC-Hacks/hack-688f6ca0-404-not-found"
"1374711773","404 Team Not Found","discovered","","","0","https://github.com/BAITC-Hacks/hack-c5aa2345-404-team-not-found"
"1379644834","404-ERROR","discovered","","","0","https://github.com/BAITC-Hacks/hack-b0c928a7-404-error"
"1373906356","404-NotFound","discovered","","","0","https://github.com/BAITC-Hacks/hack-ee5a3cd4-404-notfound"
"1368187139","404ExcusesNotFound","discovered","","","0","https://github.com/BAITC-Hacks/hack-65761fd7-404excusesnotfound"
"1377251130","404not found","discovered","","","0","https://github.com/BAITC-Hacks/hack-8692987e-404not-found"
"1369680754","404team","ready","","393f5f7d2572ef43322c91e9d9109d736b84a334","49","https://github.com/BAITC-Hacks/hack-0141a35d-404team"
"1381732655","4inaA","ready","","ca79812cdc4d2563a87ba630aa5225eaeaf2df31","1","https://github.com/BAITC-Hacks/hack-0e4828fe-4inaa"
"1377128556","4STEPS","discovered","","","0","https://github.com/BAITC-Hacks/hack-8a956652-4steps"
"1366669615","50 Tenge","discovered","","","0","https://github.com/BAITC-Hacks/hack-67979f3c-50-tenge"
"1375631937","500","discovered","","","0","https://github.com/BAITC-Hacks/hack-463a9525-500"
"1381701255","56jkf","discovered","","","0","https://github.com/BAITC-Hacks/hack-c05dd943-56jkf"
"1379173002","5narse","discovered","","","0","https://github.com/BAITC-Hacks/hack-eeca788f-5narse"
"1368567487","67","ready","","7577754bcfbc2202fb627274fea37b2f1c63e472","1","https://github.com/BAITC-Hacks/hack-04e7d2cf-67"
"1376341937","67","discovered","","","0","https://github.com/BAITC-Hacks/hack-d59a47be-67"
"1379892257","67","discovered","","","0","https://github.com/BAITC-Hacks/hack-99f78797-67"
"1381668959","6nywbndfzh-sketch","discovered","","","0","https://github.com/BAITC-Hacks/hack-992b6b76-6nywbndfzh-sketch"
"1372774107","7 S AI","discovered","","","0","https://github.com/BAITC-Hacks/hack-96ac4fd9-7-s-ai"
"1374236702","7-Solutions","ready","","923d2d78b31e40f7d569e6475b89024ed53facf5","42","https://github.com/BAITC-Hacks/hack-2d79bdb0-7-solutions"
"1381699897","707aydinnn","ready","","ed6fd7113005747f7f2a38f866fdb9cf383bd0df","1","https://github.com/BAITC-Hacks/hack-1909914b-707aydinnn"
"1381682622","707nrk","ready","","c4399716068055c3336146cdd24e52a5cbb6e3a9","1","https://github.com/BAITC-Hacks/hack-2348e2d0-707nrk"
"1379837471","7122.AI","ready","","479c14a94bb2ad4f90f172383a939833c9443b5b","1","https://github.com/BAITC-Hacks/hack-24a2b293-7122-ai"
"1366521478","7182","discovered","","","0","https://github.com/BAITC-Hacks/hack-6c2f55f4-7182"
"1374248084","7RL","discovered","","","0","https://github.com/BAITC-Hacks/hack-a0c09ce8-7rl"
"1381449005","7YA","ready","","00688b88d1d8b3f6b760f8904d82b1e8a5e463ef","6","https://github.com/BAITC-Hacks/hack-2f7b2539-7ya"
"1377239037","810","discovered","","","0","https://github.com/BAITC-Hacks/hack-8cfaecc5-810"
"1371550218","95","discovered","","","0","https://github.com/BAITC-Hacks/hack-f32457c2-95"
"1381636088","96-bit","discovered","","","0","https://github.com/BAITC-Hacks/hack-82eade86-96-bit"
"1381701368","9bye","ready","","f2125e873030e7d01fc24a8568c6844451b51daf","1","https://github.com/BAITC-Hacks/hack-190f7cde-9bye"
"1369825711","<   >","discovered","","","0","https://github.com/BAITC-Hacks/hack-830980ca-team"
"1376298560","< blank >","discovered","","","0","https://github.com/BAITC-Hacks/hack-3b47610b-blank"
"1369975422",">Cyb3rF1sh Team","ready","","6ce818b849a5d40e7b77f6ca31ce64707620ded7","1","https://github.com/BAITC-Hacks/hack-0731819f-cyb3rf1sh-team"
"1380127397","A&B Systems","discovered","","","0","https://github.com/BAITC-Hacks/hack-f02d3fd7-a-b-systems"
"1381655786","a-altybayev","ready","","7e1baab33812426611ec0ab3f27bb9e0b3e97561","1","https://github.com/BAITC-Hacks/hack-29fcafbf-a-altybayev"
"1381684667","a-atpv","discovered","","","0","https://github.com/BAITC-Hacks/hack-b9b1afc4-a-atpv"
"1377476882","A-I-J-O-B-A","discovered","","","0","https://github.com/BAITC-Hacks/hack-9483ccc2-a-i-j-o-b-a"
"1371275721","A-lN","discovered","","","0","https://github.com/BAITC-Hacks/hack-7ab49ed7-a-ln"
"1381655642","a-yermanov","discovered","","","0","https://github.com/BAITC-Hacks/hack-836a36ca-a-yermanov"
"1374430348","A.B.D","ready","","ba9460ee350021d75df82906234f1a8c529870ff","1","https://github.com/BAITC-Hacks/hack-2b573e4d-a-b-d"
"1381743355","a1gys","discovered","","","0","https://github.com/BAITC-Hacks/hack-f43416e1-a1gys"
"1381700274","a1ienpage","discovered","","","0","https://github.com/BAITC-Hacks/hack-d5556d03-a1ienpage"
"1381741601","a1medet","ready","","aec23a86e8caf1e93e5f464e86cca74e1e1a3ead","1","https://github.com/BAITC-Hacks/hack-1212c403-a1medet"
"1368696503","A1Teng3","ready","","024ff14636eb75bb4e865a2cb84c5eb827d06b6a","1","https://github.com/BAITC-Hacks/hack-20dfdf88-a1teng3"
"1377517974","A7","ready","","4ce3fdc4664c441510bceb1eda88df3ab7ab4e74","24","https://github.com/BAITC-Hacks/hack-17a0e36f-a7"
"1375586595","AAA","discovered","","","0","https://github.com/BAITC-Hacks/hack-9ebd97e6-aaa"
"1381730454","aaaf","discovered","","","0","https://github.com/BAITC-Hacks/hack-c15cf3d4-aaaf"
"1381640624","aaaneel","discovered","","","0","https://github.com/BAITC-Hacks/hack-3ad823b9-aaaneel"
"1360137066","AaaS","ready","","1dfb1a63defc33d4daa784265f28e3edd6c53330","1","https://github.com/BAITC-Hacks/hack-072373de-aaas"
"1381734364","aaldrrr","discovered","","","0","https://github.com/BAITC-Hacks/hack-e00c2f69-aaldrrr"
"1377170560","AAviators","ready","","acb7f5ec0a11e3629be795fd35becf07df58905b","1","https://github.com/BAITC-Hacks/hack-1a3f19e0-aaviators"
"1357098417","AB","discovered","","","0","https://github.com/BAITC-Hacks/hack-c0998de6-ab"
"1375768693","Ab.Ai","discovered","","","0","https://github.com/BAITC-Hacks/hack-96363301-ab-ai"
"1380245492","Ab_ai","discovered","","","0","https://github.com/BAITC-Hacks/hack-bf791639-ab-ai"
"1359444793","ABA","discovered","","","0","https://github.com/BAITC-Hacks/hack-bc59238c-aba"
"1353584635","AbaD3v","ready","","e647745cd7dfc9db427a79fdc9c02abe6a6b41ad","77","https://github.com/BAITC-Hacks/hack-24c03e7c-abad3v"
"1374794170","Abay","discovered","","","0","https://github.com/BAITC-Hacks/hack-73b14c4f-abay"
"1381731866","abaymukhtaruly","discovered","","","0","https://github.com/BAITC-Hacks/hack-8a624d39-abaymukhtaruly"
"1381688144","abbbrrdev","ready","","b7ab1d282b572fa9bd394825b15bcc4e0a92e0bf","1","https://github.com/BAITC-Hacks/hack-1daa521e-abbbrrdev"
"1364023731","Abda","discovered","","","0","https://github.com/BAITC-Hacks/hack-f9a69dc6-abda"
"1371339444","Abda","discovered","","","0","https://github.com/BAITC-Hacks/hack-7edf5ab9-abda"
"1381675444","abdiraiymzhandos","discovered","","","0","https://github.com/BAITC-Hacks/hack-be4c96ff-abdiraiymzhandos"
"1381673097","Abdullah-m7","discovered","","","0","https://github.com/BAITC-Hacks/hack-c9dc7359-abdullah-m7"
"1381750279","Abekemyn","discovered","","","0","https://github.com/BAITC-Hacks/hack-51d4ed6d-abekemyn"
"1381685341","abeq52ngg","discovered","","","0","https://github.com/BAITC-Hacks/hack-fbddd0df-abeq52ngg"
"1361983736","Abilmansur","ready","","82cb8b263ef66d0857015b4710ecd33a7cff185d","72","https://github.com/BAITC-Hacks/hack-060fcaa6-abilmansur"
"1376154141","Abobus","ready","","dbaba76d53d9190a530f4bfe6e3afbefffbf40c4","1","https://github.com/BAITC-Hacks/hack-1fcbcfcd-abobus"
"1373343483","Absolute-Zero","discovered","","","0","https://github.com/BAITC-Hacks/hack-c96d22c2-absolute-zero"
"1381725825","Abu-abu-abu","discovered","","","0","https://github.com/BAITC-Hacks/hack-60afd97f-abu-abu-abu"
"1381260076","Abundio AI","discovered","","","0","https://github.com/BAITC-Hacks/hack-829e7e8a-abundio-ai"
"1374103712","Abyl-Ai","discovered","","","0","https://github.com/BAITC-Hacks/hack-7305523c-abyl-ai"
"1381742263","Abylaikhan1234","discovered","","","0","https://github.com/BAITC-Hacks/hack-59fc03ca-abylaikhan1234"
"1381761706","AbylaiSekerbek7","discovered","","","0","https://github.com/BAITC-Hacks/hack-5f94f782-abylaisekerbek7"
"1366068047","ABZHURD","discovered","","","0","https://github.com/BAITC-Hacks/hack-b5cf38a5-abzhurd"
"1381727043","AbzX12206","discovered","","","0","https://github.com/BAITC-Hacks/hack-51250d67-abzx12206"
"1369612517","ACE","discovered","","","0","https://github.com/BAITC-Hacks/hack-738ddcc2-ace"
"1374321684","ACE","discovered","","","0","https://github.com/BAITC-Hacks/hack-3dbc6029-ace"
"1374320615","AceForce","discovered","","","0","https://github.com/BAITC-Hacks/hack-62902277-aceforce"
"1379755306","AceForce","ready","","7a908e399ca2bab608b9a942ae9207178f6ff79c","1","https://github.com/BAITC-Hacks/hack-33a7b7ea-aceforce"
"1381695189","AcidFog","discovered","","","0","https://github.com/BAITC-Hacks/hack-5385b9f9-acidfog"
"1379433861","Acing","discovered","","","0","https://github.com/BAITC-Hacks/hack-82e6ec29-acing"
"1377955271","ActuaryX","discovered","","","0","https://github.com/BAITC-Hacks/hack-7b1f41c4-actuaryx"
"1375430758","AD","discovered","","","0","https://github.com/BAITC-Hacks/hack-5ce9b0a5-ad"
"1381657135","AdaiWard","discovered","","","0","https://github.com/BAITC-Hacks/hack-a560ee98-adaiward"
"1364594885","Adam Dark","discovered","","","0","https://github.com/BAITC-Hacks/hack-9a0e4e3e-adam-dark"
"1381742618","adam314dl-bit","discovered","","","0","https://github.com/BAITC-Hacks/hack-468efe9b-adam314dl-bit"
"1378614302","AdamovasTeam","discovered","","","0","https://github.com/BAITC-Hacks/hack-8a0acd38-adamovasteam"
"1374342859","ADAY","ready","","efd6ba3af323f234fea43200d9f5859858eb5c44","32","https://github.com/BAITC-Hacks/hack-1c4513ed-aday"
"1363940544","ADD","discovered","","","0","https://github.com/BAITC-Hacks/hack-893d46fc-add"
"1381734111","addazziia","discovered","","","0","https://github.com/BAITC-Hacks/hack-e6db91d6-addazziia"
"1374988440","Ademashki","discovered","","","0","https://github.com/BAITC-Hacks/hack-fabf1860-ademashki"
"1379151616","Ademis","ready","","0b9e6ca88745c95f8b215135b75e34222995f0db","1","https://github.com/BAITC-Hacks/hack-0b79535f-ademis"
"1381665372","adiezz","ready","","9c67adacd3072a2a37ca896aca47811a705cee63","1","https://github.com/BAITC-Hacks/hack-0173b971-adiezz"
"1354639170","Adil","discovered","","","0","https://github.com/BAITC-Hacks/hack-4c17786c-adil"
"1381668847","Adil54521","discovered","","","0","https://github.com/BAITC-Hacks/hack-602d9678-adil54521"
"1381652711","Adil67Zoro","discovered","","","0","https://github.com/BAITC-Hacks/hack-b82be095-adil67zoro"
"1379507301","Adil_Alem","discovered","","","0","https://github.com/BAITC-Hacks/hack-ee3bcfa5-adil-alem"
"1381646484","adilbayevmiras","discovered","","","0","https://github.com/BAITC-Hacks/hack-d1c2a3df-adilbayevmiras"
"1361073627","Adilet AI","discovered","","","0","https://github.com/BAITC-Hacks/hack-cce91bcc-adilet-ai"
"1381740809","adiletb","discovered","","","0","https://github.com/BAITC-Hacks/hack-4ee291da-adiletb"
"1377376974","adiletfndr","ready","","95c1ee7c031f42bbf4a31836e77f73c9d7b6a118","1","https://github.com/BAITC-Hacks/hack-0e9cfe41-adiletfndr"
"1381625283","adilettorebekjob-cell","discovered","","","0","https://github.com/BAITC-Hacks/hack-f4e57bb4-adilettorebekjob-cell"
"1381664177","adilomarhani4","discovered","","","0","https://github.com/BAITC-Hacks/hack-56c90761-adilomarhani4"
"1381753119","Adilzhanz","discovered","","","0","https://github.com/BAITC-Hacks/hack-b179386d-adilzhanz"
"1381710678","adilzhns","ready","","c5881a148f933916d10cc4909fdcac2fa7bce8bc","1","https://github.com/BAITC-Hacks/hack-2f7973cd-adilzhns"
"1381750503","Adina00-tech","discovered","","","0","https://github.com/BAITC-Hacks/hack-f4d6026c-adina00-tech"
"1364814196","Adios","discovered","","","0","https://github.com/BAITC-Hacks/hack-58e0c143-adios"
"1371329444","adios","discovered","","","0","https://github.com/BAITC-Hacks/hack-a50107ae-adios"
"1381737390","Adkhamov","discovered","","","0","https://github.com/BAITC-Hacks/hack-f01ce00c-adkhamov"
"1374161322","ADLabs","discovered","","","0","https://github.com/BAITC-Hacks/hack-6a0e416e-adlabs"
"1381757231","ADLESUS","discovered","","","0","https://github.com/BAITC-Hacks/hack-b2375297-adlesus"
"1381699337","adlet29","discovered","","","0","https://github.com/BAITC-Hacks/hack-5619f72f-adlet29"
"1381757400","adlmks","discovered","","","0","https://github.com/BAITC-Hacks/hack-69586575-adlmks"
"1381661514","ADRENOL1NE","discovered","","","0","https://github.com/BAITC-Hacks/hack-c273b2c0-adrenol1ne"
"1366764240","Ads Tech","discovered","","","0","https://github.com/BAITC-Hacks/hack-7d91ac57-ads-tech"
"1362612084","ae19","discovered","","","0","https://github.com/BAITC-Hacks/hack-b03d52a0-ae19"
"1374767800","Aegis","discovered","","","0","https://github.com/BAITC-Hacks/hack-90265507-aegis"
"1381642658","Aeka","ready","","afb7e0c677c91ea60ff364afbd106ab9b14b451d","1","https://github.com/BAITC-Hacks/hack-12f7aee2-aeka"
"1371799564","AELQORA","ready","","32d27098f64226a631ab68f8addb4940de6b6a43","1","https://github.com/BAITC-Hacks/hack-22553d6a-aelqora"
"1378570531","AetheriaCraft","ready","","16d37921194b22e2972f8acc1de4e2b5d6e46b58","1","https://github.com/BAITC-Hacks/hack-0f76815a-aetheriacraft"
"1366595589","AetherixA","discovered","","","0","https://github.com/BAITC-Hacks/hack-9199ebad-aetherixa"
"1354710833","Aevix","discovered","","","0","https://github.com/BAITC-Hacks/hack-fe3472cb-aevix"
"1379802481","Aevix","discovered","","","0","https://github.com/BAITC-Hacks/hack-eb092006-aevix"
"1364761412","AEZ Tech","ready","","1f1960581923cb74c1843b2d9d8054b344c1db64","38","https://github.com/BAITC-Hacks/hack-0ab753f5-aez-tech"
"1381656999","affosya","discovered","","","0","https://github.com/BAITC-Hacks/hack-b5e81a48-affosya"
"1381731389","Agadinova","discovered","","","0","https://github.com/BAITC-Hacks/hack-83b117c5-agadinova"
"1368806944","AgentForge","discovered","","","0","https://github.com/BAITC-Hacks/hack-6fcd7f48-agentforge"
"1379597633","AgentForge","discovered","","","0","https://github.com/BAITC-Hacks/hack-a6d204dd-agentforge"
"1370354109","Agentic Shift","discovered","","","0","https://github.com/BAITC-Hacks/hack-daf34cd2-agentic-shift"
"1381754369","agneseverhot","discovered","","","0","https://github.com/BAITC-Hacks/hack-c85a42f5-agneseverhot"
"1361460917","AgriAgro","ready","","81d7e9ba60c18fa3afd108790b15575c800908e5","1","https://github.com/BAITC-Hacks/hack-28abddfa-agriagro"
"1370353840","AGRO-kings","discovered","","","0","https://github.com/BAITC-Hacks/hack-f97b9312-agro-kings"
"1374430313","Agro-Pulse","discovered","","","0","https://github.com/BAITC-Hacks/hack-c8b7404d-agro-pulse"
"1379497980","Agro-Pulse","discovered","","","0","https://github.com/BAITC-Hacks/hack-a8324dfc-agro-pulse"
"1377091234","Agroalem","discovered","","","0","https://github.com/BAITC-Hacks/hack-dcb251c0-agroalem"
"1374674135","agrob2bsaas","ready","","a8a4fb3c9a8072b1b5c163d58e7ffd9ee6f68402","1","https://github.com/BAITC-Hacks/hack-3314b386-agrob2bsaas"
"1377498063","Agroinovators","discovered","","","0","https://github.com/BAITC-Hacks/hack-fa4ed5d3-agroinovators"
"1377303274","AgroMind","discovered","","","0","https://github.com/BAITC-Hacks/hack-c67265be-agromind"
"1378234477","AGV-solutions","discovered","","","0","https://github.com/BAITC-Hacks/hack-5f6a1c38-agv-solutions"
"1373520018","Ah Shit, Here We Code Again","discovered","","","0","https://github.com/BAITC-Hacks/hack-71f6ba34-ah-shit-here-we-code-again"
"1381275876","Ahjin","discovered","","","0","https://github.com/BAITC-Hacks/hack-5ec2c171-ahjin"
"1381761818","ahmed","ready","","3e23636a81cfcfe20b9e22fd38a1f11e0206bcb8","1","https://github.com/BAITC-Hacks/hack-1a147962-ahmed"
"1381730894","ahmetovakunimai-bit","discovered","","","0","https://github.com/BAITC-Hacks/hack-d2994d93-ahmetovakunimai-bit"
"1373486310","AI - Bolashaq SanaTil W","discovered","","","0","https://github.com/BAITC-Hacks/hack-92f67f3d-ai---bolashaq-sanatil-w"
"1374287950","AI - Bolashaq SanaTili W","ready","","f50d4925f73a20c7c421b6a0bdd653f315cd1a25","1","https://github.com/BAITC-Hacks/hack-1a31674c-ai---bolashaq-sanatili-w"
"1381263602","AI - ITM - 262","ready","","7e70ae99977e6ccf1b68a1d3d514f58168619055","1","https://github.com/BAITC-Hacks/hack-24f400eb-ai---itm---262"
"1361439188","AI Association","ready","","88e001f8d2626afbb4330bd938c06aeb18546c75","99","https://github.com/BAITC-Hacks/hack-0a6c3bd5-ai-association"
"1378459968","AI B2B SAAS","ready","","2b44abb4b6a8a04496d10641dae45f18cc65565c","1","https://github.com/BAITC-Hacks/hack-36111284-ai-b2b-saas"
"1379876911","AI concept","discovered","","","0","https://github.com/BAITC-Hacks/hack-f1308491-ai-concept"
"1374652480","AI first","discovered","","","0","https://github.com/BAITC-Hacks/hack-88a39031-ai-first"
"1374359007","AI freaks","ready","","0ef6b20f12c9c2302d346901af974b43889e393d","1","https://github.com/BAITC-Hacks/hack-349b35dc-ai-freaks"
"1370456845","AI geniuses","discovered","","","0","https://github.com/BAITC-Hacks/hack-a917a1bd-ai-geniuses"
"1377112537","AI GROUP","discovered","","","0","https://github.com/BAITC-Hacks/hack-bb4227ff-ai-group"
"1365675218","AI GYRLAR","discovered","","","0","https://github.com/BAITC-Hacks/hack-ed15a85e-ai-gyrlar"
"1371270218","AI hackers","ready","","8d6fc9ba36512e4047d61259290de5859c0d4368","41","https://github.com/BAITC-Hacks/hack-33b5be11-ai-hackers"
"1379798711","AI hackers","ready","","da4704363d03c1c6546f9bcd7552247220f50e98","5","https://github.com/BAITC-Hacks/hack-296d786f-ai-hackers"
"1374678149","AI Health Lab","discovered","","","0","https://github.com/BAITC-Hacks/hack-c51eb373-ai-health-lab"
"1367562092","Ai Job Hunter","discovered","","","0","https://github.com/BAITC-Hacks/hack-dbab4d08-ai-job-hunter"
"1376891386","AI love","ready","","4604944d61fef170eea4c1a37d400930b8d7e5a0","1","https://github.com/BAITC-Hacks/hack-09dcde1b-ai-love"
"1373183267","AI luna","ready","","a72d1901172845b1439dc0637b0e8442ecd7dd4f","1","https://github.com/BAITC-Hacks/hack-0eb56de7-ai-luna"
"1379462158","Ai master","ready","","02e8fa4df8a1b854eed8c8c174d655b5d21a4846","1","https://github.com/BAITC-Hacks/hack-2976c7bf-ai-master"
"1379741718","AI ORDA","unclassified","","e96298877cd8e0f03555f2d218ef5f0991ff7d6e","4","https://github.com/BAITC-Hacks/hack-02e400cc-ai-orda"
"1377461839","AI Prime","discovered","","","0","https://github.com/BAITC-Hacks/hack-41cbab61-ai-prime"
"1371303893","ai solution","discovered","","","0","https://github.com/BAITC-Hacks/hack-467d9aad-ai-solution"
"1378189276","Ai Solution","discovered","","","0","https://github.com/BAITC-Hacks/hack-77c52576-ai-solution"
"1367415536","AI Startup 67","discovered","","","0","https://github.com/BAITC-Hacks/hack-c022a2c4-ai-startup-67"
"1364705690","AI-07","discovered","","","0","https://github.com/BAITC-Hacks/hack-66156615-ai-07"
"1378602090","AI-Abramyans","discovered","","","0","https://github.com/BAITC-Hacks/hack-4054a8a1-ai-abramyans"
"1371485664","AI-ANA","discovered","","","0","https://github.com/BAITC-Hacks/hack-3c47c506-ai-ana"
"1371293085","Ai-aqsha","ready","","65a2e08107e7d1cb6ab24a08c07d24fe6f366425","1","https://github.com/BAITC-Hacks/hack-095283b5-ai-aqsha"
"1371271385","ai-b2b-saas","discovered","","","0","https://github.com/BAITC-Hacks/hack-b58dbbaf-ai-b2b-saas"
"1373483387","AI-Batyr","discovered","","","0","https://github.com/BAITC-Hacks/hack-7c96e04e-ai-batyr"
"1379877772","AI-COM","discovered","","","0","https://github.com/BAITC-Hacks/hack-c89e4d11-ai-com"
"1375557984","AI-Concept","discovered","","","0","https://github.com/BAITC-Hacks/hack-d37d6c63-ai-concept"
"1372954304","AI-CONNECT","discovered","","","0","https://github.com/BAITC-Hacks/hack-774a573a-ai-connect"
"1377134963","AI-CZHS","ready","","6f50acc38643c2903b5892745db6a9d77b9793d3","1","https://github.com/BAITC-Hacks/hack-14755d73-ai-czhs"
"1374115294","AI-Dala","discovered","","","0","https://github.com/BAITC-Hacks/hack-7b3828fb-ai-dala"
"1376965728","AI-DANA","ready","","9fb0c25cd41a0409711fa327f2ca9d0a5854dccc","1","https://github.com/BAITC-Hacks/hack-03875442-ai-dana"
"1376997909","Ai-DH","discovered","","","0","https://github.com/BAITC-Hacks/hack-8b62ba58-ai-dh"
"1363033782","AI-Dostar","ready","","8c22d049347aa7cc4a0c12d06c60be86ba7557b2","72","https://github.com/BAITC-Hacks/hack-1404e13c-ai-dostar"
"1371329543","AI-Dostar","ready","","13ee855d85bf648455ec1f15b0ecaeb65fa6b13b","1","https://github.com/BAITC-Hacks/hack-1e23631c-ai-dostar"
"1361441270","AI-Finance","discovered","","","0","https://github.com/BAITC-Hacks/hack-c4463702-ai-finance"
"1362268378","AI-first","discovered","","","0","https://github.com/BAITC-Hacks/hack-c918bf2e-ai-first"
"1379717569","AI-first-repitition","ready","","420b9e4b0b93ef085ca5e05ff2a8756bde6d8e64","9","https://github.com/BAITC-Hacks/hack-11679907-ai-first-repitition"
"1369319448","AI-House","discovered","","","0","https://github.com/BAITC-Hacks/hack-423e0010-ai-house"
"1375974027","AI-huibo","discovered","","","0","https://github.com/BAITC-Hacks/hack-67993b43-ai-huibo"
"1372868395","ai-humans","discovered","","","0","https://github.com/BAITC-Hacks/hack-c88c7652-ai-humans"
"1379804786","ai-intel","discovered","","","0","https://github.com/BAITC-Hacks/hack-bf984c3e-ai-intel"
"1374134136","AI-Just","discovered","","","0","https://github.com/BAITC-Hacks/hack-4b695b60-ai-just"
"1375568888","AI-kazNU","discovered","","","0","https://github.com/BAITC-Hacks/hack-5a5a6cf1-ai-kaznu"
"1373867887","AI-Krusty-Krab","ready","","6ca9fbe9880191373948ebbe1c7e7f5e43a427b0","64","https://github.com/BAITC-Hacks/hack-30bde13e-ai-krusty-krab"
"1379823700","Ai-lar","ready","","8ece0a055bebd2e41512f1550854dbbbf0ab4e24","1","https://github.com/BAITC-Hacks/hack-1a71ce0b-ai-lar"
"1369448666","AI-Larpers","ready","","5e563c72a3958fe1698a50ae26d54157379cfb26","1","https://github.com/BAITC-Hacks/hack-25d30092-ai-larpers"
"1371393358","AI-master","discovered","","","0","https://github.com/BAITC-Hacks/hack-6786e96b-ai-master"
"1373482382","AI-meisters","ready","","d947104f23824f8b6fbab3aadba98dfedeef96e6","1","https://github.com/BAITC-Hacks/hack-25bf61be-ai-meisters"
"1375945618","AI-mighty","ready","","eeedbbfe24de2555f73b3900d7f71c50aa08ae95","1","https://github.com/BAITC-Hacks/hack-0a079e17-ai-mighty"
"1365746386","AI-NAM","discovered","","","0","https://github.com/BAITC-Hacks/hack-8cb43e3f-ai-nam"
"1378673367","AI-NS","discovered","","","0","https://github.com/BAITC-Hacks/hack-7554b3ea-ai-ns"
"1364090857","AI-PAVLODAR","discovered","","","0","https://github.com/BAITC-Hacks/hack-96c40b2f-ai-pavlodar"
"1375851303","Ai-power","discovered","","","0","https://github.com/BAITC-Hacks/hack-cfe08d04-ai-power"
"1368190728","AI-Problem","discovered","","","0","https://github.com/BAITC-Hacks/hack-c998cc7c-ai-problem"
"1375834804","AI-Products_KZ","discovered","","","0","https://github.com/BAITC-Hacks/hack-89af3dd3-ai-products-kz"
"1363126437","AI-QAITU","ready","","00f212ffbef000ce9487a1636cede9b23d762204","74","https://github.com/BAITC-Hacks/hack-0dd0a2e7-ai-qaitu"
"1371338870","AI-QAITU","discovered","","","0","https://github.com/BAITC-Hacks/hack-b68bc0db-ai-qaitu"
"1377473323","AI-Rael","discovered","","","0","https://github.com/BAITC-Hacks/hack-99ad3730-ai-rael"
"1366475398","AI-Rehub","discovered","","","0","https://github.com/BAITC-Hacks/hack-7f85cb98-ai-rehub"
"1371750381","AI-Sana","discovered","","","0","https://github.com/BAITC-Hacks/hack-d4b2013f-ai-sana"
"1369542816","AI-SECO","ready","","eb654170156a604369af7aea6233691f5f97a2cd","84","https://github.com/BAITC-Hacks/hack-1518be83-ai-seco"
"1377146866","Ai-solo","ready","","7c3992ae6b42831b36647ad0338cb7ae93a5235d","88","https://github.com/BAITC-Hacks/hack-22e532a4-ai-solo"
"1372532364","AI-Solutio","discovered","","","0","https://github.com/BAITC-Hacks/hack-3f7a638f-ai-solutio"
"1347165577","AI-Solution","discovered","","","0","https://github.com/BAITC-Hacks/hack-c27ef8b2-ai-solution"
"1377513710","AI-Solution7","discovered","","","0","https://github.com/BAITC-Hacks/hack-5def685e-ai-solution7"
"1374050180","AI-solutions","discovered","","","0","https://github.com/BAITC-Hacks/hack-7de27e4a-ai-solutions"
"1377062574","AI-tech","discovered","","","0","https://github.com/BAITC-Hacks/hack-fb12160c-ai-tech"
"1287916108","Ai-test","ready","","53d04bf817a4d79373b52eb1bcc258e10fc9a6d8","15","https://github.com/BAITC-Hacks/hack-36367827-ai-test"
"1377471647","AI-true-seekers","discovered","","","0","https://github.com/BAITC-Hacks/hack-8dec28f9-ai-true-seekers"
"1374399011","AI-TungTungSolution","ready","","a32c53ceff30acba65adf47352b80f2a7f135f50","98","https://github.com/BAITC-Hacks/hack-1c82c8eb-ai-tungtungsolution"
"1363521336","AI-UoM","discovered","","","0","https://github.com/BAITC-Hacks/hack-bc3b7c7d-ai-uom"
"1379684499","Ai-UoM-Test","discovered","","","0","https://github.com/BAITC-Hacks/hack-96f31891-ai-uom-test"
"1379458424","AI-Ustaz","discovered","","","0","https://github.com/BAITC-Hacks/hack-ab5a0ff5-ai-ustaz"
"1362224826","AI-virtuoso","discovered","","","0","https://github.com/BAITC-Hacks/hack-69ec16f0-ai-virtuoso"
"1362213752","AI4EDU","discovered","","","0","https://github.com/BAITC-Hacks/hack-395e4fb2-ai4edu"
"1379922553","AI4EDU","discovered","","","0","https://github.com/BAITC-Hacks/hack-e8cce473-ai4edu"
"1375771895","ai_saas","discovered","","","0","https://github.com/BAITC-Hacks/hack-95fc7cab-ai-saas"
"1379456924","AI_Travel","ready","","daccd1bf1d9de0556160c086bbd2d13b15264a3f","1","https://github.com/BAITC-Hacks/hack-25bd2ca9-ai-travel"
"1379838455","aiai","ready","","c44e91d8b053c2e8cd2bfafd789f1e02a390bc42","35","https://github.com/BAITC-Hacks/hack-160aab26-aiai"
"1381703583","aiaru","discovered","","","0","https://github.com/BAITC-Hacks/hack-c62598bd-aiaru"
"1381689758","aiarumyzamkhan178-sys","discovered","","","0","https://github.com/BAITC-Hacks/hack-471b2109-aiarumyzamkhan178-sys"
"1376867290","Aiastana","discovered","","","0","https://github.com/BAITC-Hacks/hack-e8e2753c-aiastana"
"1379540477","AIB2BSAAS67","ready","","4def3828140554eea1c12109dad38fe959b427e0","1","https://github.com/BAITC-Hacks/hack-23439350-aib2bsaas67"
"1368299220","AIB2BSaaSSixSeven","discovered","","","0","https://github.com/BAITC-Hacks/hack-ef3da0e3-aib2bsaassixseven"
"1381681521","Aibar","ready","","3f0fc50b4ee8f6b5ddecc8620645f8388da0083a","1","https://github.com/BAITC-Hacks/hack-08ffcbee-aibar"
"1381675210","Aibarrr","discovered","","","0","https://github.com/BAITC-Hacks/hack-5758b527-aibarrr"
"1381627713","aibekaitu","ready","","8382d79ba216ad5968950e49e3ef01cc312a0ce0","1","https://github.com/BAITC-Hacks/hack-008d5ae8-aibekaitu"
"1374321123","AIbenders","discovered","","","0","https://github.com/BAITC-Hacks/hack-ed43b928-aibenders"
"1381752892","aibergen74-create","discovered","","","0","https://github.com/BAITC-Hacks/hack-92d1ae18-aibergen74-create"
"1358942084","Aid Soccer","discovered","","","0","https://github.com/BAITC-Hacks/hack-dd3ffc75-aid-soccer"
"1377378124","AIDADOC","discovered","","","0","https://github.com/BAITC-Hacks/hack-79847f33-aidadoc"
"1381647748","aidadospanbetova01-hash","ready","","3a0a4dc4bbc3ef5534876b00c838607d1161eae6","1","https://github.com/BAITC-Hacks/hack-3149b2a3-aidadospanbetova01-hash"
"1381684258","Aidadulatbek","ready","","315a6dda24c7c57ed4eaa7e4a86dbe4925ed3af9","1","https://github.com/BAITC-Hacks/hack-1cc54c60-aidadulatbek"
"1367225130","AIDAHAR","discovered","","","0","https://github.com/BAITC-Hacks/hack-9d225095-aidahar"
"1381651415","aidana-zhanadilkyzy","discovered","","","0","https://github.com/BAITC-Hacks/hack-7e9cc853-aidana-zhanadilkyzy"
"1381707944","Aidana559","discovered","","","0","https://github.com/BAITC-Hacks/hack-4dd899ae-aidana559"
"1381749904","Aidana66","ready","","3385f7efd6f3e39439fc98d54e41594cd6b02bf9","1","https://github.com/BAITC-Hacks/hack-0f715393-aidana66"
"1381659831","Aidanaa","discovered","","","0","https://github.com/BAITC-Hacks/hack-6509643d-aidanaa"
"1381702764","Aidar","discovered","","","0","https://github.com/BAITC-Hacks/hack-f760a1e6-aidar"
"1381759312","aidarinho2017","discovered","","","0","https://github.com/BAITC-Hacks/hack-d6adb3d0-aidarinho2017"
"1381667337","aidatursinxan-cell","ready","","cb612b78363184b2af71141dbf39b201e970a0a1","1","https://github.com/BAITC-Hacks/hack-244f25c0-aidatursinxan-cell"
"1374215162","AIdea","discovered","","","0","https://github.com/BAITC-Hacks/hack-df23d7ad-aidea"
"1369448012","AIDIA TECH","discovered","","","0","https://github.com/BAITC-Hacks/hack-486f4ef8-aidia-tech"
"1381695851","Aidin","discovered","","","0","https://github.com/BAITC-Hacks/hack-8a047829-aidin"
"1381705031","Aidoch","ready","","04eb20974c91d055130c6b17a22e63afa47703b0","1","https://github.com/BAITC-Hacks/hack-0835c8f3-aidoch"
"1363739357","Aidos team","discovered","","","0","https://github.com/BAITC-Hacks/hack-f049b4c3-aidos-team"
"1379934118","AIDOSTAR","discovered","","","0","https://github.com/BAITC-Hacks/hack-c130b5eb-aidostar"
"1367583952","aidynbot","discovered","","","0","https://github.com/BAITC-Hacks/hack-f1d8f64d-aidynbot"
"1379453482","AIForFun","discovered","","","0","https://github.com/BAITC-Hacks/hack-f26d1c1f-aiforfun"
"1364533475","aigaalac","discovered","","","0","https://github.com/BAITC-Hacks/hack-7859a9cd-aigaalac"
"1381671144","aigeraflower94-dotcom","ready","","7a3d654fb5e4d9a2ce135b7d481245f3c37cf7d6","1","https://github.com/BAITC-Hacks/hack-13396ec0-aigeraflower94-dotcom"
"1381702123","aigerimelkeeva07-hash","discovered","","","0","https://github.com/BAITC-Hacks/hack-9cdf3446-aigerimelkeeva07-hash"
"1381722869","Aigul","discovered","","","0","https://github.com/BAITC-Hacks/hack-a24367bf-aigul"
"1375868843","Aijok","discovered","","","0","https://github.com/BAITC-Hacks/hack-d6f9f1c0-aijok"
"1374088576","AIKNUS","discovered","","","0","https://github.com/BAITC-Hacks/hack-d7475284-aiknus"
"1377118884","AIKYN BUILD","ready","","88dbbb5a591615ef3446441fa232152657c707d4","28","https://github.com/BAITC-Hacks/hack-30b4fd86-aikyn-build"
"1379872265","AIKYN-SUN","discovered","","","0","https://github.com/BAITC-Hacks/hack-5e8919bb-aikyn-sun"
"1381634040","ailik16","ready","","ece675f8d9c70e709840fd8e2ff7cb2f66dd963a","1","https://github.com/BAITC-Hacks/hack-2ecb4a6f-ailik16"
"1364706489","AIM","ready","","4339345777700145f2492274e7466f1f12a4d3ff","112","https://github.com/BAITC-Hacks/hack-32f862cb-aim"
"1373255534","AIMAX-YE","discovered","","","0","https://github.com/BAITC-Hacks/hack-4beb04d7-aimax-ye"
"1358403079","Aimens","ready","","4909f2915282ab8fc012944387ecd3ae8ce52a92","96","https://github.com/BAITC-Hacks/hack-0ae2732e-aimens"
"1381624094","ainalineast-coder","discovered","","","0","https://github.com/BAITC-Hacks/hack-e384891b-ainalineast-coder"
"1375597094","Ainalym","discovered","","","0","https://github.com/BAITC-Hacks/hack-d8ff09f7-ainalym"
"1360301145","AInsomnia","ready","","d1ebbc06836b7e974607450266b9d75560f82521","1","https://github.com/BAITC-Hacks/hack-1a19a140-ainsomnia"
"1360374256","AInterns","discovered","","","0","https://github.com/BAITC-Hacks/hack-6ad98f4c-ainterns"
"1371396805","AInterns","ready","","ee36c43e8560c054b4b41eda7a1b3e745adb5cb8","1","https://github.com/BAITC-Hacks/hack-1ac91c9f-ainterns"
"1381631105","ainurb","discovered","","","0","https://github.com/BAITC-Hacks/hack-3db37360-ainurb"
"1353925330","aipunks","discovered","","","0","https://github.com/BAITC-Hacks/hack-d2c4660e-aipunks"
"1374784803","Air Duo Company","ready","","2e8d1071e4283b862a453b90eb6686b9e325d99f","1","https://github.com/BAITC-Hacks/hack-080151db-air-duo-company"
"1363271268","AirBenders","discovered","","","0","https://github.com/BAITC-Hacks/hack-af6afd4e-airbenders"
"1378327790","AiRun","discovered","","","0","https://github.com/BAITC-Hacks/hack-be19401f-airun"
"1381642811","aisdav","discovered","","","0","https://github.com/BAITC-Hacks/hack-f7c126ca-aisdav"
"1381721161","aishasdfg520","discovered","","","0","https://github.com/BAITC-Hacks/hack-3e9c02a1-aishasdfg520"
"1381700924","aishat2006-blip","discovered","","","0","https://github.com/BAITC-Hacks/hack-d5e165c6-aishat2006-blip"
"1363823052","AISHIELD","discovered","","","0","https://github.com/BAITC-Hacks/hack-d8fa2a15-aishield"
"1364662616","AIshishi","discovered","","","0","https://github.com/BAITC-Hacks/hack-effb6ebc-aishishi"
"1379485418","AISlop","discovered","","","0","https://github.com/BAITC-Hacks/hack-f79e3561-aislop"
"1361443198","aisol","ready","","51491e5594ca0ef7bde8f0c27a4431c218e8439b","1","https://github.com/BAITC-Hacks/hack-0ffac112-aisol"
"1377460519","AIst","discovered","","","0","https://github.com/BAITC-Hacks/hack-a49579e6-aist"
"1366426019","AIstana","discovered","","","0","https://github.com/BAITC-Hacks/hack-b0bbcbb2-aistana"
"1363843495","Aitalent","discovered","","","0","https://github.com/BAITC-Hacks/hack-476d5925-aitalent"
"1366222371","AItech","discovered","","","0","https://github.com/BAITC-Hacks/hack-f1563a6c-aitech"
"1381729532","Aitolkyn","discovered","","","0","https://github.com/BAITC-Hacks/hack-86aecb7f-aitolkyn"
"1379823449","Aitop","discovered","","","0","https://github.com/BAITC-Hacks/hack-e58cc84c-aitop"
"1370104652","aitu_sila","discovered","","","0","https://github.com/BAITC-Hacks/hack-92dfcfb6-aitu-sila"
"1376036122","AITUBOYSBAND","discovered","","","0","https://github.com/BAITC-Hacks/hack-580da459-aituboysband"
"1356494284","AItushka","discovered","","","0","https://github.com/BAITC-Hacks/hack-912ce0e6-aitushka"
"1381645900","aiuonagpronapf-bit","discovered","","","0","https://github.com/BAITC-Hacks/hack-47680ca7-aiuonagpronapf-bit"
"1378459857","AIVA","discovered","","","0","https://github.com/BAITC-Hacks/hack-462c549c-aiva"
"1362593786","AIVIOM","discovered","","","0","https://github.com/BAITC-Hacks/hack-6ee0248f-aiviom"
"1371328032","AIVIOM","discovered","","","0","https://github.com/BAITC-Hacks/hack-d5b7459d-aiviom"
"1373449754","Aivora","discovered","","","0","https://github.com/BAITC-Hacks/hack-e7e6d067-aivora"
"1363052474","AiWibe","discovered","","","0","https://github.com/BAITC-Hacks/hack-6619948f-aiwibe"
"1374123977","Aiwilltakeourjob","ready","","5e5f1e2985d92735cf3a94da7cb8f3ad13918710","1","https://github.com/BAITC-Hacks/hack-246be041-aiwilltakeourjob"
"1379916208","AIWorld","discovered","","","0","https://github.com/BAITC-Hacks/hack-88051224-aiworld"
"1381680049","Aiym","discovered","","","0","https://github.com/BAITC-Hacks/hack-43719839-aiym"
"1381651308","aiymmm","discovered","","","0","https://github.com/BAITC-Hacks/hack-7109c5d4-aiymmm"
"1381745059","aizada5","discovered","","","0","https://github.com/BAITC-Hacks/hack-5c8d80fd-aizada5"
"1376131800","AIZAK","discovered","","","0","https://github.com/BAITC-Hacks/hack-b82ccf3d-aizak"
"1379940416","Aizak test","discovered","","","0","https://github.com/BAITC-Hacks/hack-87977973-aizak-test"
"1381695613","aizerezhanbolat","discovered","","","0","https://github.com/BAITC-Hacks/hack-c5184f38-aizerezhanbolat"
"1381654947","aizhan","discovered","","","0","https://github.com/BAITC-Hacks/hack-a5e4820a-aizhan"
"1377296159","AIZheka","ready","","3c42cc307c40f49238f610449f01ce5b2230711b","29","https://github.com/BAITC-Hacks/hack-272a574e-aizheka"
"1381666265","Aizhuldyz","ready","","07fc67c186e5f99f013f86ce115dc4cc1af7c8ab","1","https://github.com/BAITC-Hacks/hack-1c3af159-aizhuldyz"
"1381761358","Aizhuli","discovered","","","0","https://github.com/BAITC-Hacks/hack-7d473f98-aizhuli"
"1373476351","AIҒAQ","ready","","a557c290d66361884c565d8923534fd4f51a24a0","1","https://github.com/BAITC-Hacks/hack-2d53f2c4-ai-aq"
"1381645751","ajarcheg2007-crypto","discovered","","","0","https://github.com/BAITC-Hacks/hack-7ef98ec0-ajarcheg2007-crypto"
"1381666135","ajbekmamau99-tech","ready","","a64aa294799bd242e3f6ace79abb96ab92ac3507","1","https://github.com/BAITC-Hacks/hack-0bfdb15f-ajbekmamau99-tech"
"1372988340","aka3","discovered","","","0","https://github.com/BAITC-Hacks/hack-f865337d-aka3"
"1379566213","aka3","discovered","","","0","https://github.com/BAITC-Hacks/hack-fb2f35f9-aka3"
"1381665507","Akbota-prog","discovered","","","0","https://github.com/BAITC-Hacks/hack-98c02f6e-akbota-prog"
"1381714538","akbotakadirkhan","discovered","","","0","https://github.com/BAITC-Hacks/hack-3be61cd6-akbotakadirkhan"
"1381634900","AKerqwee","discovered","","","0","https://github.com/BAITC-Hacks/hack-a6732c33-akerqwee"
"1381741448","akhadtemir2","discovered","","","0","https://github.com/BAITC-Hacks/hack-ba542f3e-akhadtemir2"
"1378578029","AkhaTimhack","discovered","","","0","https://github.com/BAITC-Hacks/hack-92673534-akhatimhack"
"1381635653","AkhmadiAmangeldi","discovered","","","0","https://github.com/BAITC-Hacks/hack-c016e17e-akhmadiamangeldi"
"1379787095","Akimzhan Intelligence","ready","","2db109f35add04198455266812356735ec39cfb6","1","https://github.com/BAITC-Hacks/hack-0b25a3b9-akimzhan-intelligence"
"1381664944","akkalidinara-del","discovered","","","0","https://github.com/BAITC-Hacks/hack-adec47f6-akkalidinara-del"
"1381757101","akkerman-ops","ready","","93db0fccf5bbc019242f25f3e0983562b5f8f564","1","https://github.com/BAITC-Hacks/hack-1f64e2c7-akkerman-ops"
"1381739621","akmaralsarsengali-oss","discovered","","","0","https://github.com/BAITC-Hacks/hack-924314bd-akmaralsarsengali-oss"
"1381741745","aknur111","discovered","","","0","https://github.com/BAITC-Hacks/hack-7dac0e5e-aknur111"
"1381638268","Aknurrka","discovered","","","0","https://github.com/BAITC-Hacks/hack-9d0e3cec-aknurrka"
"1377290928","akosh","ready","","bad12e620e6b337113afa88d048870f5f363c03c","1","https://github.com/BAITC-Hacks/hack-2885c8eb-akosh"
"1381728666","akulmanov","discovered","","","0","https://github.com/BAITC-Hacks/hack-94d7a088-akulmanov"
"1361675319","Akyldar","discovered","","","0","https://github.com/BAITC-Hacks/hack-ef9b9705-akyldar"
"1381683181","Akzhan","ready","","ac426495fcae370dc6ba1f7d85b69d982b9f4caf","1","https://github.com/BAITC-Hacks/hack-07b2379e-akzhan"
"1381730585","Akzhol","discovered","","","0","https://github.com/BAITC-Hacks/hack-3d47c708-akzhol"
"1381725566","akzhoro","discovered","","","0","https://github.com/BAITC-Hacks/hack-77eb93e2-akzhoro"
"1371050088","al-manas","discovered","","","0","https://github.com/BAITC-Hacks/hack-4d3d6773-al-manas"
"1381646953","al1khnva","discovered","","","0","https://github.com/BAITC-Hacks/hack-acda34a4-al1khnva"
"1381664569","al1sa-dream","discovered","","","0","https://github.com/BAITC-Hacks/hack-3f9bf514-al1sa-dream"
"1361012412","Alabala - ToU","discovered","","","0","https://github.com/BAITC-Hacks/hack-618902fe-alabala---tou"
"1381739760","Alacrid","discovered","","","0","https://github.com/BAITC-Hacks/hack-c5fadd10-alacrid"
"1381667816","alannn","ready","","033941643282be8ebec09b7e01ab660c7c36ef66","1","https://github.com/BAITC-Hacks/hack-0971afa8-alannn"
"1381652613","alanurazbayev-byte","discovered","","","0","https://github.com/BAITC-Hacks/hack-3a2eebf3-alanurazbayev-byte"
"1378562807","alban","discovered","","","0","https://github.com/BAITC-Hacks/hack-3b88d98d-alban"
"1371233391","Albion","discovered","","","0","https://github.com/BAITC-Hacks/hack-96c9edab-albion"
"1371275577","Albion","ready","","7bde3a5de9bb14c130d48920981a79dcba4dddf5","1","https://github.com/BAITC-Hacks/hack-23b8b25c-albion"
"1381657679","aldiqx","discovered","","","0","https://github.com/BAITC-Hacks/hack-9a7b7620-aldiqx"
"1381672557","aldiyarzhartybek-source","discovered","","","0","https://github.com/BAITC-Hacks/hack-43967115-aldiyarzhartybek-source"
"1381637212","aldoni01","ready","","81b9f4bb8ec26f9ae1c10ca8879a6817bfa23a0e","1","https://github.com/BAITC-Hacks/hack-088a1ca4-aldoni01"
"1381745176","Aleezhan","ready","","10602724a799ce15ca2bd3bf8e26b7cef743cbdd","1","https://github.com/BAITC-Hacks/hack-12fc0537-aleezhan"
"1381726121","Alehandro1226","discovered","","","0","https://github.com/BAITC-Hacks/hack-391f2714-alehandro1226"
"1361625543","alem","discovered","","","0","https://github.com/BAITC-Hacks/hack-f5179186-alem"
"1360401009","Alem of bad prompts","discovered","","","0","https://github.com/BAITC-Hacks/hack-9cd20919-alem-of-bad-prompts"
"1371261979","Alem Unauthorized","discovered","","","0","https://github.com/BAITC-Hacks/hack-eeb49c4a-alem-unauthorized"
"1381704789","Alex777115","discovered","","","0","https://github.com/BAITC-Hacks/hack-c33b608a-alex777115"
"1381752046","AlexandrSergei4","ready","","91eac79799d72924c4abe1dab2c712f9094528c2","1","https://github.com/BAITC-Hacks/hack-146a552f-alexandrsergei4"
"1381707395","alexogorod80-alt","ready","","e75c98a39503ad565edff746aa829ff938c9b602","1","https://github.com/BAITC-Hacks/hack-27f2050c-alexogorod80-alt"
"1381736556","ali","discovered","","","0","https://github.com/BAITC-Hacks/hack-a6f880bb-ali"
"1374746115","Ali Solutions","discovered","","","0","https://github.com/BAITC-Hacks/hack-fe950283-ali-solutions"
"1374959910","Ali-Solution","discovered","","","0","https://github.com/BAITC-Hacks/hack-d82d05ce-ali-solution"
"1381707016","ali2107-ss","discovered","","","0","https://github.com/BAITC-Hacks/hack-cf2e3f24-ali2107-ss"
"1359970988","Alias","discovered","","","0","https://github.com/BAITC-Hacks/hack-d46eb454-alias"
"1381630755","alibatkuldin","ready","","f384e298b27190d6b8428c3daa829db58e627734","1","https://github.com/BAITC-Hacks/hack-302fe142-alibatkuldin"
"1360147668","alibek","discovered","","","0","https://github.com/BAITC-Hacks/hack-7ab8042b-alibek"
"1381732804","alibekgamer","discovered","","","0","https://github.com/BAITC-Hacks/hack-472c05c8-alibekgamer"
"1381682202","Alibishka17","discovered","","","0","https://github.com/BAITC-Hacks/hack-d3cd0163-alibishka17"
"1381724545","alibisultangali000-sudo","discovered","","","0","https://github.com/BAITC-Hacks/hack-8a2b1338-alibisultangali000-sudo"
"1380039154","align","discovered","","","0","https://github.com/BAITC-Hacks/hack-b795cb99-align"
"1381710411","alihan456","ready","","9c2111a35e6b11588bc8e0c0c321d9323db643f8","1","https://github.com/BAITC-Hacks/hack-24a061bc-alihan456"
"1381757658","AlikShal","discovered","","","0","https://github.com/BAITC-Hacks/hack-83d2f75e-alikshal"
"1381746456","alimkhann","discovered","","","0","https://github.com/BAITC-Hacks/hack-87cd7fa7-alimkhann"
"1302536373","Alinur","discovered","","","0","https://github.com/BAITC-Hacks/hack-b317d792-alinur"
"1381626189","AlinurAyazbay","discovered","","","0","https://github.com/BAITC-Hacks/hack-d48f63a3-alinurayazbay"
"1381765582","AliNurym","discovered","","","0","https://github.com/BAITC-Hacks/hack-64c90ded-alinurym"
"1381746828","alish-AN","discovered","","","0","https://github.com/BAITC-Hacks/hack-ef529fbf-alish-an"
"1381645035","Alish-shiN","discovered","","","0","https://github.com/BAITC-Hacks/hack-47db5dc6-alish-shin"
"1381756674","Alish006","discovered","","","0","https://github.com/BAITC-Hacks/hack-a56343ca-alish006"
"1380072764","Alisher","discovered","","","0","https://github.com/BAITC-Hacks/hack-f5e3ad29-alisher"
"1374757514","Aliskander","discovered","","","0","https://github.com/BAITC-Hacks/hack-ba77eedd-aliskander"
"1381687154","aliwkakz","discovered","","","0","https://github.com/BAITC-Hacks/hack-e65e1d37-aliwkakz"
"1381737263","Aliya","discovered","","","0","https://github.com/BAITC-Hacks/hack-c616e927-aliya"
"1371274682","All ai solution","discovered","","","0","https://github.com/BAITC-Hacks/hack-5423d706-all-ai-solution"
"1377019943","ALL JUST","discovered","","","0","https://github.com/BAITC-Hacks/hack-f9da8a4e-all-just"
"1376107415","All Vibes, No Code","discovered","","","0","https://github.com/BAITC-Hacks/hack-95e9f1ef-all-vibes-no-code"
"1376190340","AllRounderAi","ready","","84a529249e9818e3d1c4b091947ca5c1b2c0a68a","1","https://github.com/BAITC-Hacks/hack-375b4737-allrounderai"
"1373539789","Allsafe?","ready","","d144b61dc5cc2de6af300b09c6d739f0eed5db23","1","https://github.com/BAITC-Hacks/hack-24875619-allsafe"
"1381641924","alltushha","discovered","","","0","https://github.com/BAITC-Hacks/hack-ace0e8f2-alltushha"
"1356099485","Alma-Solutions","discovered","","","0","https://github.com/BAITC-Hacks/hack-544c8958-alma-solutions"
"1374711277","AlmaCCU","discovered","","","0","https://github.com/BAITC-Hacks/hack-ed0d48b8-almaccu"
"1381630586","almakerbek","ready","","a042de99a614765d6f19a322e1c58062cf2f718a","1","https://github.com/BAITC-Hacks/hack-1e51ffd7-almakerbek"
"1381693979","AlmatJuvashev","discovered","","","0","https://github.com/BAITC-Hacks/hack-553dde6d-almatjuvashev"
"1369414903","AlmaU HackLab","ready","","0a57d4d11510f7771b2cd548f3d9da28816bcc94","1","https://github.com/BAITC-Hacks/hack-1197ff8a-almau-hacklab"
"1381652863","almazterminator","discovered","","","0","https://github.com/BAITC-Hacks/hack-97a5ae48-almazterminator"
"1381626339","almaztt777","discovered","","","0","https://github.com/BAITC-Hacks/hack-ec2ee273-almaztt777"
"1369586058","almeAI","discovered","","","0","https://github.com/BAITC-Hacks/hack-f4744e4f-almeai"
"1381744684","almiraiskakova638-dot","discovered","","","0","https://github.com/BAITC-Hacks/hack-e4cf32a2-almiraiskakova638-dot"
"1381676170","aloneen","discovered","","","0","https://github.com/BAITC-Hacks/hack-5af32d0f-aloneen"
"1381665098","alpamys","discovered","","","0","https://github.com/BAITC-Hacks/hack-651671e7-alpamys"
"1381696418","Alpenchiiick","discovered","","","0","https://github.com/BAITC-Hacks/hack-3efc1ae0-alpenchiiick"
"1381741215","alspjdpasj","discovered","","","0","https://github.com/BAITC-Hacks/hack-87ac8556-alspjdpasj"
"1369694565","ALT","ready","","7a9f90e320bd1f06a25401f16574bab4a9161afa","288","https://github.com/BAITC-Hacks/hack-1f9ed603-alt"
"1377313710","alt tab","discovered","","","0","https://github.com/BAITC-Hacks/hack-6554d21c-alt-tab"
"1377684552","AltaiLabs","discovered","","","0","https://github.com/BAITC-Hacks/hack-7a44cf25-altailabs"
"1381750847","AltynayA","discovered","","","0","https://github.com/BAITC-Hacks/hack-65a85e4d-altynaya"
"1381755021","altynbek199","discovered","","","0","https://github.com/BAITC-Hacks/hack-a7918091-altynbek199"
"1381685882","altynbeknuryai","ready","","97f4db8eee05d81c5196542187d6dba3d488e7a3","1","https://github.com/BAITC-Hacks/hack-25934802-altynbeknuryai"
"1381702375","altynbks","ready","","d2d884efe374194ddd01038ab056eff61aea2e81","1","https://github.com/BAITC-Hacks/hack-17eaad63-altynbks"
"1381708340","altyncartoon","discovered","","","0","https://github.com/BAITC-Hacks/hack-bafdfa1a-altyncartoon"
"1381749469","Aluadosb","discovered","","","0","https://github.com/BAITC-Hacks/hack-916ce78d-aluadosb"
"1375497563","Amadeus","ready","","d8dcdadf707f66f24705e554ac089c532734e762","47","https://github.com/BAITC-Hacks/hack-18c231dc-amadeus"
"1364155452","Aman AI","discovered","","","0","https://github.com/BAITC-Hacks/hack-7cf34f56-aman-ai"
"1375992439","Amanat","discovered","","","0","https://github.com/BAITC-Hacks/hack-b802c566-amanat"
"1381765761","amanbaalmansur68-ai","discovered","","","0","https://github.com/BAITC-Hacks/hack-f673c988-amanbaalmansur68-ai"
"1381669414","amand1ko7aas-dotcom","discovered","","","0","https://github.com/BAITC-Hacks/hack-80ae372c-amand1ko7aas-dotcom"
"1381631730","Amanekkkk","discovered","","","0","https://github.com/BAITC-Hacks/hack-c5d6ac0b-amanekkkk"
"1381669114","amangeldievadilnaz902-alt","discovered","","","0","https://github.com/BAITC-Hacks/hack-3b528220-amangeldievadilnaz902-alt"
"1375796615","Amanzholov team","discovered","","","0","https://github.com/BAITC-Hacks/hack-6413edd1-amanzholov-team"
"1377347896","Amazing Guys","ready","","e4f3f0085eac23511c88c764d52168da116660a0","90","https://github.com/BAITC-Hacks/hack-1086dac4-amazing-guys"
"1371268158","Amazing Inviduals","discovered","","","0","https://github.com/BAITC-Hacks/hack-fe8e79e0-amazing-inviduals"
"1369747897","Amida","discovered","","","0","https://github.com/BAITC-Hacks/hack-43a2bfc1-amida"
"1381705859","Amigo","discovered","","","0","https://github.com/BAITC-Hacks/hack-913ef4da-amigo"
"1381648337","Amina","discovered","","","0","https://github.com/BAITC-Hacks/hack-663ac963-amina"
"1381646065","Aminnaa","ready","","bb3001ff46727fd48ec2efbb83e87148640d5db3","1","https://github.com/BAITC-Hacks/hack-0ab0aee5-aminnaa"
"1373190064","Amir","discovered","","","0","https://github.com/BAITC-Hacks/hack-806b0367-amir"
"1373197696","Amir00","ready","","b443274aa42f7be151bdf3c435873a468ce4e0b1","1","https://github.com/BAITC-Hacks/hack-3730ad84-amir00"
"1381670560","amirestekbaev6-art","discovered","","","0","https://github.com/BAITC-Hacks/hack-572f131e-amirestekbaev6-art"
"1381733858","amonorei666","discovered","","","0","https://github.com/BAITC-Hacks/hack-7f42fe0e-amonorei666"
"1381652206","amwsq","discovered","","","0","https://github.com/BAITC-Hacks/hack-e0135da4-amwsq"
"1373453562","ANA","ready","","76c2d004dff2ce53c1178d899c61178a9c760482","37","https://github.com/BAITC-Hacks/hack-16750f7e-ana"
"1372985375","AND?","discovered","","","0","https://github.com/BAITC-Hacks/hack-769bc54e-and"
"1381657410","Andas-LV","discovered","","","0","https://github.com/BAITC-Hacks/hack-dbeae33f-andas-lv"
"1363801212","andreidev","discovered","","","0","https://github.com/BAITC-Hacks/hack-cf2eb7b4-andreidev"
"1377257053","AndreySolo","discovered","","","0","https://github.com/BAITC-Hacks/hack-6fec9f63-andreysolo"
"1381679897","Anel","discovered","","","0","https://github.com/BAITC-Hacks/hack-953a333f-anel"
"1381727440","Anel05","discovered","","","0","https://github.com/BAITC-Hacks/hack-b644a788-anel05"
"1381738673","anelmukhatova","discovered","","","0","https://github.com/BAITC-Hacks/hack-5ff597e9-anelmukhatova"
"1378633175","Angsar","ready","","8a09090c4cafec0834808ea183ea5c9886cab13b","1","https://github.com/BAITC-Hacks/hack-2d89781d-angsar"
"1375792531","Anhalt ANY","discovered","","","0","https://github.com/BAITC-Hacks/hack-9ccceebe-anhalt-any"
"1367024214","Anhalt Students","discovered","","","0","https://github.com/BAITC-Hacks/hack-98e048a9-anhalt-students"
"1374729577","Anhalt Volta","discovered","","","0","https://github.com/BAITC-Hacks/hack-be2276aa-anhalt-volta"
"1376896191","ANN Horizon","discovered","","","0","https://github.com/BAITC-Hacks/hack-3e55f544-ann-horizon"
"1381726393","annasarina1-maker","discovered","","","0","https://github.com/BAITC-Hacks/hack-625852d0-annasarina1-maker"
"1381656652","annkhvan05","discovered","","","0","https://github.com/BAITC-Hacks/hack-a6cdb15a-annkhvan05"
"1372597061","Anomaly Detected","ready","","c665610a99d06c08ff62bc16cf2d4475d871ef52","45","https://github.com/BAITC-Hacks/hack-2cc01208-anomaly-detected"
"1377237480","AnsaAi","discovered","","","0","https://github.com/BAITC-Hacks/hack-a46b07b7-ansaai"
"1366008803","ansinitro","discovered","","","0","https://github.com/BAITC-Hacks/hack-a534f3fe-ansinitro"
"1381697901","Anssar22","discovered","","","0","https://github.com/BAITC-Hacks/hack-a1c5d352-anssar22"
"1371334067","Antennas","discovered","","","0","https://github.com/BAITC-Hacks/hack-c0f8eade-antennas"
"1374128627","Antennas","ready","","529a120b16abf8346f027b45002926ba3951f259","1","https://github.com/BAITC-Hacks/hack-30896804-antennas"
"1374273393","Antennas","ready","","8c8b5637943cd725719a2e75fedd6a8aaf3f406e","134","https://github.com/BAITC-Hacks/hack-345ab97f-antennas"
"1376120245","Anthropic","discovered","","","0","https://github.com/BAITC-Hacks/hack-580d0e7f-anthropic"
"1381726907","Anuarop","discovered","","","0","https://github.com/BAITC-Hacks/hack-a066bb56-anuarop"
"1381722742","anuarturgali7","ready","","234376b1dc4e685876752ec90f535ad1a89ff8b3","1","https://github.com/BAITC-Hacks/hack-127df3d4-anuarturgali7"
"1381637070","anxiouscheese","discovered","","","0","https://github.com/BAITC-Hacks/hack-98279fa4-anxiouscheese"
"1374218055","any","ready","","d0dadf68622945bf1a32e159ab7b9c5c841c22e3","74","https://github.com/BAITC-Hacks/hack-0571bab2-any"
"1381628656","Any0ka","discovered","","","0","https://github.com/BAITC-Hacks/hack-ab205c76-any0ka"
"1361646707","Anyqta AI","discovered","","","0","https://github.com/BAITC-Hacks/hack-d4bf9ae8-anyqta-ai"
"1363882087","Anyrange","discovered","","","0","https://github.com/BAITC-Hacks/hack-a83f388b-anyrange"
"1363576437","apex","discovered","","","0","https://github.com/BAITC-Hacks/hack-ce6ddbc4-apex"
"1371327552","Apex AI","ready","","b0aa24e928d5cca67540455ac180444c61c1dea4","9","https://github.com/BAITC-Hacks/hack-0f13daa3-apex-ai"
"1374361329","Apex AI","discovered","","","0","https://github.com/BAITC-Hacks/hack-b6fb461d-apex-ai"
"1379862656","apex software","discovered","","","0","https://github.com/BAITC-Hacks/hack-87205d24-apex-software"
"1370946251","Apex Trio","ready","","883315709259d39054d12282ef6aff8cc55ed828","2","https://github.com/BAITC-Hacks/hack-22404cda-apex-trio"
"1363912723","Apex-AI","ready","","7e6f00c456445d0309473f30ad5ddb4f1cc3de3f","98","https://github.com/BAITC-Hacks/hack-1ad72463-apex-ai"
"1376304869","ApexAI","discovered","","","0","https://github.com/BAITC-Hacks/hack-9f858e1f-apexai"
"1370352583","ApexFlow","discovered","","","0","https://github.com/BAITC-Hacks/hack-49030f8c-apexflow"
"1377047806","Apexsoft","ready","","a369ef407221689fcd372e0616deceb0456a7441","79","https://github.com/BAITC-Hacks/hack-08ee446c-apexsoft"
"1373482650","Apollon","discovered","","","0","https://github.com/BAITC-Hacks/hack-b4dd37ff-apollon"
"1359993647","Applied AI","discovered","","","0","https://github.com/BAITC-Hacks/hack-69318526-applied-ai"
"1379843333","AQ","discovered","","","0","https://github.com/BAITC-Hacks/hack-cb949bd8-aq"
"1372576005","aqqala","discovered","","","0","https://github.com/BAITC-Hacks/hack-b956f5ef-aqqala"
"1371420006","Aqshai","discovered","","","0","https://github.com/BAITC-Hacks/hack-d408c6e1-aqshai"
"1381718110","aqubaev1-sketch","discovered","","","0","https://github.com/BAITC-Hacks/hack-f85b7323-aqubaev1-sketch"
"1381656338","aqurmetbek-creator","discovered","","","0","https://github.com/BAITC-Hacks/hack-6c59da96-aqurmetbek-creator"
"1360644293","Aqwater AI","discovered","","","0","https://github.com/BAITC-Hacks/hack-9f90953c-aqwater-ai"
"1379822268","Aqwater ai","discovered","","","0","https://github.com/BAITC-Hacks/hack-b74f07c1-aqwater-ai"
"1380864254","Aqyl AI","discovered","","","0","https://github.com/BAITC-Hacks/hack-6e184a90-aqyl-ai"
"1374738046","ARA-Solution","discovered","","","0","https://github.com/BAITC-Hacks/hack-b30ef123-ara-solution"
"1381642952","AraBara2135","ready","","6d0a3d51452e0bfbbb1ab3340e24860303793235","1","https://github.com/BAITC-Hacks/hack-23cfd220-arabara2135"
"1361498165","Aragorn","discovered","","","0","https://github.com/BAITC-Hacks/hack-e17ea780-aragorn"
"1381683472","arai1508-afk","discovered","","","0","https://github.com/BAITC-Hacks/hack-dcf0dad4-arai1508-afk"
"1381708196","Araibek","discovered","","","0","https://github.com/BAITC-Hacks/hack-614da102-araibek"
"1375619864","araraikhan","discovered","","","0","https://github.com/BAITC-Hacks/hack-e4c10181-araraikhan"
"1371829099","Arasaka","discovered","","","0","https://github.com/BAITC-Hacks/hack-52883c74-arasaka"
"1379861231","arasaka","discovered","","","0","https://github.com/BAITC-Hacks/hack-f41b2422-arasaka"
"1374303413","arbybyby","discovered","","","0","https://github.com/BAITC-Hacks/hack-feaa7740-arbybyby"
"1360046726","ARC","discovered","","","0","https://github.com/BAITC-Hacks/hack-b8e30756-arc"
"1373544807","Arc Team","discovered","","","0","https://github.com/BAITC-Hacks/hack-4484d2b6-arc-team"
"1374235051","Arc Team","discovered","","","0","https://github.com/BAITC-Hacks/hack-7e3a6538-arc-team"
"1363763473","archibalt","discovered","","","0","https://github.com/BAITC-Hacks/hack-fee6d244-archibalt"
"1362504560","architects of the future","discovered","","","0","https://github.com/BAITC-Hacks/hack-8e1ae678-architects-of-the-future"
"1371178667","ArDa","discovered","","","0","https://github.com/BAITC-Hacks/hack-c13a15b3-arda"
"1381625532","ardakshalkar","discovered","","","0","https://github.com/BAITC-Hacks/hack-d311ce7d-ardakshalkar"
"1381673722","Arekee","discovered","","","0","https://github.com/BAITC-Hacks/hack-c418bfa7-arekee"
"1377209103","ARES Solutions","ready","","e065b0e407b4cb81dce8d2a8127583ac4eb18057","1","https://github.com/BAITC-Hacks/hack-0c00ba12-ares-solutions"
"1379880042","ARES Solutions","discovered","","","0","https://github.com/BAITC-Hacks/hack-c6df66c1-ares-solutions"
"1377179429","Ariamath","discovered","","","0","https://github.com/BAITC-Hacks/hack-cb7c590e-ariamath"
"1371342680","Arias","ready","","51f3700ec9d82efaf85fb60e6645e3b094fa288b","1","https://github.com/BAITC-Hacks/hack-0c375a65-arias"
"1379832931","Aristocratss","ready","","eca9806ec425e25314faa96388e77707b57f71cf","1","https://github.com/BAITC-Hacks/hack-1262430e-aristocratss"
"1378209135","Armabulati","ready","","c57d18d5e97fdbdd780dfd0bea589c2c922b9dbc","53","https://github.com/BAITC-Hacks/hack-2bfd8c42-armabulati"
"1381726671","armanbatabayev-hash","discovered","","","0","https://github.com/BAITC-Hacks/hack-ed32fc17-armanbatabayev-hash"
"1381632351","Armannnnn","discovered","","","0","https://github.com/BAITC-Hacks/hack-b7e7ce19-armannnnn"
"1381637983","arnoki21","discovered","","","0","https://github.com/BAITC-Hacks/hack-3c4d924c-arnoki21"
"1381714817","Arnur-Raim","discovered","","","0","https://github.com/BAITC-Hacks/hack-6c327545-arnur-raim"
"1360991617","Arqau","discovered","","","0","https://github.com/BAITC-Hacks/hack-53d6003c-arqau"
"1371368117","Arqau","ready","","258eb337a4578ea72662dcfd2c7fcbc77bd84116","1","https://github.com/BAITC-Hacks/hack-09250025-arqau"
"1365575271","Arsen","discovered","","","0","https://github.com/BAITC-Hacks/hack-391e412f-arsen"
"1381670264","arsen11","discovered","","","0","https://github.com/BAITC-Hacks/hack-9db41e61-arsen11"
"1381624385","arsen886","discovered","","","0","https://github.com/BAITC-Hacks/hack-af91c273-arsen886"
"1363982120","Arsenal","ready","","f21ae14786b5c735e0eb69b5fa1bbf1d134dc9b1","53","https://github.com/BAITC-Hacks/hack-17308f13-arsenal"
"1381695725","Arsultan","discovered","","","0","https://github.com/BAITC-Hacks/hack-f62d3790-arsultan"
"1379838194","ART-Solution","ready","","0acdd623a061a02af6ea564d48489549a58ab1ff","1","https://github.com/BAITC-Hacks/hack-1f355a93-art-solution"
"1373348916","ArtHub","discovered","","","0","https://github.com/BAITC-Hacks/hack-88545613-arthub"
"1366112429","Artifex","discovered","","","0","https://github.com/BAITC-Hacks/hack-ea8492f8-artifex"
"1378194668","Artificial intelligence x Natural stupidity","discovered","","","0","https://github.com/BAITC-Hacks/hack-765f2643-artificial-intelligence-x-natural-stupidity"
"1381675755","ArtzSU","discovered","","","0","https://github.com/BAITC-Hacks/hack-d61c9b5b-artzsu"
"1381666537","Aru537","discovered","","","0","https://github.com/BAITC-Hacks/hack-7ca33986-aru537"
"1381721583","Aruna","discovered","","","0","https://github.com/BAITC-Hacks/hack-9dd01647-aruna"
"1381651970","Aruuuuuuuu","discovered","","","0","https://github.com/BAITC-Hacks/hack-731680a8-aruuuuuuuu"
"1381266454","Aruzhan","discovered","","","0","https://github.com/BAITC-Hacks/hack-a673b375-aruzhan"
"1381715097","Aruzhan-hub","discovered","","","0","https://github.com/BAITC-Hacks/hack-aa6e858d-aruzhan-hub"
"1381645306","Aruzhankkk","ready","","afe1bcd0b6658242ed7d713aa6ef015f21f514ed","1","https://github.com/BAITC-Hacks/hack-2bcede34-aruzhankkk"
"1381694836","AruzhanMU","discovered","","","0","https://github.com/BAITC-Hacks/hack-9562e898-aruzhanmu"
"1377513774","Arys","discovered","","","0","https://github.com/BAITC-Hacks/hack-5f7fa4b5-arys"
"1374214078","Arystan's team","discovered","","","0","https://github.com/BAITC-Hacks/hack-77a36db7-arystan-s-team"
"1373450276","arzan.kz","ready","","16b6c9933bc0eef1a3b034a46fb88c7ee181bb33","1","https://github.com/BAITC-Hacks/hack-1a24f2ec-arzan-kz"
"1381675325","arzo1m","discovered","","","0","https://github.com/BAITC-Hacks/hack-5faea1a6-arzo1m"
"1377292964","ASA","discovered","","","0","https://github.com/BAITC-Hacks/hack-d5f21cdd-asa"
"1373947997","asai77","discovered","","","0","https://github.com/BAITC-Hacks/hack-4f18269b-asai77"
"1376812486","ASAM AI","discovered","","","0","https://github.com/BAITC-Hacks/hack-52587a32-asam-ai"
"1377436500","AsanApp","ready","","4ddef62258f4709a67badaa7e0bc6d4ebb0ada7f","1","https://github.com/BAITC-Hacks/hack-1a7ff6a5-asanapp"
"1381703471","asanbalerke-ux","discovered","","","0","https://github.com/BAITC-Hacks/hack-a4746a0a-asanbalerke-ux"
"1381718551","asanovbekosh-alt","ready","","91bb3f37e408cb334c525be105aac750713de382","1","https://github.com/BAITC-Hacks/hack-2481adfc-asanovbekosh-alt"
"1370358950","ascend.","ready","","8f79cdc90aeba8ee6013281a0e7a218303624496","188","https://github.com/BAITC-Hacks/hack-0b94fdb6-ascend"
"1371423226","Ascension","discovered","","","0","https://github.com/BAITC-Hacks/hack-607d71aa-ascension"
"1375692031","Ascension","ready","","cc213fe10d68dc3546bfa4d3098372ad80cf4748","287","https://github.com/BAITC-Hacks/hack-0c0b9665-ascension"
"1379762930","Ascension","discovered","","","0","https://github.com/BAITC-Hacks/hack-b32c5ad1-ascension"
"1285995288","asd","discovered","","","0","https://github.com/BAITC-Hacks/hack-d3060b84-asd"
"1381712882","Asersaai","discovered","","","0","https://github.com/BAITC-Hacks/hack-b499a4dd-asersaai"
"1379825700","asg","ready","","9be7f05266561f380442d0077c26c55feb72c19b","3","https://github.com/BAITC-Hacks/hack-0b3cc9cc-asg"
"1381748067","ashevamr","discovered","","","0","https://github.com/BAITC-Hacks/hack-d71c58a8-ashevamr"
"1381669818","AShyngys","discovered","","","0","https://github.com/BAITC-Hacks/hack-654ce2ce-ashyngys"
"1367056962","AshyqAspan","discovered","","","0","https://github.com/BAITC-Hacks/hack-a6e71c38-ashyqaspan"
"1379807154","ashyqaspan","ready","","0804e7894ed565d656d7186aa409ab6599b10706","3","https://github.com/BAITC-Hacks/hack-216d04e2-ashyqaspan"
"1365803619","Asian Ninjas","discovered","","","0","https://github.com/BAITC-Hacks/hack-f3e233a4-asian-ninjas"
"1377514950","ASIIkernel","ready","","247d7e5e086927eabbe07da47159e5190c6e2f6d","1","https://github.com/BAITC-Hacks/hack-2b2715c2-asiikernel"
"1377515493","asik","discovered","","","0","https://github.com/BAITC-Hacks/hack-539ca005-asik"
"1363814564","ASIQ","discovered","","","0","https://github.com/BAITC-Hacks/hack-65d0c11b-asiq"
"1381761468","askakov","discovered","","","0","https://github.com/BAITC-Hacks/hack-5c17be16-askakov"
"1360617047","Aspan","discovered","","","0","https://github.com/BAITC-Hacks/hack-6569884b-aspan"
"1381719342","aspanebo","discovered","","","0","https://github.com/BAITC-Hacks/hack-76e371cc-aspanebo"
"1381754119","aspanelox","discovered","","","0","https://github.com/BAITC-Hacks/hack-fee4aaf7-aspanelox"
"1374813894","Assa","discovered","","","0","https://github.com/BAITC-Hacks/hack-d7c925eb-assa"
"1381645165","assainnali","discovered","","","0","https://github.com/BAITC-Hacks/hack-ece1766d-assainnali"
"1381727704","assetzhan2024-ui","discovered","","","0","https://github.com/BAITC-Hacks/hack-8b40fd1a-assetzhan2024-ui"
"1381686720","assylzatsadyk-eng","ready","","776548511f87140e5e799df7c3feaf80624f36eb","1","https://github.com/BAITC-Hacks/hack-1238d1db-assylzatsadyk-eng"
"1373570216","Astana Hackers","discovered","","","0","https://github.com/BAITC-Hacks/hack-54f1ae1b-astana-hackers"
"1381729903","AstanaHub","ready","","5baa0e40db0799eb7b0d9edd8330f7cf6236791a","1","https://github.com/BAITC-Hacks/hack-32030313-astanahub"
"1376150883","Astra","discovered","","","0","https://github.com/BAITC-Hacks/hack-e4350f2f-astra"
"1364764339","Astra the best","discovered","","","0","https://github.com/BAITC-Hacks/hack-5db21a28-astra-the-best"
"1381636301","AstralNoMade","discovered","","","0","https://github.com/BAITC-Hacks/hack-d7e76d3d-astralnomade"
"1364804261","Astrea","discovered","","","0","https://github.com/BAITC-Hacks/hack-3cf19ef3-astrea"
"1381684525","Asya","discovered","","","0","https://github.com/BAITC-Hacks/hack-a833f4c8-asya"
"1381640478","Asyl","discovered","","","0","https://github.com/BAITC-Hacks/hack-47ae2386-asyl"
"1381674659","Asylbekovich","discovered","","","0","https://github.com/BAITC-Hacks/hack-dccce1b7-asylbekovich"
"1373983454","Asylkenei","discovered","","","0","https://github.com/BAITC-Hacks/hack-b877caed-asylkenei"
"1381732002","asyltassa","discovered","","","0","https://github.com/BAITC-Hacks/hack-4ed2ed7f-asyltassa"
"1381752783","atapkel","discovered","","","0","https://github.com/BAITC-Hacks/hack-9fc041bf-atapkel"
"1376892551","ATHENS","discovered","","","0","https://github.com/BAITC-Hacks/hack-8edf0850-athens"
"1374900935","ATKS","discovered","","","0","https://github.com/BAITC-Hacks/hack-87882dff-atks"
"1374333411","Atlanti.ai","ready","","2a5fd4ea42d6364409aba0b1a83592ae7b9f11f0","1","https://github.com/BAITC-Hacks/hack-08fdadb1-atlanti-ai"
"1361034715","Atlas","discovered","","","0","https://github.com/BAITC-Hacks/hack-801b451b-atlas"
"1374585073","AtreidesDev","ready","","741b0c20d9949b59ab821091c3996a829c2be7be","1","https://github.com/BAITC-Hacks/hack-1c8fb5fb-atreidesdev"
"1377257516","Attention","discovered","","","0","https://github.com/BAITC-Hacks/hack-fe0d37d9-attention"
"1357069361","Attractor","discovered","","","0","https://github.com/BAITC-Hacks/hack-d4922f7f-attractor"
"1363656016","Attractor.T800","ready","","6d8906aed9fcbaaae30c69311e822151fdbda632","72","https://github.com/BAITC-Hacks/hack-00bb406c-attractor-t800"
"1375829451","AttroN","ready","","18047028a69ca013b5ea92d4244b41d7435f3207","1","https://github.com/BAITC-Hacks/hack-04811ef4-attron"
"1365548100","ATU TechForce","discovered","","","0","https://github.com/BAITC-Hacks/hack-b8563600-atu-techforce"
"1376983797","AUEZIA","discovered","","","0","https://github.com/BAITC-Hacks/hack-984e6efb-auezia"
"1364063431","Aul.ai","discovered","","","0","https://github.com/BAITC-Hacks/hack-8fa76ac5-aul-ai"
"1370303041","Aulie izum","discovered","","","0","https://github.com/BAITC-Hacks/hack-3df8efc5-aulie-izum"
"1375850024","Aura","discovered","","","0","https://github.com/BAITC-Hacks/hack-86b55869-aura"
"1377084398","Aura AI","ready","","6bacb45269fd18365ac119779c6c7c8ff61be525","1","https://github.com/BAITC-Hacks/hack-22ebbf13-aura-ai"
"1367593275","AuraMed","discovered","","","0","https://github.com/BAITC-Hacks/hack-45660dd6-auramed"
"1370463791","Auron Intelligence","ready","","247d4b4825e5601d5760701c958e33e3406a21d8","1","https://github.com/BAITC-Hacks/hack-17ecbe2e-auron-intelligence"
"1377240994","AutoSOC","discovered","","","0","https://github.com/BAITC-Hacks/hack-f42fa90b-autosoc"
"1381679530","Avazbek-A","ready","","ac66644b1d6a38c7dc62d057e6adcec662a518e3","1","https://github.com/BAITC-Hacks/hack-01057172-avazbek-a"
"1362929673","Avengers","discovered","","","0","https://github.com/BAITC-Hacks/hack-3b719372-avengers"
"1377444775","Aviola","discovered","","","0","https://github.com/BAITC-Hacks/hack-3c5fd53b-aviola"
"1379799844","Aviola","discovered","","","0","https://github.com/BAITC-Hacks/hack-f23e41c4-aviola"
"1374102062","AVM","discovered","","","0","https://github.com/BAITC-Hacks/hack-e7889415-avm"
"1370987823","AVM AI","discovered","","","0","https://github.com/BAITC-Hacks/hack-e4dfa205-avm-ai"
"1381656039","aw1rn","ready","","c932294a56be467bc291cf4c9e522e59927643a4","1","https://github.com/BAITC-Hacks/hack-109e632c-aw1rn"
"1381644172","awer13","discovered","","","0","https://github.com/BAITC-Hacks/hack-d88821f3-awer13"
"1381663502","awzwz","discovered","","","0","https://github.com/BAITC-Hacks/hack-eb7b8f94-awzwz"
"1380441125","Axiom","discovered","","","0","https://github.com/BAITC-Hacks/hack-a9dda21c-axiom"
"1374837865","Axioma","discovered","","","0","https://github.com/BAITC-Hacks/hack-8b028a15-axioma"
"1377224036","AYA","discovered","","","0","https://github.com/BAITC-Hacks/hack-f95ab07a-aya"
"1377028181","Aya & Dilya","ready","","e30a8db710760e768588bb64638a3c596204b818","54","https://github.com/BAITC-Hacks/hack-34cd10d9-aya-dilya"
"1381648472","Ayalashka","ready","","a9e4646a2623608a8b501f034444199bb71e1d57","1","https://github.com/BAITC-Hacks/hack-27605a72-ayalashka"
"1381682469","ayamainstream","discovered","","","0","https://github.com/BAITC-Hacks/hack-59bd21ec-ayamainstream"
"1378660008","Ayan-Solutions","discovered","","","0","https://github.com/BAITC-Hacks/hack-f40a9595-ayan-solutions"
"1379621485","Ayan-Solutions","discovered","","","0","https://github.com/BAITC-Hacks/hack-d225f0a7-ayan-solutions"
"1381738010","ayanami","discovered","","","0","https://github.com/BAITC-Hacks/hack-5924a4db-ayanami"
"1381680603","Ayanat","ready","","bfbfb256ef718aaf8b182c7c20f0f2661259a5fb","1","https://github.com/BAITC-Hacks/hack-2a892e86-ayanat"
"1381691300","Ayarys-a","ready","","d6541840072c3ff88800a4ecff08ce45bc3d4620","1","https://github.com/BAITC-Hacks/hack-1a228c25-ayarys-a"
"1381720700","AyaulymShinbori","discovered","","","0","https://github.com/BAITC-Hacks/hack-b3a0d08e-ayaulymshinbori"
"1381713013","ayazhan","discovered","","","0","https://github.com/BAITC-Hacks/hack-cc76e090-ayazhan"
"1381735439","Ayazhan17012007","discovered","","","0","https://github.com/BAITC-Hacks/hack-b94e8772-ayazhan17012007"
"1381660301","ayboiman","discovered","","","0","https://github.com/BAITC-Hacks/hack-f8749ae4-ayboiman"
"1381625860","ayLes","discovered","","","0","https://github.com/BAITC-Hacks/hack-d9f897a0-ayles"
"1381674796","Ayoso","discovered","","","0","https://github.com/BAITC-Hacks/hack-92937d71-ayoso"
"1381714048","ayzerek","discovered","","","0","https://github.com/BAITC-Hacks/hack-3f13c714-ayzerek"
"1381624216","aza9908","discovered","","","0","https://github.com/BAITC-Hacks/hack-698e3710-aza9908"
"1381723515","Azamat","discovered","","","0","https://github.com/BAITC-Hacks/hack-f0428c24-azamat"
"1381659454","Azamatowq","discovered","","","0","https://github.com/BAITC-Hacks/hack-5885e9dd-azamatowq"
"1381663235","azamatsalamat","discovered","","","0","https://github.com/BAITC-Hacks/hack-f468c648-azamatsalamat"
"1381650259","Azamatzxc","discovered","","","0","https://github.com/BAITC-Hacks/hack-d8af8b41-azamatzxc"
"1371323844","Azeroth","discovered","","","0","https://github.com/BAITC-Hacks/hack-89e4c9a4-azeroth"
"1381737888","Aziz","discovered","","","0","https://github.com/BAITC-Hacks/hack-66aef322-aziz"
"1376296785","AZM","discovered","","","0","https://github.com/BAITC-Hacks/hack-6087f724-azm"
"1381706568","aznatronx","discovered","","","0","https://github.com/BAITC-Hacks/hack-47794b43-aznatronx"
"1359291623","Azomye","discovered","","","0","https://github.com/BAITC-Hacks/hack-bc114537-azomye"
"1381758633","b0tn3tt","discovered","","","0","https://github.com/BAITC-Hacks/hack-661e3ac6-b0tn3tt"
"1370696888","B2B SaaS AI Crypto","ready","","6cb4b7ebf3bde9b5049080b1e42cbe9b2ceeca54","1","https://github.com/BAITC-Hacks/hack-21aa732b-b2b-saas-ai-crypto"
"1362923402","B3ZN3GA7IVA","discovered","","","0","https://github.com/BAITC-Hacks/hack-51660f45-b3zn3ga7iva"
"1366018951","Back To Future","ready","","2559773ae07f54212e5378b26c92599076e8aa57","83","https://github.com/BAITC-Hacks/hack-22fca084-back-to-future"
"1371127169","BackPink","ready","","7aca22f3d573d2870c9ccc3f5d900d3cf13a816f","1","https://github.com/BAITC-Hacks/hack-0f3d6015-backpink"
"1381676873","badarabazarov","discovered","","","0","https://github.com/BAITC-Hacks/hack-62dcba3a-badarabazarov"
"1381756789","baglan-maker","ready","","d8d857dd07890cf063d69a5df8b0a5e086cf7610","1","https://github.com/BAITC-Hacks/hack-0f755b0e-baglan-maker"
"1381764754","baglanyessen","discovered","","","0","https://github.com/BAITC-Hacks/hack-ff5aa1b5-baglanyessen"
"1381660433","BahtiyarSenpai","ready","","be23e3295cd511a4e6b60d1d7852a1f5c2b8f57c","1","https://github.com/BAITC-Hacks/hack-1d38502f-bahtiyarsenpai"
"1381750020","baiganinnaza","discovered","","","0","https://github.com/BAITC-Hacks/hack-43756e84-baiganinnaza"
"1381670123","baimaganbetdilnaz-web","discovered","","","0","https://github.com/BAITC-Hacks/hack-cb8b7380-baimaganbetdilnaz-web"
"1375747017","BaiTau","ready","","c830815b02b704ad8445be42282c927b40347a7b","23","https://github.com/BAITC-Hacks/hack-0cdadb85-baitau"
"1379810050","BaiTau","discovered","","","0","https://github.com/BAITC-Hacks/hack-6f631c98-baitau"
"1376831374","BaiterekAI","discovered","","","0","https://github.com/BAITC-Hacks/hack-c119ee0f-baiterekai"
"1381717406","baizhanrakhimbek-code","discovered","","","0","https://github.com/BAITC-Hacks/hack-b85732c8-baizhanrakhimbek-code"
"1381715963","Bak09","discovered","","","0","https://github.com/BAITC-Hacks/hack-9c6d5815-bak09"
"1381626922","Bakdaulet-lab","discovered","","","0","https://github.com/BAITC-Hacks/hack-d3504b88-bakdaulet-lab"
"1381655187","Baken17","discovered","","","0","https://github.com/BAITC-Hacks/hack-59e287ef-baken17"
"1381747451","Bakenski","discovered","","","0","https://github.com/BAITC-Hacks/hack-3c0984f7-bakenski"
"1381687578","bakhyttuly","discovered","","","0","https://github.com/BAITC-Hacks/hack-b530f26e-bakhyttuly"
"1381659038","bakhytzhanjzz","discovered","","","0","https://github.com/BAITC-Hacks/hack-4cd942ec-bakhytzhanjzz"
"1381719479","Bakoni-ai","discovered","","","0","https://github.com/BAITC-Hacks/hack-639d13fe-bakoni-ai"
"1381727306","bakota-t","ready","","60066203ef4ea69c710673539597df5024bce40f","1","https://github.com/BAITC-Hacks/hack-07195994-bakota-t"
"1378595029","ballball","discovered","","","0","https://github.com/BAITC-Hacks/hack-a617a450-ballball"
"1374308368","BAM","discovered","","","0","https://github.com/BAITC-Hacks/hack-f9d0e55a-bam"
"1381716519","bamankar","ready","","4cfe543efee9212cf6a507d8e5cd24d5f4b1ac7f","1","https://github.com/BAITC-Hacks/hack-000e2fb7-bamankar"
"1361374826","BAN AI","discovered","","","0","https://github.com/BAITC-Hacks/hack-4853e092-ban-ai"
"1378666802","Bar code scanner","discovered","","","0","https://github.com/BAITC-Hacks/hack-70cbe048-bar-code-scanner"
"1363072171","Barni","discovered","","","0","https://github.com/BAITC-Hacks/hack-7bc108f9-barni"
"1371447466","Barni","discovered","","","0","https://github.com/BAITC-Hacks/hack-e4005593-barni"
"1375810592","BARS","discovered","","","0","https://github.com/BAITC-Hacks/hack-aa7f4da9-bars"
"1374109424","BASPALDAQ","discovered","","","0","https://github.com/BAITC-Hacks/hack-488285c1-baspaldaq"
"1376104340","BASPALDAQ","discovered","","","0","https://github.com/BAITC-Hacks/hack-7670b911-baspaldaq"
"1381751617","bateman26d","discovered","","","0","https://github.com/BAITC-Hacks/hack-632e3813-bateman26d"
"1371612371","BATTERY","discovered","","","0","https://github.com/BAITC-Hacks/hack-43d89dff-battery"
"1364392231","Batys Build","ready","","2503eff09fffc111997e070573a9c56935fe7af1","73","https://github.com/BAITC-Hacks/hack-3667303b-batys-build"
"1381723659","Bauirjan005","discovered","","","0","https://github.com/BAITC-Hacks/hack-bc71fe55-bauirjan005"
"1381661738","bauka0602","discovered","","","0","https://github.com/BAITC-Hacks/hack-90e1c66b-bauka0602"
"1365792905","baursaq","discovered","","","0","https://github.com/BAITC-Hacks/hack-5fe3ca84-baursaq"
"1374321708","baursaq-test","ready","","62098f19053de61c61a04d674af1d7bb047e9463","1","https://github.com/BAITC-Hacks/hack-2d4a47b2-baursaq-test"
"1379853167","BaursaqNeitron","discovered","","","0","https://github.com/BAITC-Hacks/hack-a203da99-baursaqneitron"
"1381716384","Baxa2367","discovered","","","0","https://github.com/BAITC-Hacks/hack-c2bfc121-baxa2367"
"1355306944","Bay Area Kids","discovered","","","0","https://github.com/BAITC-Hacks/hack-68326f6e-bay-area-kids"
"1371363241","Bay Area Kids","discovered","","","0","https://github.com/BAITC-Hacks/hack-822d41eb-bay-area-kids"
"1381713307","Bayan","discovered","","","0","https://github.com/BAITC-Hacks/hack-f349ab11-bayan"
"1381660566","baysangur095","discovered","","","0","https://github.com/BAITC-Hacks/hack-8e13bfd6-baysangur095"
"1375683535","BBC","ready","","13d2271e846f6566219d8899ac7bf3085865debd","108","https://github.com/BAITC-Hacks/hack-37d3e924-bbc"
"1361806049","bda2402","discovered","","","0","https://github.com/BAITC-Hacks/hack-fd49dd54-bda2402"
"1371263151","Be ( Better Education)","ready","","25d84c0b5072a14ec669fcca452fd53062a65332","1","https://github.com/BAITC-Hacks/hack-0c3703d8-be-better-education"
"1371338389","Be LIke AI","discovered","","","0","https://github.com/BAITC-Hacks/hack-cd51b8b1-be-like-ai"
"1365617161","BE-(Better Education)","ready","","7057dce17b89046841db81ff3b37237485663dbd","1","https://github.com/BAITC-Hacks/hack-04cbe46f-be--better-education"
"1377241997","bears.","discovered","","","0","https://github.com/BAITC-Hacks/hack-97e25780-bears"
"1381627856","BeastBoy2209","discovered","","","0","https://github.com/BAITC-Hacks/hack-e56dfc41-beastboy2209"
"1374596597","BeatTeamTripleXZXC","discovered","","","0","https://github.com/BAITC-Hacks/hack-694c6f39-beatteamtriplexzxc"
"1354845735","Beaver","discovered","","","0","https://github.com/BAITC-Hacks/hack-7d83393e-beaver"
"1381735221","beaverdell","discovered","","","0","https://github.com/BAITC-Hacks/hack-8912e59f-beaverdell"
"1364662029","Bebrus","discovered","","","0","https://github.com/BAITC-Hacks/hack-676719dc-bebrus"
"1380877473","BeeX","discovered","","","0","https://github.com/BAITC-Hacks/hack-b57fd302-beex"
"1381745412","Beg1sJR","discovered","","","0","https://github.com/BAITC-Hacks/hack-97baf0d2-beg1sjr"
"1378617103","Begemot","discovered","","","0","https://github.com/BAITC-Hacks/hack-ed8c23b2-begemot"
"1376629638","Begginers","discovered","","","0","https://github.com/BAITC-Hacks/hack-ebb30857-begginers"
"1379738944","Beginner","discovered","","","0","https://github.com/BAITC-Hacks/hack-dba490dc-beginner"
"1381754743","beginore","discovered","","","0","https://github.com/BAITC-Hacks/hack-67ac0f25-beginore"
"1377063637","BeGreen","discovered","","","0","https://github.com/BAITC-Hacks/hack-d17f2c59-begreen"
"1381659965","BegzatMamatkarimov","discovered","","","0","https://github.com/BAITC-Hacks/hack-9f8bfd3f-begzatmamatkarimov"
"1357909292","BeibitAI","ready","","416bb9b2aa51b28c56ece9e5f223aca4e9231b50","1","https://github.com/BAITC-Hacks/hack-0c8061c8-beibitai"
"1381674407","BeisenbekAbai","discovered","","","0","https://github.com/BAITC-Hacks/hack-8f45cc0a-beisenbekabai"
"1379478999","Beiymai","discovered","","","0","https://github.com/BAITC-Hacks/hack-e184fe3d-beiymai"
"1360547189","Bek","ready","","be9ffad3c8e1103f457b9394445ed011bc5584ad","149","https://github.com/BAITC-Hacks/hack-316738af-bek"
"1381677576","beka","discovered","","","0","https://github.com/BAITC-Hacks/hack-ea374545-beka"
"1381711143","bekaa6","discovered","","","0","https://github.com/BAITC-Hacks/hack-8f5c55c2-bekaa6"
"1360226826","bekbalbek","ready","","45e5c698a32725fb64c0fd23c05ba501a82a1cd4","202","https://github.com/BAITC-Hacks/hack-1c29d967-bekbalbek"
"1381661091","bekbolatnurkasyn51-semei","discovered","","","0","https://github.com/BAITC-Hacks/hack-3fc9e5ad-bekbolatnurkasyn51-semei"
"1381658768","bekeigulbanu-prog","discovered","","","0","https://github.com/BAITC-Hacks/hack-9f57bd90-bekeigulbanu-prog"
"1381759698","bekenoff","ready","","5243cabd89465493f988efa5224ef5d4812ed33e","1","https://github.com/BAITC-Hacks/hack-370df32f-bekenoff"
"1381698367","Bekhruz","discovered","","","0","https://github.com/BAITC-Hacks/hack-7e6de9e2-bekhruz"
"1381193957","Beknur","discovered","","","0","https://github.com/BAITC-Hacks/hack-eb3ba7a0-beknur"
"1381707532","Bekulan","ready","","b3701afc9a0f58c11b4f4de3eebebe4f7eaeb6f3","1","https://github.com/BAITC-Hacks/hack-06efb8be-bekulan"
"1366440828","BELES","discovered","","","0","https://github.com/BAITC-Hacks/hack-5a75f2ac-beles"
"1379589914","Beles","discovered","","","0","https://github.com/BAITC-Hacks/hack-5f92a165-beles"
"1356070355","BENTOM","ready","","84c8112df6e58f154fce5bad52e5c15223f7758b","1","https://github.com/BAITC-Hacks/hack-1425573f-bentom"
"1376754650","BenzTeam","ready","","77e2a82f45f4806950813dcf1dbee38d90e455a5","7","https://github.com/BAITC-Hacks/hack-1d18544b-benzteam"
"1381712305","berdikulajdos1","discovered","","","0","https://github.com/BAITC-Hacks/hack-7a4b5a89-berdikulajdos1"
"1381668695","berik","discovered","","","0","https://github.com/BAITC-Hacks/hack-38b41e3b-berik"
"1282388852","BEst","ready","","4b035fa369c3f0778d72e80ad7d5de5799dd2d5b","1","https://github.com/BAITC-Hacks/hack-1e4a21e0-best"
"1379485480","Better Call YOLO","discovered","","","0","https://github.com/BAITC-Hacks/hack-3ec8171e-better-call-yolo"
"1381664298","Bewin-btw","discovered","","","0","https://github.com/BAITC-Hacks/hack-bcd2c6ea-bewin-btw"
"1381699774","bexultanov11","discovered","","","0","https://github.com/BAITC-Hacks/hack-abe20389-bexultanov11"
"1369481830","Beyond the Context Window","discovered","","","0","https://github.com/BAITC-Hacks/hack-b118e187-beyond-the-context-window"
"1356351563","Beyonder","discovered","","","0","https://github.com/BAITC-Hacks/hack-774a9321-beyonder"
"1374167592","Beyonder","discovered","","","0","https://github.com/BAITC-Hacks/hack-e3d275af-beyonder"
"1366530070","BEZBAB","discovered","","","0","https://github.com/BAITC-Hacks/hack-ccf09524-bezbab"
"1374587305","bezdarez","discovered","","","0","https://github.com/BAITC-Hacks/hack-e9acc52d-bezdarez"
"1379795734","bezdarez","ready","","b1750421810e4cc3a6596b74ed559105f92ec9de","3","https://github.com/BAITC-Hacks/hack-0ac1277d-bezdarez"
"1364722556","bezdarri","discovered","","","0","https://github.com/BAITC-Hacks/hack-96c2791a-bezdarri"
"1364636162","BGK-TEAM","discovered","","","0","https://github.com/BAITC-Hacks/hack-810705c9-bgk-team"
"1364626868","BibaMansBaha","discovered","","","0","https://github.com/BAITC-Hacks/hack-53afffc3-bibamansbaha"
"1373927601","BIG 3ree","discovered","","","0","https://github.com/BAITC-Hacks/hack-6562e101-big-3ree"
"1379455293","Big-3","ready","","5746cdcc3a16041394022f72df34c510493d6a3c","1","https://github.com/BAITC-Hacks/hack-2d0fadf6-big-3"
"1381663763","bigazinilias06-oss","discovered","","","0","https://github.com/BAITC-Hacks/hack-62578d2c-bigazinilias06-oss"
"1381683308","bigb76869-dotcom","discovered","","","0","https://github.com/BAITC-Hacks/hack-6a782559-bigb76869-dotcom"
"1381677982","bihan1","discovered","","","0","https://github.com/BAITC-Hacks/hack-75f5aedc-bihan1"
"1365372268","Bilge","discovered","","","0","https://github.com/BAITC-Hacks/hack-629b990b-bilge"
"1354674596","BILionaires","discovered","","","0","https://github.com/BAITC-Hacks/hack-54278eb5-bilionaires"
"1353143193","BIMteam","discovered","","","0","https://github.com/BAITC-Hacks/hack-873d221c-bimteam"
"1378677838","binary brains","discovered","","","0","https://github.com/BAITC-Hacks/hack-686c5f69-binary-brains"
"1361565508","BinaryHood","discovered","","","0","https://github.com/BAITC-Hacks/hack-962c6ea9-binaryhood"
"1376066917","BioGraph","discovered","","","0","https://github.com/BAITC-Hacks/hack-80d7035f-biograph"
"1375451631","Birge Makers","discovered","","","0","https://github.com/BAITC-Hacks/hack-b075b48b-birge-makers"
"1367467057","Birkaliito","discovered","","","0","https://github.com/BAITC-Hacks/hack-938e08c5-birkaliito"
"1381715234","birzhansovetov","discovered","","","0","https://github.com/BAITC-Hacks/hack-d83d8371-birzhansovetov"
"1381716103","bisalya7","discovered","","","0","https://github.com/BAITC-Hacks/hack-63f0c02f-bisalya7"
"1381688508","bisembaevaaigerim","ready","","23777477912e7bf1c3f81166db1d473a6fa9bb0d","1","https://github.com/BAITC-Hacks/hack-09131236-bisembaevaaigerim"
"1351354450","BizAI","discovered","","","0","https://github.com/BAITC-Hacks/hack-dcb4d3bc-bizai"
"1379665448","BizBox-AI","discovered","","","0","https://github.com/BAITC-Hacks/hack-f5e895b9-bizbox-ai"
"1377254047","Bizhan-team","discovered","","","0","https://github.com/BAITC-Hacks/hack-e805e31f-bizhan-team"
"1378596044","BK-Group","ready","","7023b2a6fbaabd3d55800e3aba85174ce2d413da","58","https://github.com/BAITC-Hacks/hack-272a0f3c-bk-group"
"1375914668","Black Time","ready","","350a95bc5cb9546060ef806b3943554837d58d9a","37","https://github.com/BAITC-Hacks/hack-010f81b0-black-time"
"1376150801","blackhole overflow","discovered","","","0","https://github.com/BAITC-Hacks/hack-c044bd63-blackhole-overflow"
"1381700540","BlazE-09X","ready","","90957acdad124e1faf57ba0112c80dfcad2c78e6","1","https://github.com/BAITC-Hacks/hack-143cc2ef-blaze-09x"
"1379445321","BLC","discovered","","","0","https://github.com/BAITC-Hacks/hack-672f7d10-blc"
"1374343892","Bling Bling","discovered","","","0","https://github.com/BAITC-Hacks/hack-fdbf4c2c-bling-bling"
"1363830100","Blitz","ready","","4fb01e59b6b82c5a2b7a338fb81f4712d02731bb","56","https://github.com/BAITC-Hacks/hack-1790cb51-blitz"
"1377299734","BlueLens","discovered","","","0","https://github.com/BAITC-Hacks/hack-5c17db41-bluelens"
"1361346177","BMW TechRally","discovered","","","0","https://github.com/BAITC-Hacks/hack-5107032b-bmw-techrally"
"1361090232","BMY","discovered","","","0","https://github.com/BAITC-Hacks/hack-e370d504-bmy"
"1372983809","BOGDAN","ready","","e919469bff0633fb84fafe67fdad0eda01661ee7","27","https://github.com/BAITC-Hacks/hack-346a2be1-bogdan"
"1364714672","Bolme","discovered","","","0","https://github.com/BAITC-Hacks/hack-614786e3-bolme"
"1349577902","BoltWW","ready","","07a75faa525f48e7aa57cd6f26baf2ab28a6f619","1","https://github.com/BAITC-Hacks/hack-23b31d1c-boltww"
"1371322642","BoltWW","ready","","309dd51f657445039c1fd9e88655ea3e7f499248","1","https://github.com/BAITC-Hacks/hack-2c5436ed-boltww"
"1367066641","BOM КазАЙ","discovered","","","0","https://github.com/BAITC-Hacks/hack-518b6a53-bom"
"1381735606","Bombastic001","discovered","","","0","https://github.com/BAITC-Hacks/hack-92c4ac11-bombastic001"
"1378594694","Bond","discovered","","","0","https://github.com/BAITC-Hacks/hack-942670f0-bond"
"1374859273","Book Hub","ready","","e6db4cc1ff191a0ea27802416596933ed2e12b22","1","https://github.com/BAITC-Hacks/hack-18fdf6dd-book-hub"
"1381699620","Borisova0","discovered","","","0","https://github.com/BAITC-Hacks/hack-77d23d03-borisova0"
"1381721017","botabekov","discovered","","","0","https://github.com/BAITC-Hacks/hack-cddf6869-botabekov"
"1381698663","botakozizbasar816-gif","discovered","","","0","https://github.com/BAITC-Hacks/hack-7bee4b72-botakozizbasar816-gif"
"1372493526","BrainBlitz","discovered","","","0","https://github.com/BAITC-Hacks/hack-ffe55ead-brainblitz"
"1381268367","brainrotted videcoders","ready","","22022a2fd8ad4fd1e2c4a1039c511cd2737a938c","1","https://github.com/BAITC-Hacks/hack-1d18839f-brainrotted-videcoders"
"1360432585","brawl stars","discovered","","","0","https://github.com/BAITC-Hacks/hack-d5d84898-brawl-stars"
"1376042941","Brazhers","discovered","","","0","https://github.com/BAITC-Hacks/hack-ef42c09b-brazhers"
"1379504329","BreakLoop AI","discovered","","","0","https://github.com/BAITC-Hacks/hack-a8ecb9ad-breakloop-ai"
"1354694034","BRILLIANTS","ready","","f41360b4b8b607f5559a462d2f35955128a650a2","1","https://github.com/BAITC-Hacks/hack-176c6544-brilliants"
"1371344341","BRILLIANTS","discovered","","","0","https://github.com/BAITC-Hacks/hack-a7deda0f-brilliants"
"1371353648","BRILLIANTS!","discovered","","","0","https://github.com/BAITC-Hacks/hack-6a16025e-brilliants"
"1375660399","Brogrammers","ready","","b71f1993263edb1e0b576ab25630cc7e824b5346","75","https://github.com/BAITC-Hacks/hack-1d79395e-brogrammers"
"1379660249","Brogrammers","discovered","","","0","https://github.com/BAITC-Hacks/hack-455a571e-brogrammers"
"1349414561","broken_pipeline","discovered","","","0","https://github.com/BAITC-Hacks/hack-fe4cb323-broken-pipeline"
"1371439267","broken_pipeline","ready","","b9b2ca5c57033f32873fa1c81a2fa5f600d073ca","1","https://github.com/BAITC-Hacks/hack-2d74e071-broken-pipeline"
"1370336208","BrokySpace","ready","","e419995949695290839b02403e9596fba261cffc","34","https://github.com/BAITC-Hacks/hack-31599fbc-brokyspace"
"1370372169","Brukuy","discovered","","","0","https://github.com/BAITC-Hacks/hack-8defbb85-brukuy"
"1374470095","Brutal mog","ready","","2d7e873d287b92f2605062548c498961bd16cbf0","1","https://github.com/BAITC-Hacks/hack-3275981d-brutal-mog"
"1371712681","Bruteforce","discovered","","","0","https://github.com/BAITC-Hacks/hack-c387e43c-bruteforce"
"1379646382","Bruteforce","discovered","","","0","https://github.com/BAITC-Hacks/hack-c228357a-bruteforce"
"1369823753","Bsmlh","discovered","","","0","https://github.com/BAITC-Hacks/hack-c1d91e20-bsmlh"
"1371321423","Bsmlh","discovered","","","0","https://github.com/BAITC-Hacks/hack-decfb3b6-bsmlh"
"1369262199","BSR","discovered","","","0","https://github.com/BAITC-Hacks/hack-3f85dbff-bsr"
"1366035290","BSSID","ready","","373fa4296af1ce5481f1c290c0dc4212b7a76a2e","62","https://github.com/BAITC-Hacks/hack-1b12861b-bssid"
"1377443401","Build Design","discovered","","","0","https://github.com/BAITC-Hacks/hack-bbe5b1ee-build-design"
"1374836260","Build_your_dream","discovered","","","0","https://github.com/BAITC-Hacks/hack-50369127-build-your-dream"
"1368290383","BuildAlem","discovered","","","0","https://github.com/BAITC-Hacks/hack-9a31a338-buildalem"
"1377057933","BuildBreakBlock","discovered","","","0","https://github.com/BAITC-Hacks/hack-9a5fe013-buildbreakblock"
"1380856091","Builders","discovered","","","0","https://github.com/BAITC-Hacks/hack-8d5054cd-builders"
"1377023422","BuildLogicAI","ready","","9530c697ff4dfcbb2ad31ad8ea36081da54e574c","1","https://github.com/BAITC-Hacks/hack-1138dd68-buildlogicai"
"1374082167","Builoff","discovered","","","0","https://github.com/BAITC-Hacks/hack-a716d39d-builoff"
"1374181201","Builoff","ready","","6492409d4a4323efaea80ac7de3839a5eefff38d","17","https://github.com/BAITC-Hacks/hack-2a888829-builoff"
"1370969243","Bul Bul Corp","discovered","","","0","https://github.com/BAITC-Hacks/hack-f035d723-bul-bul-corp"
"1377298190","Bulan","discovered","","","0","https://github.com/BAITC-Hacks/hack-905c9611-bulan"
"1376140148","Bulduck","ready","","02b996f683f696375273b2b73a8384458e17bedf","20","https://github.com/BAITC-Hacks/hack-0e4a4153-bulduck"
"1381717248","bulldozerov","discovered","","","0","https://github.com/BAITC-Hacks/hack-62f1eafd-bulldozerov"
"1349403584","burgeri","ready","","3a327b5ce17f08f39eecf79cddeed2658b0d70e2","1","https://github.com/BAITC-Hacks/hack-02f70e52-burgeri"
"1372934485","Burkit team","discovered","","","0","https://github.com/BAITC-Hacks/hack-f11703d9-burkit-team"
"1375588727","Butaq2.0","discovered","","","0","https://github.com/BAITC-Hacks/hack-fb68e683-butaq2-0"
"1376070985","Butterfly","discovered","","","0","https://github.com/BAITC-Hacks/hack-c52f5e57-butterfly"
"1370898737","Butterfly Effect","ready","","3e1b464caaafa34e63a51a510f7738722c2b1aac","1","https://github.com/BAITC-Hacks/hack-16e797e3-butterfly-effect"
"1349973422","byMAS","ready","","f3586c63d50f1f7bac8cf89778cf82b95ec3f8bc","1","https://github.com/BAITC-Hacks/hack-1911dca3-bymas"
"1379833426","Bypass","discovered","","","0","https://github.com/BAITC-Hacks/hack-be767479-bypass"
"1373956920","ByteBrains","discovered","","","0","https://github.com/BAITC-Hacks/hack-990d28f6-bytebrains"
"1373986648","Byteford United","ready","","be258a947f547c22bc35d03de872c7909539463c","30","https://github.com/BAITC-Hacks/hack-033bf26b-byteford-united"
"1363851769","Bälish","ready","","c34e579eb72d3ed61194db812f200133916b8365","1","https://github.com/BAITC-Hacks/hack-2df89a95-b-lish"
"1358351806","C-3PO","discovered","","","0","https://github.com/BAITC-Hacks/hack-987b5a03-c-3po"
"1371319268","C-3PO","discovered","","","0","https://github.com/BAITC-Hacks/hack-d520d947-c-3po"
"1360331269","C0mr4d3s","discovered","","","0","https://github.com/BAITC-Hacks/hack-cdb3e1b8-c0mr4d3s"
"1377230409","Cactus","ready","","547168ecccaaf3908437f25715eb2d0e3b807aa4","9","https://github.com/BAITC-Hacks/hack-0aa7de99-cactus"
"1371365185","Caffeine++","discovered","","","0","https://github.com/BAITC-Hacks/hack-9e6cca6f-caffeine"
"1373202235","Caffeine++","ready","","7dc534e36c96647412a6ab653945180467881492","1","https://github.com/BAITC-Hacks/hack-2e9699a7-caffeine"
"1374202832","CaffeineGrinders","discovered","","","0","https://github.com/BAITC-Hacks/hack-d5e94b09-caffeinegrinders"
"1367241928","cAIcada","discovered","","","0","https://github.com/BAITC-Hacks/hack-8cda500b-caicada"
"1374617867","CairX","ready","","041adf8fd0da0e2e4fc9c7f8b89029b47ccba65d","38","https://github.com/BAITC-Hacks/hack-26559053-cairx"
"1365983857","CAIU Tech","discovered","","","0","https://github.com/BAITC-Hacks/hack-68c072c4-caiu-tech"
"1374127461","California_Gurls","discovered","","","0","https://github.com/BAITC-Hacks/hack-7c7beccf-california-gurls"
"1375982882","Calvados","discovered","","","0","https://github.com/BAITC-Hacks/hack-ac07b82a-calvados"
"1381411079","Camelot","discovered","","","0","https://github.com/BAITC-Hacks/hack-ba83f52d-camelot"
"1377423183","Cancer-Solution","discovered","","","0","https://github.com/BAITC-Hacks/hack-984eef08-cancer-solution"
"1367585853","CAPEXNULL","ready","","04c931d0606abf1b9f5dd019dd65b5e6f91243d7","28","https://github.com/BAITC-Hacks/hack-1fc1b22e-capexnull"
"1371307962","Capybaras","discovered","","","0","https://github.com/BAITC-Hacks/hack-3d8c1e6b-capybaras"
"1381685738","CaradoX","discovered","","","0","https://github.com/BAITC-Hacks/hack-ea0d6ccf-caradox"
"1371392266","CareTech","discovered","","","0","https://github.com/BAITC-Hacks/hack-a7cf2003-caretech"
"1381740061","catfromussr","discovered","","","0","https://github.com/BAITC-Hacks/hack-8921f218-catfromussr"
"1371239294","Cathays","discovered","","","0","https://github.com/BAITC-Hacks/hack-ea9d4245-cathays"
"1371113432","CBI","discovered","","","0","https://github.com/BAITC-Hacks/hack-56cf3a8a-cbi"
"1372625466","Celebrity","discovered","","","0","https://github.com/BAITC-Hacks/hack-a130278e-celebrity"
"1363867278","Centras AI HUB","discovered","","","0","https://github.com/BAITC-Hacks/hack-b0093e63-centras-ai-hub"
"1375708911","Cerebrum","discovered","","","0","https://github.com/BAITC-Hacks/hack-deb8a427-cerebrum"
"1363833867","ChachMechanics","discovered","","","0","https://github.com/BAITC-Hacks/hack-a9db1b13-chachmechanics"
"1377251958","Chalike","ready","","537d34b9283b42f9569b5ce6502926c9198b8845","1","https://github.com/BAITC-Hacks/hack-2fd44730-chalike"
"1367664011","Champions Only STU","discovered","","","0","https://github.com/BAITC-Hacks/hack-f514f733-champions-only-stu"
"1381728257","chanch0pa","discovered","","","0","https://github.com/BAITC-Hacks/hack-a09b1e73-chanch0pa"
"1381641298","Chapay","discovered","","","0","https://github.com/BAITC-Hacks/hack-e8e0707d-chapay"
"1353605246","Che Guevara","discovered","","","0","https://github.com/BAITC-Hacks/hack-a134e4a7-che-guevara"
"1371344070","Che Guevara","discovered","","","0","https://github.com/BAITC-Hacks/hack-85b5a829-che-guevara"
"1379940878","Che Guevara","ready","","0bcbaf60c67f83de89a8c81037f6a2633b634521","1","https://github.com/BAITC-Hacks/hack-16c8a02a-che-guevara"
"1381657792","CheLOVEchik","ready","","1aea9c99fbd0d2d6e3b09cccf2bcdf0dae5f1238","1","https://github.com/BAITC-Hacks/hack-256332ca-chelovechik"
"1372973476","ChezaurodynaHackathone","discovered","","","0","https://github.com/BAITC-Hacks/hack-38743673-chezaurodynahackathone"
"1374076177","CheZaUrodyNaHackathone-t2","discovered","","","0","https://github.com/BAITC-Hacks/hack-eabb9f26-chezaurodynahackathone-t2"
"1379526432","CheZaUrodyNaHackatone v3","discovered","","","0","https://github.com/BAITC-Hacks/hack-ec68d108-chezaurodynahackatone-v3"
"1375650096","Chicks","discovered","","","0","https://github.com/BAITC-Hacks/hack-f84ee748-chicks"
"1379926734","chiikawa","discovered","","","0","https://github.com/BAITC-Hacks/hack-94cfdc5b-chiikawa"
"1377250950","chill dev","discovered","","","0","https://github.com/BAITC-Hacks/hack-72346efa-chill-dev"
"1371406212","chill pepper","ready","","197c2376f0279acbb8528a89c55835943ec8159b","1","https://github.com/BAITC-Hacks/hack-1202b791-chill-pepper"
"1369828774","Chinese","discovered","","","0","https://github.com/BAITC-Hacks/hack-ea95d0bb-chinese"
"1374269298","chinese supreme","discovered","","","0","https://github.com/BAITC-Hacks/hack-417d8492-chinese-supreme"
"1371366371","Chinesee","discovered","","","0","https://github.com/BAITC-Hacks/hack-c304ab69-chinesee"
"1371245280","ChineseSupreme","discovered","","","0","https://github.com/BAITC-Hacks/hack-f03df2e4-chinesesupreme"
"1381652495","Chips42","ready","","9e4adefba0cef9b027ab522db15acde29f969a74","1","https://github.com/BAITC-Hacks/hack-0a46cf2a-chips42"
"1379401431","chrollo","discovered","","","0","https://github.com/BAITC-Hacks/hack-46aa131a-chrollo"
"1381649490","Chtot0tam","discovered","","","0","https://github.com/BAITC-Hacks/hack-e4fa0cd8-chtot0tam"
"1377191777","Chupapi","ready","","54d2cbe791996883dc99d026ac54313c07201f09","32","https://github.com/BAITC-Hacks/hack-1cef21cf-chupapi"
"1374448466","chygys","discovered","","","0","https://github.com/BAITC-Hacks/hack-5c1f45b6-chygys"
"1371232774","Cindrelo","discovered","","","0","https://github.com/BAITC-Hacks/hack-e4fa63ee-cindrelo"
"1361703954","Claude Code Warriors","discovered","","","0","https://github.com/BAITC-Hacks/hack-b99ff352-claude-code-warriors"
"1354804747","Claudecoders","ready","","baec25bfc9a9124f0c928fd1949abe01da137247","1","https://github.com/BAITC-Hacks/hack-2074fc44-claudecoders"
"1361176557","ClinicOS","ready","","8063002f751b0ef35f057611eb3968cec3421744","1","https://github.com/BAITC-Hacks/hack-1ae8009a-clinicos"
"1362545332","Clouds","discovered","","","0","https://github.com/BAITC-Hacks/hack-fbdd7ad1-clouds"
"1363883314","Code & Design","discovered","","","0","https://github.com/BAITC-Hacks/hack-cf5b3e57-code-design"
"1375698203","code 302","discovered","","","0","https://github.com/BAITC-Hacks/hack-4d1bb40a-code-302"
"1379752877","Code 302","ready","","fdbf1db260eb040164f366766ae80f56011bb09f","8","https://github.com/BAITC-Hacks/hack-2300c9c2-code-302"
"1378467064","Code 418","discovered","","","0","https://github.com/BAITC-Hacks/hack-85e9208f-code-418"
"1376265001","Code Red","discovered","","","0","https://github.com/BAITC-Hacks/hack-472880c8-code-red"
"1369599510","Code3","discovered","","","0","https://github.com/BAITC-Hacks/hack-faed41f1-code3"
"1374078704","CodeAI","discovered","","","0","https://github.com/BAITC-Hacks/hack-bfb7d63d-codeai"
"1374303780","CodeMinister","discovered","","","0","https://github.com/BAITC-Hacks/hack-9bb95b6b-codeminister"
"1381650761","CoderQudratov","discovered","","","0","https://github.com/BAITC-Hacks/hack-a9974c1e-coderqudratov"
"1361324173","CodeWave","discovered","","","0","https://github.com/BAITC-Hacks/hack-7e4bd9ac-codewave"
"1378557463","Codex","discovered","","","0","https://github.com/BAITC-Hacks/hack-d4dadcd1-codex"
"1366360126","CODEX MONSTERS","ready","","7be9804e94bd9db5c052f11294a5f4fd5e906560","126","https://github.com/BAITC-Hacks/hack-20ebc90b-codex-monsters"
"1372873882","Codex, make no mistakes","discovered","","","0","https://github.com/BAITC-Hacks/hack-f5ec9a3e-codex-make-no-mistakes"
"1376774816","CodexFlow","ready","","69d4f760cc3194a845217f1c6130f119540f713d","64","https://github.com/BAITC-Hacks/hack-22efa0ed-codexflow"
"1378455089","Coding","discovered","","","0","https://github.com/BAITC-Hacks/hack-8ba70b88-coding"
"1376931338","coding under/over 0.5sec delay","discovered","","","0","https://github.com/BAITC-Hacks/hack-dfa9ca0e-coding-under-over-0-5sec-delay"
"1376202946","Coffee2Code","ready","","035d953342555df73837979fcc5bc5e65d4dc774","1","https://github.com/BAITC-Hacks/hack-36c515b2-coffee2code"
"1376136221","CoffeeCode","discovered","","","0","https://github.com/BAITC-Hacks/hack-8f831550-coffeecode"
"1377312601","Cognitive Shift","discovered","","","0","https://github.com/BAITC-Hacks/hack-c693b2f9-cognitive-shift"
"1374437458","commanda","discovered","","","0","https://github.com/BAITC-Hacks/hack-a9b3d5f8-commanda"
"1376420238","Commit and Pray","discovered","","","0","https://github.com/BAITC-Hacks/hack-ed2dd7b0-commit-and-pray"
"1376936925","Conqueror","discovered","","","0","https://github.com/BAITC-Hacks/hack-f69e7544-conqueror"
"1376763731","Conquest","discovered","","","0","https://github.com/BAITC-Hacks/hack-3fc2bef7-conquest"
"1371290184","ConstTeam","discovered","","","0","https://github.com/BAITC-Hacks/hack-5855b967-constteam"
"1373071798","Core 2 Duo","discovered","","","0","https://github.com/BAITC-Hacks/hack-dd7f161b-core-2-duo"
"1374678552","coronafly","discovered","","","0","https://github.com/BAITC-Hacks/hack-ba55b7af-coronafly"
"1359724166","CORSA","discovered","","","0","https://github.com/BAITC-Hacks/hack-b1abb997-corsa"
"1365426905","Cortex","discovered","","","0","https://github.com/BAITC-Hacks/hack-39ae602b-cortex"
"1365580506","Covuni","discovered","","","0","https://github.com/BAITC-Hacks/hack-c99f3764-covuni"
"1374307741","CR7 Mentality","discovered","","","0","https://github.com/BAITC-Hacks/hack-84eefdc9-cr7-mentality"
"1371176203","Crazy AI","discovered","","","0","https://github.com/BAITC-Hacks/hack-71834b72-crazy-ai"
"1374047628","CrazyMegaHell","ready","","77bfa0e4a69247622d4916e5f8da6ace563ab12c","1","https://github.com/BAITC-Hacks/hack-301144d7-crazymegahell"
"1377328837","Creata Group","discovered","","","0","https://github.com/BAITC-Hacks/hack-a641cafa-creata-group"
"1376134746","CreateCode","ready","","d1812fcc35a4be862ba56001ae28dd681af359d7","1","https://github.com/BAITC-Hacks/hack-223b104b-createcode"
"1374528493","Creepers","discovered","","","0","https://github.com/BAITC-Hacks/hack-3b4a7b41-creepers"
"1381762875","crispynale","ready","","2204ee70c897daf35fb80150bc559a94d14db468","1","https://github.com/BAITC-Hacks/hack-266c57aa-crispynale"
"1375673627","Crypt002","ready","","f712e985883440632c866977a22ddc192d7d16a0","1","https://github.com/BAITC-Hacks/hack-01f131b5-crypt002"
"1375673766","Crypto","discovered","","","0","https://github.com/BAITC-Hacks/hack-a5206b04-crypto"
"1381667459","cs","discovered","","","0","https://github.com/BAITC-Hacks/hack-384fb56b-cs"
"1379804067","cs-2602-kuma-test","ready","","e13c5baacdcc5d738c1320adfdd39ee6a5d6d4ca","3","https://github.com/BAITC-Hacks/hack-0143a670-cs-2602-kuma-test"
"1374231997","Cs-2614ww","discovered","","","0","https://github.com/BAITC-Hacks/hack-fdb1965e-cs-2614ww"
"1375658468","cs1.6","discovered","","","0","https://github.com/BAITC-Hacks/hack-9fc936ca-cs1-6"
"1371364897","cs2602","ready","","020bb1f3df049d7dc055f733e77f3f298e4d527f","1","https://github.com/BAITC-Hacks/hack-2c17d471-cs2602"
"1365717178","cs2602-kuma","discovered","","","0","https://github.com/BAITC-Hacks/hack-624e61fd-cs2602-kuma"
"1374025220","cs_solution","ready","","9beefff021370f0565ae3ff7eee3dba9a118fc8d","1","https://github.com/BAITC-Hacks/hack-36b54388-cs-solution"
"1377053451","Ctrl + C","ready","","d8e77a7b3c882087a5bb29336c8118f60ae2839b","157","https://github.com/BAITC-Hacks/hack-3263a402-ctrl-c"
"1379411737","Ctrl + She","discovered","","","0","https://github.com/BAITC-Hacks/hack-a7a60119-ctrl-she"
"1362277248","Ctrl AI","discovered","","","0","https://github.com/BAITC-Hacks/hack-f746c068-ctrl-ai"
"1371157559","Ctrl Alt Elite","ready","","1f52abda67eae4db7523c4b94780746e9fad0b56","1","https://github.com/BAITC-Hacks/hack-20b3346d-ctrl-alt-elite"
"1371266109","Ctrl+C","discovered","","","0","https://github.com/BAITC-Hacks/hack-64e68e32-ctrl-c"
"1372858263","ctrl+C","discovered","","","0","https://github.com/BAITC-Hacks/hack-9923a583-ctrl-c"
"1366566905","CTRL+C+V","discovered","","","0","https://github.com/BAITC-Hacks/hack-9fde842a-ctrl-c-v"
"1371303041","ctrl+love","discovered","","","0","https://github.com/BAITC-Hacks/hack-e23a5cf4-ctrl-love"
"1365649114","Ctrl+She","discovered","","","0","https://github.com/BAITC-Hacks/hack-a562d96b-ctrl-she"
"1371343149","Ctrl+She","discovered","","","0","https://github.com/BAITC-Hacks/hack-4cda3db2-ctrl-she"
"1369474100","Ctrl+Us","discovered","","","0","https://github.com/BAITC-Hacks/hack-cf587db8-ctrl-us"
"1368182691","Ctrl+Ә","ready","","72da90e675c89fb673ae8c18d4271bcf432d353d","1","https://github.com/BAITC-Hacks/hack-02c88075-ctrl"
"1380188458","Ctrl-Z","discovered","","","0","https://github.com/BAITC-Hacks/hack-66bc5b7b-ctrl-z"
"1364763985","CtrlX","ready","","72ffd27266bcb2ebd5d7fdb9e7c677f2b0863061","201","https://github.com/BAITC-Hacks/hack-17c230f8-ctrlx"
"1377507662","Curx","discovered","","","0","https://github.com/BAITC-Hacks/hack-4c8f8a52-curx"
"1379866571","CV","discovered","","","0","https://github.com/BAITC-Hacks/hack-534e2b3b-cv"
"1371263674","CYB3RGIRLS","discovered","","","0","https://github.com/BAITC-Hacks/hack-8153b212-cyb3rgirls"
"1371291727","CYB3RGIRLS","discovered","","","0","https://github.com/BAITC-Hacks/hack-6cca0277-cyb3rgirls"
"1379506311","cyber","discovered","","","0","https://github.com/BAITC-Hacks/hack-df95910f-cyber"
"1377146057","Cyber Duo","discovered","","","0","https://github.com/BAITC-Hacks/hack-b5a7e1a2-cyber-duo"
"1354754478","Cyber Saqshy","ready","","0e4d97b8cd4fcc9a4157f961416b8fbce0739cb7","9","https://github.com/BAITC-Hacks/hack-37d4cf31-cyber-saqshy"
"1369351215","Cyber VR","ready","","959b8ae5825c7192c825cec075055221f989931b","7","https://github.com/BAITC-Hacks/hack-09b8f1e9-cyber-vr"
"1367538573","CyberAgents","discovered","","","0","https://github.com/BAITC-Hacks/hack-831b2f80-cyberagents"
"1378555363","CyberAgents AI","discovered","","","0","https://github.com/BAITC-Hacks/hack-4808fff1-cyberagents-ai"
"1379873378","CyberAgents AI","discovered","","","0","https://github.com/BAITC-Hacks/hack-d7c5cdbb-cyberagents-ai"
"1361933236","CyberCapybaras","ready","","a833593d8fb1c4bf11c511892de26f4f9a6b926c","1","https://github.com/BAITC-Hacks/hack-21e7925b-cybercapybaras"
"1372023028","Cybercrazy","discovered","","","0","https://github.com/BAITC-Hacks/hack-52943cf2-cybercrazy"
"1375702556","CyberEmo","discovered","","","0","https://github.com/BAITC-Hacks/hack-e45d539f-cyberemo"
"1356862936","cybergentles","discovered","","","0","https://github.com/BAITC-Hacks/hack-3e039a83-cybergentles"
"1372936155","Cyberplusr","discovered","","","0","https://github.com/BAITC-Hacks/hack-cbd25be5-cyberplusr"
"1376886292","CybersecEnergo","discovered","","","0","https://github.com/BAITC-Hacks/hack-e2915205-cybersecenergo"
"1378153719","CyberShield","discovered","","","0","https://github.com/BAITC-Hacks/hack-e871c012-cybershield"
"1377238303","Cybershin","discovered","","","0","https://github.com/BAITC-Hacks/hack-527fcd8e-cybershin"
"1374565294","Cybervozdukhany","discovered","","","0","https://github.com/BAITC-Hacks/hack-aca6cc11-cybervozdukhany"
"1359462873","Cyber​​Shield","discovered","","","0","https://github.com/BAITC-Hacks/hack-615e4e31-cyber-shield"
"1379836361","Cymru","ready","","bbb664869df77090e6879e4d7fc7df6a6029e74e","3","https://github.com/BAITC-Hacks/hack-0e917db2-cymru"
"1380199170","Cymru","discovered","","","0","https://github.com/BAITC-Hacks/hack-f916bd85-cymru"
"1371932904","d","discovered","","","0","https://github.com/BAITC-Hacks/hack-9711a9ba-d"
"1381701505","D0oman","discovered","","","0","https://github.com/BAITC-Hacks/hack-7c377216-d0oman"
"1381753270","d4c44","discovered","","","0","https://github.com/BAITC-Hacks/hack-9ca33180-d4c44"
"1378279201","DAA","discovered","","","0","https://github.com/BAITC-Hacks/hack-c111d790-daa"
"1373439460","DAI","discovered","","","0","https://github.com/BAITC-Hacks/hack-617d5a6a-dai"
"1379578402","DAI","discovered","","","0","https://github.com/BAITC-Hacks/hack-d49f1558-dai"
"1381671592","Dairenium","discovered","","","0","https://github.com/BAITC-Hacks/hack-fbb40deb-dairenium"
"1370422975","DAIRN","discovered","","","0","https://github.com/BAITC-Hacks/hack-e4fbf0e4-dairn"
"1379671527","DAIRN test","discovered","","","0","https://github.com/BAITC-Hacks/hack-cc1e8983-dairn-test"
"1381748304","Dakengoi","ready","","9c324c52fd7ce5ec0d7d344b8ae09622a177e07b","1","https://github.com/BAITC-Hacks/hack-13da3ba6-dakengoi"
"1375712159","Dala Intelligence","discovered","","","0","https://github.com/BAITC-Hacks/hack-4a96e466-dala-intelligence"
"1377501057","DalaDigital","discovered","","","0","https://github.com/BAITC-Hacks/hack-d5e592cf-daladigital"
"1381661219","DalekDevv","discovered","","","0","https://github.com/BAITC-Hacks/hack-cc48dff9-dalekdevv"
"1381673205","dam1r-dev","discovered","","","0","https://github.com/BAITC-Hacks/hack-64669e4c-dam1r-dev"
"1381724684","damanbet","ready","","2fc97d94eca6e46202a75f7e297238260f5a8d4f","1","https://github.com/BAITC-Hacks/hack-03fc4637-damanbet"
"1381685467","DamilaKhamitova","discovered","","","0","https://github.com/BAITC-Hacks/hack-73db92ff-damilakhamitova"
"1381759960","Damir-Kanymkulov","ready","","40fcb8ed7a41c54b7afeb6d8cc2b507ae45564ce","1","https://github.com/BAITC-Hacks/hack-0fd3184b-damir-kanymkulov"
"1381662663","damirrinatuly-eng","discovered","","","0","https://github.com/BAITC-Hacks/hack-820efa2d-damirrinatuly-eng"
"1377388695","DamuAi","discovered","","","0","https://github.com/BAITC-Hacks/hack-c9c19e8e-damuai"
"1371341000","Dan AE","discovered","","","0","https://github.com/BAITC-Hacks/hack-5d5b2a30-dan-ae"
"1381630912","Dan1k990","discovered","","","0","https://github.com/BAITC-Hacks/hack-637a0039-dan1k990"
"1381686582","Dana008kz","discovered","","","0","https://github.com/BAITC-Hacks/hack-6c5efe14-dana008kz"
"1374325653","DanAI","discovered","","","0","https://github.com/BAITC-Hacks/hack-cdae8d15-danai"
"1381662521","danat0599","ready","","8ddfe1d4606e878f5385f6aa0db0530e6fa994be","1","https://github.com/BAITC-Hacks/hack-34ae0d9b-danat0599"
"1381626487","DancinWendy","ready","","d551d407811139766455619a96c93e39f643ec47","1","https://github.com/BAITC-Hacks/hack-02360252-dancinwendy"
"1381763307","danialyermekov","discovered","","","0","https://github.com/BAITC-Hacks/hack-9fcbbfbb-danialyermekov"
"1381736934","Daniar","discovered","","","0","https://github.com/BAITC-Hacks/hack-e9834737-daniar"
"1381680195","daniikk1","discovered","","","0","https://github.com/BAITC-Hacks/hack-46cf7464-daniikk1"
"1379855555","danik","discovered","","","0","https://github.com/BAITC-Hacks/hack-3bd3fa8b-danik"
"1381763463","danik266","discovered","","","0","https://github.com/BAITC-Hacks/hack-cf95ff82-danik266"
"1378539169","Daniyal","ready","","8fb5a065458d02ef449bea0bdb2956fc965bac64","140","https://github.com/BAITC-Hacks/hack-1e16bce7-daniyal"
"1381677833","daniyarserik078-bot","discovered","","","0","https://github.com/BAITC-Hacks/hack-90a72f9e-daniyarserik078-bot"
"1381747563","danlusman","discovered","","","0","https://github.com/BAITC-Hacks/hack-8e9bf9c9-danlusman"
"1357350238","Dara Vision","discovered","","","0","https://github.com/BAITC-Hacks/hack-534039b4-dara-vision"
"1373365807","DARAI","discovered","","","0","https://github.com/BAITC-Hacks/hack-615f50d9-darai"
"1381642528","darhansila","discovered","","","0","https://github.com/BAITC-Hacks/hack-42ec2e0b-darhansila"
"1377730079","dari","discovered","","","0","https://github.com/BAITC-Hacks/hack-4c31675c-dari"
"1381650003","Dariga306","discovered","","","0","https://github.com/BAITC-Hacks/hack-b1111def-dariga306"
"1378295907","Dark and Darker","discovered","","","0","https://github.com/BAITC-Hacks/hack-aa81a7d5-dark-and-darker"
"1381715531","darkhansabitkhanov","ready","","c23818751715526440e6fb4ce2e6682bfae8b7d1","1","https://github.com/BAITC-Hacks/hack-2c450a0d-darkhansabitkhanov"
"1381686044","DaRRiKs","discovered","","","0","https://github.com/BAITC-Hacks/hack-e3f9eaed-darriks"
"1381653876","darynoraz0709-web","discovered","","","0","https://github.com/BAITC-Hacks/hack-a4651415-darynoraz0709-web"
"1381710245","Dastan","discovered","","","0","https://github.com/BAITC-Hacks/hack-aacc0a05-dastan"
"1377212297","Data Hungry","discovered","","","0","https://github.com/BAITC-Hacks/hack-59e3f91b-data-hungry"
"1377301417","Datalicious","discovered","","","0","https://github.com/BAITC-Hacks/hack-497ca5e1-datalicious"
"1375908424","datateam","discovered","","","0","https://github.com/BAITC-Hacks/hack-f95792ec-datateam"
"1381635081","dauletulyaidyn","discovered","","","0","https://github.com/BAITC-Hacks/hack-8231d684-dauletulyaidyn"
"1367144114","DavDev","discovered","","","0","https://github.com/BAITC-Hacks/hack-668e93ac-davdev"
"1381731620","Davidrillions","discovered","","","0","https://github.com/BAITC-Hacks/hack-c5afa7a5-davidrillions"
"1377005349","Day one","discovered","","","0","https://github.com/BAITC-Hacks/hack-e20568bf-day-one"
"1381745719","DayanaST","discovered","","","0","https://github.com/BAITC-Hacks/hack-7f69b75d-dayanast"
"1377893937","DBK team","discovered","","","0","https://github.com/BAITC-Hacks/hack-47bd9c8d-dbk-team"
"1381645610","dbvko","discovered","","","0","https://github.com/BAITC-Hacks/hack-e28721d7-dbvko"
"1381666924","dd","discovered","","","0","https://github.com/BAITC-Hacks/hack-39f1b1eb-dd"
"1381746076","ddagar","discovered","","","0","https://github.com/BAITC-Hacks/hack-71ba6328-ddagar"
"1378566065","DDAI","discovered","","","0","https://github.com/BAITC-Hacks/hack-3e9eddb6-ddai"
"1381720104","ddar","discovered","","","0","https://github.com/BAITC-Hacks/hack-f1e74bd2-ddar"
"1374343271","DDD","discovered","","","0","https://github.com/BAITC-Hacks/hack-a4de0366-ddd"
"1381654777","dddhd","discovered","","","0","https://github.com/BAITC-Hacks/hack-f874c1c9-dddhd"
"1371283266","DDoS Diki","discovered","","","0","https://github.com/BAITC-Hacks/hack-5497cd7c-ddos-diki"
"1373184198","DDoS Team","discovered","","","0","https://github.com/BAITC-Hacks/hack-b415fcdb-ddos-team"
"1379648142","De-Groid","discovered","","","0","https://github.com/BAITC-Hacks/hack-5117dfb8-de-groid"
"1375741180","DeadGhosts","ready","","ddb0d21dcac73c777bede74c1debbb03a4ed7eb7","1","https://github.com/BAITC-Hacks/hack-00889dc1-deadghosts"
"1369838966","DeadLine","discovered","","","0","https://github.com/BAITC-Hacks/hack-e8c85a56-deadline"
"1376308259","Deadline Driven","ready","","d15d4a0905ae1eec665563e45f9fe5a3b96a4f0f","52","https://github.com/BAITC-Hacks/hack-2804924d-deadline-driven"
"1374099260","DEADSEC","discovered","","","0","https://github.com/BAITC-Hacks/hack-9b0f6825-deadsec"
"1364218743","DealDucks","ready","","0dea7efec063d558ffc0624a6d74516fbd830765","1","https://github.com/BAITC-Hacks/hack-10601ce1-dealducks"
"1381671711","deatharima","ready","","ee5e368aa45bdf3d65f475d669c4c6f3d6042ad8","1","https://github.com/BAITC-Hacks/hack-1b16734d-deatharima"
"1381687014","deathstrokedarksky","discovered","","","0","https://github.com/BAITC-Hacks/hack-638f1949-deathstrokedarksky"
"1374387645","DeCoste","discovered","","","0","https://github.com/BAITC-Hacks/hack-f9cf934d-decoste"
"1381713484","dedvpolit","discovered","","","0","https://github.com/BAITC-Hacks/hack-fa373031-dedvpolit"
"1376108834","dee kay","ready","","52f4752b2bbb1ffa245ffb3ca62ac632deb48f58","1","https://github.com/BAITC-Hacks/hack-2f1cd541-dee-kay"
"1381743213","deefactodev","discovered","","","0","https://github.com/BAITC-Hacks/hack-c8e92485-deefactodev"
"1366341204","Default","discovered","","","0","https://github.com/BAITC-Hacks/hack-ca321387-default"
"1360375570","Default Team","discovered","","","0","https://github.com/BAITC-Hacks/hack-900988fe-default-team"
"1377519354","Defender","discovered","","","0","https://github.com/BAITC-Hacks/hack-42255873-defender"
"1376967436","Defender solution","discovered","","","0","https://github.com/BAITC-Hacks/hack-80002a76-defender-solution"
"1381743622","deflillusion","discovered","","","0","https://github.com/BAITC-Hacks/hack-93d9343e-deflillusion"
"1364871685","Delphi","discovered","","","0","https://github.com/BAITC-Hacks/hack-c49fe1b9-delphi"
"1381713146","delux","discovered","","","0","https://github.com/BAITC-Hacks/hack-da5264d8-delux"
"1370156184","Demdes","discovered","","","0","https://github.com/BAITC-Hacks/hack-8e37d5cc-demdes"
"1378578528","Derbes Tech","ready","","a2f2987d80dddf75b4e558c87ed62a504a5f33fa","1","https://github.com/BAITC-Hacks/hack-0d58002e-derbes-tech"
"1377136028","deRiz","ready","","1d78f759917d62e6ab49c0ed8a282ad3bd1384ca","1","https://github.com/BAITC-Hacks/hack-17038e05-deriz"
"1365623786","derlyight","discovered","","","0","https://github.com/BAITC-Hacks/hack-e7dfab7e-derlyight"
"1381725143","Derto","discovered","","","0","https://github.com/BAITC-Hacks/hack-cdedc654-derto"
"1381691808","Desert1ck","discovered","","","0","https://github.com/BAITC-Hacks/hack-e583596f-desert1ck"
"1380229644","DeTeam","discovered","","","0","https://github.com/BAITC-Hacks/hack-5351b533-deteam"
"1379940803","Dev2","discovered","","","0","https://github.com/BAITC-Hacks/hack-3f0b6e53-dev2"
"1363745322","DEVour","discovered","","","0","https://github.com/BAITC-Hacks/hack-bd38d477-devour"
"1366370723","DevSpark","discovered","","","0","https://github.com/BAITC-Hacks/hack-c392aa23-devspark"
"1375722345","DG","ready","","3a0e863b88d9d71a62ac8f0d28d7d256aafe68c1","19","https://github.com/BAITC-Hacks/hack-2e344b51-dg"
"1379258473","DHT","discovered","","","0","https://github.com/BAITC-Hacks/hack-891477f4-dht"
"1381691940","Di5a3","discovered","","","0","https://github.com/BAITC-Hacks/hack-b2f1f90d-di5a3"
"1380199630","DIAD","ready","","8c81c592de26d9f66cab62c1d4b0a622f4bc6ed3","1","https://github.com/BAITC-Hacks/hack-0b5f8f79-diad"
"1381680458","Diana","ready","","4f6e223faf4a0e6294a00ab26d3a6258c98dea8d","1","https://github.com/BAITC-Hacks/hack-29b715de-diana"
"1381716235","diasayaz","ready","","6ac292115d94877f84c79c0f77cf75429de90e4a","1","https://github.com/BAITC-Hacks/hack-0968062c-diasayaz"
"1381729773","diasb","discovered","","","0","https://github.com/BAITC-Hacks/hack-e6b48be7-diasb"
"1381626759","diayaz","discovered","","","0","https://github.com/BAITC-Hacks/hack-b81bc85d-diayaz"
"1366516293","Dictator’s lair","discovered","","","0","https://github.com/BAITC-Hacks/hack-44e658e5-dictator-s-lair"
"1381676442","didardzh","discovered","","","0","https://github.com/BAITC-Hacks/hack-c098c152-didardzh"
"1353755345","Digital Nomads","discovered","","","0","https://github.com/BAITC-Hacks/hack-7f60cc50-digital-nomads"
"1358156350","Digital_yakuza","analyzed","4","fcaeb316486751ce91f1ba99adae75ff169b54fc","129","https://github.com/BAITC-Hacks/hack-902325c9-digital-yakuza"
"1381650513","diiil","discovered","","","0","https://github.com/BAITC-Hacks/hack-ea5e9bea-diiil"
"1381682916","diko8","discovered","","","0","https://github.com/BAITC-Hacks/hack-c49bf887-diko8"
"1381688906","dilbektemir321-max","ready","","fd268565ea77fe76a890f200a9e676761e2774dd","1","https://github.com/BAITC-Hacks/hack-176a9f49-dilbektemir321-max"
"1375828270","Dilettantes","discovered","","","0","https://github.com/BAITC-Hacks/hack-fa61311d-dilettantes"
"1371254649","Diligence","discovered","","","0","https://github.com/BAITC-Hacks/hack-a0330967-diligence"
"1378506106","Diligence","ready","","eae297f0a20e5cb58785fdec47d1f4318c4cab37","21","https://github.com/BAITC-Hacks/hack-055deb5f-diligence"
"1375225236","Dilmus_Co","discovered","","","0","https://github.com/BAITC-Hacks/hack-e258c29f-dilmus-co"
"1379851159","Dilyaaaa","ready","","3706779fbc3540370f5b086823da39eb928ff085","2","https://github.com/BAITC-Hacks/hack-007440fb-dilyaaaa"
"1371550952","DilyaLiya","discovered","","","0","https://github.com/BAITC-Hacks/hack-a63fd407-dilyaliya"
"1374372647","DilyaLiya","discovered","","","0","https://github.com/BAITC-Hacks/hack-ae8ef89d-dilyaliya"
"1381749707","dilyaraakhmetova","discovered","","","0","https://github.com/BAITC-Hacks/hack-4cc6920f-dilyaraakhmetova"
"1376119406","Dim","discovered","","","0","https://github.com/BAITC-Hacks/hack-e04692ac-dim"
"1381675899","dimashxx02","discovered","","","0","https://github.com/BAITC-Hacks/hack-dff8811c-dimashxx02"
"1381685595","dina","ready","","35a2bdd2ccc14bf7568734d5dfcc0a54ae0a0240","1","https://github.com/BAITC-Hacks/hack-3265440a-dina"
"1381727846","Dinya67","discovered","","","0","https://github.com/BAITC-Hacks/hack-cd2fb18e-dinya67"
"1378491095","dipobr","discovered","","","0","https://github.com/BAITC-Hacks/hack-a570125f-dipobr"
"1375998625","DIR ECHOES","discovered","","","0","https://github.com/BAITC-Hacks/hack-6d253846-dir-echoes"
"1368322852","Discovery team","ready","","412a1f15bc67fa8e340f6ef8291ee591acd71bc9","1","https://github.com/BAITC-Hacks/hack-21df4740-discovery-team"
"1375651062","divas in hacking","discovered","","","0","https://github.com/BAITC-Hacks/hack-9e943660-divas-in-hacking"
"1367337213","DIVIDE","discovered","","","0","https://github.com/BAITC-Hacks/hack-527545d8-divide"
"1381712164","diwwterr","ready","","e2acb704e6c6140c7f941ee1101a2a23504794a5","1","https://github.com/BAITC-Hacks/hack-1267c61c-diwwterr"
"1379749294","DJ","discovered","","","0","https://github.com/BAITC-Hacks/hack-b520e7d2-dj"
"1368258398","Djem","discovered","","","0","https://github.com/BAITC-Hacks/hack-b52316ac-djem"
"1381629071","dmitryspace","discovered","","","0","https://github.com/BAITC-Hacks/hack-e282f3b4-dmitryspace"
"1381654507","DMN","discovered","","","0","https://github.com/BAITC-Hacks/hack-e4281e9b-dmn"
"1381736351","DmTm","discovered","","","0","https://github.com/BAITC-Hacks/hack-da5f84c3-dmtm"
"1367504091","DNA","discovered","","","0","https://github.com/BAITC-Hacks/hack-5844ba02-dna"
"1381714698","dnrvin","discovered","","","0","https://github.com/BAITC-Hacks/hack-83cb807d-dnrvin"
"1375432435","DODO na Abay","discovered","","","0","https://github.com/BAITC-Hacks/hack-87ab3776-dodo-na-abay"
"1353269714","DOFP","discovered","","","0","https://github.com/BAITC-Hacks/hack-6d0b8f9a-dofp"
"1349747665","DOGS","discovered","","","0","https://github.com/BAITC-Hacks/hack-6b518c43-dogs"
"1368502162","doiwannalarp","discovered","","","0","https://github.com/BAITC-Hacks/hack-7d988aa1-doiwannalarp"
"1368358405","Doka","ready","","624dcba9e011fb2128ebdcf61d14e4a19c6e32d8","1","https://github.com/BAITC-Hacks/hack-1a5c76e8-doka"
"1362291793","DomaDoma","discovered","","","0","https://github.com/BAITC-Hacks/hack-c5a4e53f-domadoma"
"1381762739","dominatorfeed","discovered","","","0","https://github.com/BAITC-Hacks/hack-6151e3a0-dominatorfeed"
"1376066001","Domino","discovered","","","0","https://github.com/BAITC-Hacks/hack-fdda928c-domino"
"1374360721","donerka house","discovered","","","0","https://github.com/BAITC-Hacks/hack-719017bc-donerka-house"
"1379454770","donerka house","discovered","","","0","https://github.com/BAITC-Hacks/hack-400d70df-donerka-house"
"1377239736","Doni","discovered","","","0","https://github.com/BAITC-Hacks/hack-d010671e-doni"
"1381396858","DOOM","discovered","","","0","https://github.com/BAITC-Hacks/hack-eb3d47da-doom"
"1381641705","dorikonisai2006-hub","discovered","","","0","https://github.com/BAITC-Hacks/hack-7f923fe4-dorikonisai2006-hub"
"1374596478","Dorx","discovered","","","0","https://github.com/BAITC-Hacks/hack-da042a4a-dorx"
"1381698952","dosherakxxx","ready","","df945048b354ad31c6d0b4e5fce985ef93ce7a7e","1","https://github.com/BAITC-Hacks/hack-37209323-dosherakxxx"
"1371307521","DotComma","discovered","","","0","https://github.com/BAITC-Hacks/hack-5775792c-dotcomma"
"1367661388","doter","discovered","","","0","https://github.com/BAITC-Hacks/hack-c5d95581-doter"
"1371365250","Double Amirkhan","ready","","d8226d0879ca63dd6e920acb5cea62a14ef481d6","1","https://github.com/BAITC-Hacks/hack-1de6dd0a-double-amirkhan"
"1377509806","DoubleMid","ready","","e2365ce87efddabee9b4666551b9f838843f615c","128","https://github.com/BAITC-Hacks/hack-0f8b3a7c-doublemid"
"1381683896","Doza44","ready","","2e162a1e4548e4ad479c628e0800ab5c38239b66","1","https://github.com/BAITC-Hacks/hack-16131bb2-doza44"
"1379658443","Dp","discovered","","","0","https://github.com/BAITC-Hacks/hack-3dd63046-dp"
"1375761467","dr1mt1am","discovered","","","0","https://github.com/BAITC-Hacks/hack-4cc0e4be-dr1mt1am"
"1378237672","Dragons","discovered","","","0","https://github.com/BAITC-Hacks/hack-e7357985-dragons"
"1353450703","Dream Team","discovered","","","0","https://github.com/BAITC-Hacks/hack-b09dfb23-dream-team"
"1373190221","DreamStart","discovered","","","0","https://github.com/BAITC-Hacks/hack-e0a182af-dreamstart"
"1364773830","DreamTeam","discovered","","","0","https://github.com/BAITC-Hacks/hack-ee9a23f4-dreamteam"
"1374326720","dreamteam","ready","","e7282675a1b691220e664cee1e9e84c999cd0c71","1","https://github.com/BAITC-Hacks/hack-1464366b-dreamteam"
"1374908943","DreamTeamm","discovered","","","0","https://github.com/BAITC-Hacks/hack-a4fd6a1f-dreamteamm"
"1380463849","Dreng","ready","","415e4ed8de0687c2fdc3fc1ef2ab4691285b37fc","1","https://github.com/BAITC-Hacks/hack-0b13b785-dreng"
"1372866071","Drifters","discovered","","","0","https://github.com/BAITC-Hacks/hack-603ad0ff-drifters"
"1369355644","DROP DATABASE;","discovered","","","0","https://github.com/BAITC-Hacks/hack-71a0bb7a-drop-database"
"1374095888","DS23","ready","","686b1b944a7d1e8f24c3b9f2cc50a0a7e459d312","1","https://github.com/BAITC-Hacks/hack-23f59a30-ds23"
"1365952908","DSA","discovered","","","0","https://github.com/BAITC-Hacks/hack-a39db617-dsa"
"1381674529","Dsbch","discovered","","","0","https://github.com/BAITC-Hacks/hack-dc318641-dsbch"
"1368482870","DT","discovered","","","0","https://github.com/BAITC-Hacks/hack-f12a2a86-dt"
"1371154456","DT20","discovered","","","0","https://github.com/BAITC-Hacks/hack-ddcc8765-dt20"
"1381677447","DTarkh","discovered","","","0","https://github.com/BAITC-Hacks/hack-7402418f-dtarkh"
"1374024452","DUA","ready","","a9e6389dc4ea0bdc829562df62abc1c7f8f12f3d","6","https://github.com/BAITC-Hacks/hack-00909429-dua"
"1381758486","dulat-kamytbek","discovered","","","0","https://github.com/BAITC-Hacks/hack-9f0af5a2-dulat-kamytbek"
"1381700160","Duman884","ready","","79c1110f7bb53653367c563b5f03d85579f942b3","1","https://github.com/BAITC-Hacks/hack-171d2f57-duman884"
"1381734620","DuntezZ","ready","","b1384d4c076e038829e7b86d441c3fd1b6db7d8c","1","https://github.com/BAITC-Hacks/hack-04daa259-duntezz"
"1374569463","DuoAi","discovered","","","0","https://github.com/BAITC-Hacks/hack-c9a8015b-duoai"
"1375360158","Duocode","discovered","","","0","https://github.com/BAITC-Hacks/hack-8c7ed18a-duocode"
"1381727989","Duriandr123123","discovered","","","0","https://github.com/BAITC-Hacks/hack-5429f1c4-duriandr123123"
"1371730951","DVD","discovered","","","0","https://github.com/BAITC-Hacks/hack-619704cc-dvd"
"1357148683","Dzatee","ready","","7b73a8b01e71e367558e2d41624f6a1cb00e8bb0","1","https://github.com/BAITC-Hacks/hack-362586c6-dzatee"
"1371354911","Dzatee","discovered","","","0","https://github.com/BAITC-Hacks/hack-b7cf984b-dzatee"
"1373319389","Dzateee","discovered","","","0","https://github.com/BAITC-Hacks/hack-fdf1806d-dzateee"
"1381662943","dzhakeevsanzhar666","discovered","","","0","https://github.com/BAITC-Hacks/hack-ede68a8f-dzhakeevsanzhar666"
"1296094055","E2E Team 1783661954","discovered","","","0","https://github.com/BAITC-Hacks/hack-baf2c744-e2e-team-1783661954"
"1296093358","E2E Team X","discovered","","","0","https://github.com/BAITC-Hacks/hack-a9622ebb-e2e-team-x"
"1374121755","ea","ready","","4c915169280b954fe582a50f257abb001f2a5d89","1","https://github.com/BAITC-Hacks/hack-030b886d-ea"
"1371910923","EagleZ","discovered","","","0","https://github.com/BAITC-Hacks/hack-861ce405-eaglez"
"1377321354","EAM Trinity","discovered","","","0","https://github.com/BAITC-Hacks/hack-8d88351c-eam-trinity"
"1369948438","EarthAI","ready","","e343270a976fccc0d26b05203663387c4f04f057","1","https://github.com/BAITC-Hacks/hack-2088a75f-earthai"
"1381760244","easouthpaw","discovered","","","0","https://github.com/BAITC-Hacks/hack-840067a1-easouthpaw"
"1373203089","East Vision","discovered","","","0","https://github.com/BAITC-Hacks/hack-6712142d-east-vision"
"1375772743","Easy Mac","discovered","","","0","https://github.com/BAITC-Hacks/hack-d1358823-easy-mac"
"1376319766","EbuNova","discovered","","","0","https://github.com/BAITC-Hacks/hack-5e17e480-ebunova"
"1379808359","EbuNova","discovered","","","0","https://github.com/BAITC-Hacks/hack-ad6c810c-ebunova"
"1371826640","Echo","discovered","","","0","https://github.com/BAITC-Hacks/hack-dfa630b9-echo"
"1378466422","Ecki","ready","","4df366d74540b2a37927d660b325033de039df02","1","https://github.com/BAITC-Hacks/hack-0c3e165b-ecki"
"1381678370","ecko","discovered","","","0","https://github.com/BAITC-Hacks/hack-e2e28729-ecko"
"1376840024","Eclipse","ready","","4239627a057963eed7d2a40f00044f31b657370f","11","https://github.com/BAITC-Hacks/hack-20220531-eclipse"
"1375545319","EcoCoin_kz","ready","","562d0edc86e288ffa24ee9e5d5764b00e2152160","2","https://github.com/BAITC-Hacks/hack-2908daa2-ecocoin-kz"
"1373334388","Ecohunter","discovered","","","0","https://github.com/BAITC-Hacks/hack-59e0729b-ecohunter"
"1381640202","edil0105","discovered","","","0","https://github.com/BAITC-Hacks/hack-93d62454-edil0105"
"1378220157","EDO","discovered","","","0","https://github.com/BAITC-Hacks/hack-b484fc84-edo"
"1377009535","Edu-Hub EAGI","discovered","","","0","https://github.com/BAITC-Hacks/hack-f49a68d2-edu-hub-eagi"
"1379826899","Edu02","ready","","aa486ad61079571fa1cdfd1807a2001c60e0d43e","1","https://github.com/BAITC-Hacks/hack-0592e1e3-edu02"
"1360074735","edu_ai","discovered","","","0","https://github.com/BAITC-Hacks/hack-ec7c49fc-edu-ai"
"1379745842","EDUAI02","discovered","","","0","https://github.com/BAITC-Hacks/hack-b0ca7d5d-eduai02"
"1365981034","EduBridge","discovered","","","0","https://github.com/BAITC-Hacks/hack-7ea5e17b-edubridge"
"1376100873","Education Smart System","ready","","85ad9837c69c00ee283dc6246bd1d8ca48192be1","1","https://github.com/BAITC-Hacks/hack-294bd415-education-smart-system"
"1366364920","EduCode","ready","","1e83ca00fb1a92ef793696e0a79677026d93bd85","20","https://github.com/BAITC-Hacks/hack-10e6bc0b-educode"
"1378106018","EduForge","ready","","a896a49e7fc84816a106bba10cc3f79cf6510374","1","https://github.com/BAITC-Hacks/hack-236b9e5a-eduforge"
"1371334791","EduMind","discovered","","","0","https://github.com/BAITC-Hacks/hack-555a5bc0-edumind"
"1371411618","EduNova","ready","","4e7be4ce04f1685d5f1b62c235cf59676dd0e40a","1","https://github.com/BAITC-Hacks/hack-1e479221-edunova"
"1377264592","EduNova Ai","discovered","","","0","https://github.com/BAITC-Hacks/hack-cd9d4766-edunova-ai"
"1372813040","EduVibe","ready","","9278bbc9d3bec36af3dc9294a2801226c3718a26","54","https://github.com/BAITC-Hacks/hack-31e4e4c0-eduvibe"
"1381639883","Eeeeesss","discovered","","","0","https://github.com/BAITC-Hacks/hack-3fc076b6-eeeeesss"
"1381636587","EEw33","discovered","","","0","https://github.com/BAITC-Hacks/hack-bb4877cb-eew33"
"1375381796","eGile.kz","discovered","","","0","https://github.com/BAITC-Hacks/hack-52366822-egile-kz"
"1366992360","egin.ai","discovered","","","0","https://github.com/BAITC-Hacks/hack-8732ded2-egin-ai"
"1381717986","egisbekovim0","discovered","","","0","https://github.com/BAITC-Hacks/hack-de69a509-egisbekovim0"
"1374703883","EITHRA","discovered","","","0","https://github.com/BAITC-Hacks/hack-dc71165d-eithra"
"1350610906","El-Valnurable","ready","","7aed14c9eea8549c335d65823eacde49367bd799","1","https://github.com/BAITC-Hacks/hack-03a7f388-el-valnurable"
"1364645167","Elchi AI","discovered","","","0","https://github.com/BAITC-Hacks/hack-eabc7aea-elchi-ai"
"1374160296","Eldan Nomad","discovered","","","0","https://github.com/BAITC-Hacks/hack-d7f2bbfa-eldan-nomad"
"1381630465","Eldar","discovered","","","0","https://github.com/BAITC-Hacks/hack-3ac1029c-eldar"
"1381708973","eldarbaqyt","discovered","","","0","https://github.com/BAITC-Hacks/hack-f66f9eb1-eldarbaqyt"
"1381739277","Elderort","ready","","2bcd508c6421c9284018fc52f701b932b2de30d4","1","https://github.com/BAITC-Hacks/hack-0b372f75-elderort"
"1378628145","Elders","ready","","0cbcfeddc2ceaeb7d2358fa1a0452631cac704bd","1","https://github.com/BAITC-Hacks/hack-236d7cd8-elders"
"1377505986","ElectroJK","discovered","","","0","https://github.com/BAITC-Hacks/hack-96e02258-electrojk"
"1381677709","ELEGANT","discovered","","","0","https://github.com/BAITC-Hacks/hack-bd978c5b-elegant"
"1381752989","elementarywatson111","discovered","","","0","https://github.com/BAITC-Hacks/hack-610ccf8d-elementarywatson111"
"1377490223","EleveNu","ready","","71832c78b1fae150ae0080af46b5e2efd65fee34","1","https://github.com/BAITC-Hacks/hack-2d7d0976-elevenu"
"1381717848","EliteWard","discovered","","","0","https://github.com/BAITC-Hacks/hack-884a6310-eliteward"
"1381733248","elkhan1308","discovered","","","0","https://github.com/BAITC-Hacks/hack-9cbc20b9-elkhan1308"
"1381738807","elyana","discovered","","","0","https://github.com/BAITC-Hacks/hack-b311cc37-elyana"
"1381652089","elyest-del","ready","","d77014006a8cb8bc57b52544d179595aaea40496","1","https://github.com/BAITC-Hacks/hack-00ce2c11-elyest-del"
"1381749580","elzhanseidaly08-dot","discovered","","","0","https://github.com/BAITC-Hacks/hack-919bd932-elzhanseidaly08-dot"
"1374448109","EmbeddedAi","discovered","","","0","https://github.com/BAITC-Hacks/hack-5a6e2058-embeddedai"
"1359823921","EmptyPocket","discovered","","","0","https://github.com/BAITC-Hacks/hack-d0a30714-emptypocket"
"1354868258","Enchantix","discovered","","","0","https://github.com/BAITC-Hacks/hack-62ea3073-enchantix"
"1371331698","Enchantix","discovered","","","0","https://github.com/BAITC-Hacks/hack-c3bf1d3b-enchantix"
"1361287621","ENRIQUE","discovered","","","0","https://github.com/BAITC-Hacks/hack-fb0999ac-enrique"
"1362894528","Enthusiasts","discovered","","","0","https://github.com/BAITC-Hacks/hack-e7ae4adb-enthusiasts"
"1361130790","Entropy","ready","","2d548bc95f3353f95be398cac390fed981dc7d1e","53","https://github.com/BAITC-Hacks/hack-16b87636-entropy"
"1379834455","Entuthiast","discovered","","","0","https://github.com/BAITC-Hacks/hack-fc28f503-entuthiast"
"1379817013","EPIQ","ready","","e523b9a35d09acee0fa07a6affc82f800b39db51","40","https://github.com/BAITC-Hacks/hack-144ec83b-epiq"
"1381672693","er1syll","ready","","f570c526d4fd38531dbda122e9fce02a00c3591f","1","https://github.com/BAITC-Hacks/hack-366586cf-er1syll"
"1372507662","ErAiTech","discovered","","","0","https://github.com/BAITC-Hacks/hack-bce46a81-eraitech"
"1374110906","Eralash","discovered","","","0","https://github.com/BAITC-Hacks/hack-500190b4-eralash"
"1381732938","ERAPROYT001","discovered","","","0","https://github.com/BAITC-Hacks/hack-d51e540f-eraproyt001"
"1381644028","Eraqa000","discovered","","","0","https://github.com/BAITC-Hacks/hack-a3b89100-eraqa000"
"1373986955","eraser","discovered","","","0","https://github.com/BAITC-Hacks/hack-cf77763a-eraser"
"1381724408","Erasyl","discovered","","","0","https://github.com/BAITC-Hacks/hack-ecc3665e-erasyl"
"1381646362","ErasylAiu2007","discovered","","","0","https://github.com/BAITC-Hacks/hack-506e711f-erasylaiu2007"
"1381654376","erasylmt0720-art","discovered","","","0","https://github.com/BAITC-Hacks/hack-3a2de131-erasylmt0720-art"
"1381704520","Erbatyr","discovered","","","0","https://github.com/BAITC-Hacks/hack-447b0200-erbatyr"
"1381703845","Erbol","discovered","","","0","https://github.com/BAITC-Hacks/hack-9f95ab00-erbol"
"1381624909","erdaliahmet30-source","discovered","","","0","https://github.com/BAITC-Hacks/hack-5b984587-erdaliahmet30-source"
"1381709814","Erka","discovered","","","0","https://github.com/BAITC-Hacks/hack-634cc5eb-erka"
"1381758741","erkhanum","discovered","","","0","https://github.com/BAITC-Hacks/hack-6753a9ef-erkhanum"
"1381688389","ermaganbetovzhalgas07-lab","discovered","","","0","https://github.com/BAITC-Hacks/hack-ea61fd24-ermaganbetovzhalgas07-lab"
"1381669688","ermuhanbetakzol-png","discovered","","","0","https://github.com/BAITC-Hacks/hack-ce8e2a4d-ermuhanbetakzol-png"
"1381762411","Ermukhanov","ready","","a72e8549d729ff265c08dda2f5d520b37fddfdfd","1","https://github.com/BAITC-Hacks/hack-0fa7cbf5-ermukhanov"
"1381722450","Ernur","discovered","","","0","https://github.com/BAITC-Hacks/hack-dd5147c0-ernur"
"1381736234","Ers","discovered","","","0","https://github.com/BAITC-Hacks/hack-3d8c8e1a-ers"
"1379973817","ERSA","discovered","","","0","https://github.com/BAITC-Hacks/hack-9d45293c-ersa"
"1381689194","ersss228","discovered","","","0","https://github.com/BAITC-Hacks/hack-a5e72fe1-ersss228"
"1350792863","Escape","discovered","","","0","https://github.com/BAITC-Hacks/hack-ddb83bd0-escape"
"1381665808","Esen","discovered","","","0","https://github.com/BAITC-Hacks/hack-560ccbc7-esen"
"1381697759","Esensats","discovered","","","0","https://github.com/BAITC-Hacks/hack-518e1079-esensats"
"1375758556","Esil university","discovered","","","0","https://github.com/BAITC-Hacks/hack-ae3f40fe-esil-university"
"1381636459","Eskenkydyr-source","ready","","128012525f3572e13d48aa1d171524a3cda7a296","1","https://github.com/BAITC-Hacks/hack-32815830-eskenkydyr-source"
"1377304517","ESM Team","discovered","","","0","https://github.com/BAITC-Hacks/hack-e9482e54-esm-team"
"1354765651","Espada","discovered","","","0","https://github.com/BAITC-Hacks/hack-a0618926-espada"
"1356890970","essence","ready","","ecf177e4fba35fd678def27ffdbfcb18a81e7209","1","https://github.com/BAITC-Hacks/hack-13968c10-essence"
"1377002885","EssenceDev","discovered","","","0","https://github.com/BAITC-Hacks/hack-3aa44c07-essencedev"
"1363005267","ESTIE","ready","","bdf2c5d12684fdb39fc08fa855f5e89e1f4b15f9","1","https://github.com/BAITC-Hacks/hack-06db9c79-estie"
"1381657546","etoaiymm-cmd","ready","","6e44c958b352380f26dae059856ab8588a6c6f15","1","https://github.com/BAITC-Hacks/hack-1bf2800f-etoaiymm-cmd"
"1381743908","evgeniy-kharchenko","discovered","","","0","https://github.com/BAITC-Hacks/hack-bcc7faa8-evgeniy-kharchenko"
"1371417448","EvoMind","discovered","","","0","https://github.com/BAITC-Hacks/hack-7e4788ab-evomind"
"1357510725","ExeQtion","discovered","","","0","https://github.com/BAITC-Hacks/hack-ab8e45b1-exeqtion"
"1381634651","exiltans","discovered","","","0","https://github.com/BAITC-Hacks/hack-ac6c18fa-exiltans"
"1359036529","Exit 1","discovered","","","0","https://github.com/BAITC-Hacks/hack-bdffe61d-exit-1"
"1369715014","Exodus","discovered","","","0","https://github.com/BAITC-Hacks/hack-453de0e3-exodus"
"1379777857","Ezbee","discovered","","","0","https://github.com/BAITC-Hacks/hack-b21ba47d-ezbee"
"1371557460","EzLyam","discovered","","","0","https://github.com/BAITC-Hacks/hack-91d6f2bb-ezlyam"
"1375112675","F-One","discovered","","","0","https://github.com/BAITC-Hacks/hack-4da6a357-f-one"
"1375906586","F1","discovered","","","0","https://github.com/BAITC-Hacks/hack-8486c8c7-f1"
"1381749124","f1alco","ready","","a66e2611d65a60da7acab7269f79f94f4b44e5fd","1","https://github.com/BAITC-Hacks/hack-14fba0fe-f1alco"
"1381698057","F1awles5","discovered","","","0","https://github.com/BAITC-Hacks/hack-4334ae79-f1awles5"
"1371944449","F2 Astana","discovered","","","0","https://github.com/BAITC-Hacks/hack-e8cfff0a-f2-astana"
"1379461921","F3","discovered","","","0","https://github.com/BAITC-Hacks/hack-93a4bb59-f3"
"1373125169","F4","discovered","","","0","https://github.com/BAITC-Hacks/hack-9d797bf2-f4"
"1375629268","Fact check","discovered","","","0","https://github.com/BAITC-Hacks/hack-3fa15a7b-fact-check"
"1372746753","Falcon","discovered","","","0","https://github.com/BAITC-Hacks/hack-5686c2bf-falcon"
"1381310634","Falcons","ready","","0606a4714c87612e3fbef19f3d94125846aa7f42","1","https://github.com/BAITC-Hacks/hack-3652d91c-falcons"
"1381759168","Farabbbek","discovered","","","0","https://github.com/BAITC-Hacks/hack-3a5b3597-farabbbek"
"1381745969","Fareke1","ready","","d6450fd52b8dd229e98de55b93caa3d6a9a1e94e","1","https://github.com/BAITC-Hacks/hack-2789c5ef-fareke1"
"1349211529","Farmers","discovered","","","0","https://github.com/BAITC-Hacks/hack-5fcca360-farmers"
"1373196276","fato","discovered","","","0","https://github.com/BAITC-Hacks/hack-f28414a9-fato"
"1381711848","fduisenbek","discovered","","","0","https://github.com/BAITC-Hacks/hack-c352c6f0-fduisenbek"
"1374451654","featherAI","discovered","","","0","https://github.com/BAITC-Hacks/hack-a6058d69-featherai"
"1381679076","Fermonder","ready","","217f58e4e7f92b4cbe259ec821049c2f69633987","1","https://github.com/BAITC-Hacks/hack-2b1d80f1-fermonder"
"1381740362","ffaika","discovered","","","0","https://github.com/BAITC-Hacks/hack-baa23f84-ffaika"
"1381756557","fghjk222","discovered","","","0","https://github.com/BAITC-Hacks/hack-9eec4f64-fghjk222"
"1381755287","fhusyy","discovered","","","0","https://github.com/BAITC-Hacks/hack-3c08c0fa-fhusyy"
"1381680773","Find","discovered","","","0","https://github.com/BAITC-Hacks/hack-98226c5b-find"
"1370921872","fine-tuning","discovered","","","0","https://github.com/BAITC-Hacks/hack-ea2fa430-fine-tuning"
"1363025544","Finesep","discovered","","","0","https://github.com/BAITC-Hacks/hack-a2e69875-finesep"
"1374458931","finik","discovered","","","0","https://github.com/BAITC-Hacks/hack-d6c8dc81-finik"
"1364846800","Fininki_KSTU","discovered","","","0","https://github.com/BAITC-Hacks/hack-704a3afe-fininki-kstu"
"1374686307","Finova","discovered","","","0","https://github.com/BAITC-Hacks/hack-96209346-finova"
"1373056475","FinPilot AI","discovered","","","0","https://github.com/BAITC-Hacks/hack-d785f448-finpilot-ai"
"1374089175","Finplex","discovered","","","0","https://github.com/BAITC-Hacks/hack-9fd41289-finplex"
"1360991673","FinTech Hub","discovered","","","0","https://github.com/BAITC-Hacks/hack-e0ea4d8f-fintech-hub"
"1367624526","FiredBeer","discovered","","","0","https://github.com/BAITC-Hacks/hack-db2c142a-firedbeer"
"1364035960","FIREwall","ready","","50657f09c24a7558fb8288b480dbc57c0dc0698b","1","https://github.com/BAITC-Hacks/hack-2024ca6a-firewall"
"1379480480","Firewatch AI","ready","","85613442f66a5c9b0b2f0d403195d1aead654476","1","https://github.com/BAITC-Hacks/hack-0e02f0d9-firewatch-ai"
"1372060533","First time","discovered","","","0","https://github.com/BAITC-Hacks/hack-557bd04d-first-time"
"1379746539","First time","discovered","","","0","https://github.com/BAITC-Hacks/hack-dd03981b-first-time"
"1377093340","First Try","discovered","","","0","https://github.com/BAITC-Hacks/hack-eba362d0-first-try"
"1374375958","FirstPlace","discovered","","","0","https://github.com/BAITC-Hacks/hack-b57c7f12-firstplace"
"1377493392","FirstPlace","discovered","","","0","https://github.com/BAITC-Hacks/hack-bcd64953-firstplace"
"1363544927","FixPoint","ready","","da7866e84734721d2aaf3ab7d990983b7f96c3ee","95","https://github.com/BAITC-Hacks/hack-19a8b765-fixpoint"
"1371142481","Flame","discovered","","","0","https://github.com/BAITC-Hacks/hack-4649b58f-flame"
"1381748853","flamemeister","discovered","","","0","https://github.com/BAITC-Hacks/hack-bd79ecef-flamemeister"
"1374864524","FlameX","discovered","","","0","https://github.com/BAITC-Hacks/hack-da1ebfe2-flamex"
"1361459537","Flawless","ready","","6354ea2293f4f7e8c32b13ff5f53fbf07911e61b","31","https://github.com/BAITC-Hacks/hack-21ad5124-flawless"
"1381740238","floglan","discovered","","","0","https://github.com/BAITC-Hacks/hack-47aab80a-floglan"
"1364349436","Flora","discovered","","","0","https://github.com/BAITC-Hacks/hack-9e1c0a41-flora"
"1371158989","Flow","discovered","","","0","https://github.com/BAITC-Hacks/hack-b911ba03-flow"
"1374179180","Flower Power","discovered","","","0","https://github.com/BAITC-Hacks/hack-ce23e8c4-flower-power"
"1361519584","Fly away now","discovered","","","0","https://github.com/BAITC-Hacks/hack-c8f788c6-fly-away-now"
"1377494945","Flybrain","discovered","","","0","https://github.com/BAITC-Hacks/hack-eeb10f94-flybrain"
"1371175600","FMJordan","discovered","","","0","https://github.com/BAITC-Hacks/hack-3c90fb35-fmjordan"
"1375825942","FOR TRUN","discovered","","","0","https://github.com/BAITC-Hacks/hack-4eed1086-for-trun"
"1376201173","forbes30under30","discovered","","","0","https://github.com/BAITC-Hacks/hack-3d57eba1-forbes30under30"
"1377529055","Fortnite balls","discovered","","","0","https://github.com/BAITC-Hacks/hack-bbd783d1-fortnite-balls"
"1377424234","Fortuna","discovered","","","0","https://github.com/BAITC-Hacks/hack-7a398449-fortuna"
"1375451585","Fourier","ready","","2af032fe0153d3e625919cbb5f46230b86789ad1","1","https://github.com/BAITC-Hacks/hack-2d16782a-fourier"
"1379843593","franche","discovered","","","0","https://github.com/BAITC-Hacks/hack-95734c90-franche"
"1377537490","FREAK CLUB","discovered","","","0","https://github.com/BAITC-Hacks/hack-5992af05-freak-club"
"1361579469","freax","discovered","","","0","https://github.com/BAITC-Hacks/hack-4411138e-freax"
"1371347512","freax","discovered","","","0","https://github.com/BAITC-Hacks/hack-e6117574-freax"
"1371851846","Freedom","ready","","1858551d22e5c56592d4389ec0a4194d39a85389","1","https://github.com/BAITC-Hacks/hack-097bad2e-freedom"
"1369475433","FromZeroToHero","discovered","","","0","https://github.com/BAITC-Hacks/hack-72262f37-fromzerotohero"
"1381728397","Frozzy","discovered","","","0","https://github.com/BAITC-Hacks/hack-e18ef7cb-frozzy"
"1361169073","FruktAi","discovered","","","0","https://github.com/BAITC-Hacks/hack-392ab0c0-fruktai"
"1381704655","frxmthe17","discovered","","","0","https://github.com/BAITC-Hacks/hack-406c9660-frxmthe17"
"1381671250","Fryuuyy","discovered","","","0","https://github.com/BAITC-Hacks/hack-e6dc3cae-fryuuyy"
"1376116233","FS","ready","","c686fc61320e2f5a452d975ce72484e1968f9d02","1","https://github.com/BAITC-Hacks/hack-1e19f1f9-fs"
"1377424418","fsociety","discovered","","","0","https://github.com/BAITC-Hacks/hack-effc83da-fsociety"
"1374527937","Full stack","discovered","","","0","https://github.com/BAITC-Hacks/hack-a4215bac-full-stack"
"1381729398","funcoryt-creator","discovered","","","0","https://github.com/BAITC-Hacks/hack-a2aab067-funcoryt-creator"
"1349435453","Furia","ready","","421e02ed42ef1b5dd9483245c69428d97c327b43","119","https://github.com/BAITC-Hacks/hack-2f144651-furia"
"1369501781","FuryHub","discovered","","","0","https://github.com/BAITC-Hacks/hack-b4bdd8f8-furyhub"
"1371593631","Fusion","discovered","","","0","https://github.com/BAITC-Hacks/hack-6480017d-fusion"
"1379555967","Future","discovered","","","0","https://github.com/BAITC-Hacks/hack-ecc2e194-future"
"1365947926","future of construction","ready","","b7563a0449c24c7777566b64a983cf1335b888f8","121","https://github.com/BAITC-Hacks/hack-273c9910-future-of-construction"
"1378647249","Future Vision","discovered","","","0","https://github.com/BAITC-Hacks/hack-40ba6e86-future-vision"
"1381760909","g0d2o19","discovered","","","0","https://github.com/BAITC-Hacks/hack-409b5c46-g0d2o19"
"1381624528","G0ldenKai","discovered","","","0","https://github.com/BAITC-Hacks/hack-5aef10fd-g0ldenkai"
"1369893202","g4ymers","discovered","","","0","https://github.com/BAITC-Hacks/hack-b63652cd-g4ymers"
"1381680898","Gaba","discovered","","","0","https://github.com/BAITC-Hacks/hack-a7b54c39-gaba"
"1381662039","gabiden0v","discovered","","","0","https://github.com/BAITC-Hacks/hack-e23655ac-gabiden0v"
"1381701891","gabrieljaegerde","discovered","","","0","https://github.com/BAITC-Hacks/hack-8a0a56fc-gabrieljaegerde"
"1373530451","Galam","discovered","","","0","https://github.com/BAITC-Hacks/hack-5d9019e2-galam"
"1381761028","galymkn","discovered","","","0","https://github.com/BAITC-Hacks/hack-637c4365-galymkn"
"1381712447","gambitgum-dev","discovered","","","0","https://github.com/BAITC-Hacks/hack-b71157a7-gambitgum-dev"
"1379652078","gamble me","discovered","","","0","https://github.com/BAITC-Hacks/hack-fde2da04-gamble-me"
"1362529616","Gamblers","discovered","","","0","https://github.com/BAITC-Hacks/hack-e3131a74-gamblers"
"1375882394","GameChanger","discovered","","","0","https://github.com/BAITC-Hacks/hack-3a090c13-gamechanger"
"1369754658","GameDev + сюжет |огромный опыт не нужен|","discovered","","","0","https://github.com/BAITC-Hacks/hack-7abc9233-gamedev"
"1372939863","Garden","discovered","","","0","https://github.com/BAITC-Hacks/hack-7b100a71-garden"
"1378625789","Geeks","ready","","4a981e8a1e406cf1d222ee3173d88ccf64a3cec0","1","https://github.com/BAITC-Hacks/hack-0260b26a-geeks"
"1355833388","Gen AI","discovered","","","0","https://github.com/BAITC-Hacks/hack-e46b784e-gen-ai"
"1377510554","Genesis","ready","","fa8f601d5709bc75c3ad8364b7d1053c94031d66","33","https://github.com/BAITC-Hacks/hack-1d041715-genesis"
"1360537996","Genov8","discovered","","","0","https://github.com/BAITC-Hacks/hack-ad15b73e-genov8"
"1381631422","Genuis-Kazakh","ready","","b328cd54c8439f078f210631dabacd3202f2f025","1","https://github.com/BAITC-Hacks/hack-2f806948-genuis-kazakh"
"1369854344","genZ","discovered","","","0","https://github.com/BAITC-Hacks/hack-e66e0807-genz"
"1379550556","genZ","discovered","","","0","https://github.com/BAITC-Hacks/hack-a28ae1ca-genz"
"1366549657","gestspeak","discovered","","","0","https://github.com/BAITC-Hacks/hack-a7c30eea-gestspeak"
"1372952615","GG","discovered","","","0","https://github.com/BAITC-Hacks/hack-ad0079c9-gg"
"1379835342","gg","discovered","","","0","https://github.com/BAITC-Hacks/hack-b107109c-gg"
"1379848038","GGBYTE","ready","","8e7f92a9275663f042561010a31ba5e23ca3a0a3","39","https://github.com/BAITC-Hacks/hack-176032e6-ggbyte"
"1381660131","gggGGGaqq","ready","","d2dade33fed642648f8d49226f5a1a1bd4b36c40","1","https://github.com/BAITC-Hacks/hack-17634cad-ggggggaqq"
"1381642267","ghfhhfh","discovered","","","0","https://github.com/BAITC-Hacks/hack-7d8fe71c-ghfhhfh"
"1378399279","Ghost in the Shell","discovered","","","0","https://github.com/BAITC-Hacks/hack-3bb6f822-ghost-in-the-shell"
"1369916382","GhostTech","ready","","fc8b3e3b0210e568151afd73c0ce3451206b63ee","58","https://github.com/BAITC-Hacks/hack-21886459-ghosttech"
"1381698218","Gi","ready","","32aa821068b2041889191c11888e44d4c1c05e56","1","https://github.com/BAITC-Hacks/hack-0e9e8c84-gi"
"1371310490","gigabyte","discovered","","","0","https://github.com/BAITC-Hacks/hack-7eecf2d8-gigabyte"
"1381690191","Gigganigka","discovered","","","0","https://github.com/BAITC-Hacks/hack-cc0f6c2e-gigganigka"
"1381732137","girl","discovered","","","0","https://github.com/BAITC-Hacks/hack-91181d6a-girl"
"1361130945","git push --force","discovered","","","0","https://github.com/BAITC-Hacks/hack-ade7b4e4-git-push---force"
"1381736445","Githuub","discovered","","","0","https://github.com/BAITC-Hacks/hack-d9ceb06f-githuub"
"1374495720","Gjigi","discovered","","","0","https://github.com/BAITC-Hacks/hack-ee3eb0d0-gjigi"
"1379817730","gjigi","ready","","917ebafb4035d164b0984100373708c79037b68e","1","https://github.com/BAITC-Hacks/hack-33a367f8-gjigi"
"1373393721","GK_EXPERT","discovered","","","0","https://github.com/BAITC-Hacks/hack-85308494-gk-expert"
"1371159492","GLaDOS","discovered","","","0","https://github.com/BAITC-Hacks/hack-523cd102-glados"
"1381690342","glmzhnm","ready","","362c188b3e889f59d5ae84fe900182c128806517","1","https://github.com/BAITC-Hacks/hack-0fe53ed9-glmzhnm"
"1381684020","gloninlesa5-source","discovered","","","0","https://github.com/BAITC-Hacks/hack-79eae7a9-gloninlesa5-source"
"1377424932","glupai","discovered","","","0","https://github.com/BAITC-Hacks/hack-bbec61c1-glupai"
"1361452941","GNU Larpers","discovered","","","0","https://github.com/BAITC-Hacks/hack-ee1b4ed1-gnu-larpers"
"1374338586","GNU Larpers","ready","","6d7f6cd4d0edecf18ed2a219b4c7358ecb42ea58","1","https://github.com/BAITC-Hacks/hack-0288c106-gnu-larpers"
"1373461151","go","discovered","","","0","https://github.com/BAITC-Hacks/hack-dae58240-go"
"1375475546","Go Team","discovered","","","0","https://github.com/BAITC-Hacks/hack-f6cfd1cd-go-team"
"1363002533","gocker","discovered","","","0","https://github.com/BAITC-Hacks/hack-8682265b-gocker"
"1374385404","gocker","discovered","","","0","https://github.com/BAITC-Hacks/hack-ccf484ea-gocker"
"1361443775","GoDo","discovered","","","0","https://github.com/BAITC-Hacks/hack-c756b018-godo"
"1372106079","Golden goose egg team","discovered","","","0","https://github.com/BAITC-Hacks/hack-776e1952-golden-goose-egg-team"
"1371346107","Goofy goobers","discovered","","","0","https://github.com/BAITC-Hacks/hack-91f7601a-goofy-goobers"
"1363831228","Google_Developer_Groups_Nazarbayev_University","discovered","","","0","https://github.com/BAITC-Hacks/hack-d1ab01d6-google-developer-groups-nazarbayev-university"
"1367015029","GooseTeam","discovered","","","0","https://github.com/BAITC-Hacks/hack-63357990-gooseteam"
"1351189205","Gophers","discovered","","","0","https://github.com/BAITC-Hacks/hack-463da2da-gophers"
"1379840206","Gophers","discovered","","","0","https://github.com/BAITC-Hacks/hack-425c10c6-gophers"
"1359725662","GosKZ","discovered","","","0","https://github.com/BAITC-Hacks/hack-bbfda7b2-goskz"
"1379463560","gotech","discovered","","","0","https://github.com/BAITC-Hacks/hack-a7e5188a-gotech"
"1377258413","goyim","discovered","","","0","https://github.com/BAITC-Hacks/hack-d79ff3ed-goyim"
"1371021502","GPT","discovered","","","0","https://github.com/BAITC-Hacks/hack-add1ed38-gpt"
"1377294197","Gradient","discovered","","","0","https://github.com/BAITC-Hacks/hack-fd300c69-gradient"
"1369939807","GrandLine","discovered","","","0","https://github.com/BAITC-Hacks/hack-bf7b9430-grandline"
"1380268513","great-job-son","ready","","528436c21b492edf60f4c1a118e8e626e72f58ef","1","https://github.com/BAITC-Hacks/hack-049684db-great-job-son"
"1378232427","Grego","ready","","ce868c436103ead552e2f465e194f030b1bf12c5","1","https://github.com/BAITC-Hacks/hack-2228860c-grego"
"1381688253","gregyedlik","discovered","","","0","https://github.com/BAITC-Hacks/hack-c725d521-gregyedlik"
"1365721527","GrimStack","discovered","","","0","https://github.com/BAITC-Hacks/hack-aa7e8423-grimstack"
"1374443715","grindz","discovered","","","0","https://github.com/BAITC-Hacks/hack-fea9631d-grindz"
"1381685075","Grobovshik-Stura","ready","","24e5a3bf7c8de843dba3cf079a4236b3a99a62fc","1","https://github.com/BAITC-Hacks/hack-1dd9a7f1-grobovshik-stura"
"1381720255","gronto","discovered","","","0","https://github.com/BAITC-Hacks/hack-5dd681f6-gronto"
"1354731663","gtbsbe","discovered","","","0","https://github.com/BAITC-Hacks/hack-f2c1f0f3-gtbsbe"
"1379885130","GTRIXI","discovered","","","0","https://github.com/BAITC-Hacks/hack-c46b2aee-gtrixi"
"1381723829","GuldanaKB","discovered","","","0","https://github.com/BAITC-Hacks/hack-e6dd50e9-guldanakb"
"1381719637","gulim","discovered","","","0","https://github.com/BAITC-Hacks/hack-43ead09a-gulim"
"1381685217","gulkapi","discovered","","","0","https://github.com/BAITC-Hacks/hack-cf5be5fa-gulkapi"
"1381629938","Gulnur1","ready","","92946334a2fb2f40c9b20d817ec3eefa5d681fd2","1","https://github.com/BAITC-Hacks/hack-085a1c88-gulnur1"
"1381658496","Gulzhan","discovered","","","0","https://github.com/BAITC-Hacks/hack-ec2ac5e7-gulzhan"
"1381734226","Gumar12","discovered","","","0","https://github.com/BAITC-Hacks/hack-4a8260d6-gumar12"
"1365803980","Guys","ready","","605b917221cc2f4bc8c9fb7ad0b035e55cb717b0","1","https://github.com/BAITC-Hacks/hack-0ec77173-guys"
"1375735807","GYMSHARK","discovered","","","0","https://github.com/BAITC-Hacks/hack-7e8bc7dd-gymshark"
"1370878656","Gyper group","discovered","","","0","https://github.com/BAITC-Hacks/hack-8f5368cd-gyper-group"
"1361806353","GZ-18","discovered","","","0","https://github.com/BAITC-Hacks/hack-fdbb17f5-gz-18"
"1381764287","H","ready","","dbb8764c096f9a4609c3a00e9d08d7aeac894e0f","1","https://github.com/BAITC-Hacks/hack-1b6d8e05-h"
"1366566482","h3aven","discovered","","","0","https://github.com/BAITC-Hacks/hack-6c526967-h3aven"
"1363725626","h4ckerb4cks","discovered","","","0","https://github.com/BAITC-Hacks/hack-924a4a07-h4ckerb4cks"
"1352091470","Hack","discovered","","","0","https://github.com/BAITC-Hacks/hack-491e4186-hack"
"1379652835","Hack","discovered","","","0","https://github.com/BAITC-Hacks/hack-e9062c20-hack"
"1354627273","hack-world","discovered","","","0","https://github.com/BAITC-Hacks/hack-f7475e95-hack-world"
"1364194067","HackAI","discovered","","","0","https://github.com/BAITC-Hacks/hack-a2928c88-hackai"
"1371210554","HackAlem Bizdiki","discovered","","","0","https://github.com/BAITC-Hacks/hack-f8ce354f-hackalem-bizdiki"
"1349709278","Hackathon Barni","ready","","0d396bcf62fdc2718c3bc0ebda5fef24f5d4f3a9","80","https://github.com/BAITC-Hacks/hack-15548459-hackathon-barni"
"1371306433","Hackathon Barni","discovered","","","0","https://github.com/BAITC-Hacks/hack-9fb33d66-hackathon-barni"
"1364815064","Hackeron","ready","","06769e29899927f0e7aec6e71ffbe7f1b505bf15","37","https://github.com/BAITC-Hacks/hack-15801fec-hackeron"
"1374165108","Hackeron","ready","","4cb84b3a47f9b254f5048b41f034103e05e0401f","1","https://github.com/BAITC-Hacks/hack-27af46da-hackeron"
"1376044176","hackers1337","ready","","93da5790d9ef72125bf25ee6ba540fbbcc523815","1","https://github.com/BAITC-Hacks/hack-2a2d05f9-hackers1337"
"1375593902","HackMac","discovered","","","0","https://github.com/BAITC-Hacks/hack-b2008944-hackmac"
"1378342395","Hackmoggers","discovered","","","0","https://github.com/BAITC-Hacks/hack-f6d2a9ec-hackmoggers"
"1373192241","HackMonsters","discovered","","","0","https://github.com/BAITC-Hacks/hack-92a11647-hackmonsters"
"1375704910","Hacktik","ready","","c9b74fbfbc3881c09693b1c3e316b8b4e139132a","29","https://github.com/BAITC-Hacks/hack-159ae9b5-hacktik"
"1362525706","hackyou","discovered","","","0","https://github.com/BAITC-Hacks/hack-c2a931d4-hackyou"
"1371174048","Hahathon Devs","discovered","","","0","https://github.com/BAITC-Hacks/hack-4a724051-hahathon-devs"
"1371147066","HahaTON","ready","","bb117fca10b949c5a0683d9cdcac4e6b5ba819a8","1","https://github.com/BAITC-Hacks/hack-04c5c96c-hahaton"
"1367232530","Hahatun","discovered","","","0","https://github.com/BAITC-Hacks/hack-4fbaf6fd-hahatun"
"1370071621","HAIYRLYSY","discovered","","","0","https://github.com/BAITC-Hacks/hack-91a0d028-haiyrlysy"
"1371372082","Halal_Hack","discovered","","","0","https://github.com/BAITC-Hacks/hack-55f5f2e5-halal-hack"
"1373182919","Halal_Hack","discovered","","","0","https://github.com/BAITC-Hacks/hack-ef8f07ad-halal-hack"
"1374790904","Halalboys","discovered","","","0","https://github.com/BAITC-Hacks/hack-6d5f06e9-halalboys"
"1375679765","Hamo","discovered","","","0","https://github.com/BAITC-Hacks/hack-bd9e808f-hamo"
"1373177265","Hamza","discovered","","","0","https://github.com/BAITC-Hacks/hack-fa4cc67b-hamza"
"1381753781","Hanavashi","ready","","424be422d30b207c2654b5c8dc5731a6295ffde8","1","https://github.com/BAITC-Hacks/hack-35cae961-hanavashi"
"1381735733","Hanshalkar665-oss","discovered","","","0","https://github.com/BAITC-Hacks/hack-b8c1fce4-hanshalkar665-oss"
"1376663697","Hardliner","discovered","","","0","https://github.com/BAITC-Hacks/hack-b2e81ed2-hardliner"
"1381758366","haroke","ready","","2285e3b096ebb27f18a4d8fcc36aa02a4ebda61c","1","https://github.com/BAITC-Hacks/hack-119c20f5-haroke"
"1376248024","HaveFun","discovered","","","0","https://github.com/BAITC-Hacks/hack-ea42dc67-havefun"
"1381641813","hd99gxwzwb-collab","discovered","","","0","https://github.com/BAITC-Hacks/hack-b07d1688-hd99gxwzwb-collab"
"1371379222","he5h3r","ready","","60f2288c843104485aa0025d73f05f7392af6d56","1","https://github.com/BAITC-Hacks/hack-31bbdbb7-he5h3r"
"1376991380","HealMind","discovered","","","0","https://github.com/BAITC-Hacks/hack-6fe8700a-healmind"
"1374450089","Health Core","discovered","","","0","https://github.com/BAITC-Hacks/hack-ed58da2d-health-core"
"1377160523","HealthAi","discovered","","","0","https://github.com/BAITC-Hacks/hack-84a84feb-healthai"
"1365345224","Healthy","discovered","","","0","https://github.com/BAITC-Hacks/hack-a8c2a0f3-healthy"
"1361437358","Hehe","discovered","","","0","https://github.com/BAITC-Hacks/hack-7b9843ee-hehe"
"1361098514","Hell Mode: The Hardcore Gamer Dominates in Another World with Garbage Balancing","discovered","","","0","https://github.com/BAITC-Hacks/hack-4ebde272-hell-mode-the-hardcore-gamer-dominates-in-another-world-with-garbage-balancing"
"1381648002","Hellnurs","ready","","93dc801dc4d651d7d6fe1d6414a1751b52d47fd2","1","https://github.com/BAITC-Hacks/hack-207ab458-hellnurs"
"1381735110","hello-ansar","discovered","","","0","https://github.com/BAITC-Hacks/hack-f29c6753-hello-ansar"
"1379794638","HelpMake","discovered","","","0","https://github.com/BAITC-Hacks/hack-a4e7deda-helpmake"
"1364274884","HelpMake-ID","ready","","9b7f8425d0d11ae51d564c02f7f31763ccac31fd","94","https://github.com/BAITC-Hacks/hack-30af765a-helpmake-id"
"1378677844","Hexa","discovered","","","0","https://github.com/BAITC-Hacks/hack-61d298c3-hexa"
"1368519880","heyfuture","discovered","","","0","https://github.com/BAITC-Hacks/hack-ca46fd58-heyfuture"
"1381707141","heyxera666","discovered","","","0","https://github.com/BAITC-Hacks/hack-8d7ba894-heyxera666"
"1368327143","HIBEKA","ready","","55b7429c810f8c9eb02a23da6484aa55c18813ef","96","https://github.com/BAITC-Hacks/hack-119e9d43-hibeka"
"1381179786","Hik","ready","","0a36c04607727953496c7afbd6d9dc4e93504967","1","https://github.com/BAITC-Hacks/hack-14789f63-hik"
"1379686433","hippos 🦛","discovered","","","0","https://github.com/BAITC-Hacks/hack-44f7c567-hippos"
"1377340363","Hiuaz","discovered","","","0","https://github.com/BAITC-Hacks/hack-f10f2cb8-hiuaz"
"1379805440","Hiuaz","discovered","","","0","https://github.com/BAITC-Hacks/hack-c52b7a3d-hiuaz"
"1377499641","HmzAI","discovered","","","0","https://github.com/BAITC-Hacks/hack-c881e486-hmzai"
"1377375868","hog2.6","discovered","","","0","https://github.com/BAITC-Hacks/hack-9b5f6c28-hog2-6"
"1381711288","hogartyonok","discovered","","","0","https://github.com/BAITC-Hacks/hack-3df4ba32-hogartyonok"
"1379151244","holy-project","discovered","","","0","https://github.com/BAITC-Hacks/hack-4e01c468-holy-project"
"1375122910","Homies Lab","discovered","","","0","https://github.com/BAITC-Hacks/hack-e3c89aa2-homies-lab"
"1373628796","Hongcha","discovered","","","0","https://github.com/BAITC-Hacks/hack-c51f7856-hongcha"
"1361003426","Honourable","discovered","","","0","https://github.com/BAITC-Hacks/hack-3fdda286-honourable"
"1371337924","Honourable B","ready","","3a601f1a031ce1569b8a6ba592f8707ad110037c","5","https://github.com/BAITC-Hacks/hack-2309b0ed-honourable-b"
"1377442874","Hoodie hunters","ready","","a6d22f015c44a24ba1639a2d3ecd3dd693b95a08","1","https://github.com/BAITC-Hacks/hack-331a24ff-hoodie-hunters"
"1381651056","Hoopakid","discovered","","","0","https://github.com/BAITC-Hacks/hack-c80a7c05-hoopakid"
"1364205920","horseaters","ready","","fa527ac5b90247728723255a174679d7b308eda1","304","https://github.com/BAITC-Hacks/hack-0d60a011-horseaters"
"1381755401","hosbuil","ready","","f6fec1549374c975e182f36d2a2c090532a0af23","1","https://github.com/BAITC-Hacks/hack-26995204-hosbuil"
"1372839437","Hot-team","discovered","","","0","https://github.com/BAITC-Hacks/hack-acdb35bd-hot-team"
"1381634779","Howl","discovered","","","0","https://github.com/BAITC-Hacks/hack-8a991122-howl"
"1381707270","Hsidzip","ready","","81d82bf4f4b94f7307810ef59af4d6dcc506f689","1","https://github.com/BAITC-Hacks/hack-04fb8f20-hsidzip"
"1368769005","hubtech","discovered","","","0","https://github.com/BAITC-Hacks/hack-a84ff6d0-hubtech"
"1373713523","HuITA","discovered","","","0","https://github.com/BAITC-Hacks/hack-9a0622c5-huita"
"1371360512","Humanize","discovered","","","0","https://github.com/BAITC-Hacks/hack-f9a62c19-humanize"
"1381654104","Huntley","discovered","","","0","https://github.com/BAITC-Hacks/hack-ae2acdd2-huntley"
"1376991672","Hurricane","ready","","cc92b459d8613a887bab9b76f2d37f82f904f969","91","https://github.com/BAITC-Hacks/hack-2b4a46cf-hurricane"
"1379545524","Hurricane","discovered","","","0","https://github.com/BAITC-Hacks/hack-d4c10d36-hurricane"
"1364366430","hustle","discovered","","","0","https://github.com/BAITC-Hacks/hack-5cf6b49a-hustle"
"1371636147","hustlers","discovered","","","0","https://github.com/BAITC-Hacks/hack-96839d9e-hustlers"
"1377409259","HydroMind AI","discovered","","","0","https://github.com/BAITC-Hacks/hack-80582884-hydromind-ai"
"1348946140","Hypeioi","discovered","","","0","https://github.com/BAITC-Hacks/hack-960fa07c-hypeioi"
"1381765106","i-oeng","discovered","","","0","https://github.com/BAITC-Hacks/hack-a9de8c02-i-oeng"
"1381694215","iamdiasbilalov","discovered","","","0","https://github.com/BAITC-Hacks/hack-84b910da-iamdiasbilalov"
"1381662198","iamnuraika37-dotcom","discovered","","","0","https://github.com/BAITC-Hacks/hack-b72d99e5-iamnuraika37-dotcom"
"1381643912","iamyerden","discovered","","","0","https://github.com/BAITC-Hacks/hack-6dd0de7d-iamyerden"
"1381642402","iaqool","ready","","fac6b45f516b7b614af06676f4ab6518296562e5","1","https://github.com/BAITC-Hacks/hack-02046092-iaqool"
"1374325840","iBilim","discovered","","","0","https://github.com/BAITC-Hacks/hack-627b67cd-ibilim"
"1377349663","IBIX-Digital","discovered","","","0","https://github.com/BAITC-Hacks/hack-f2ce041b-ibix-digital"
"1381683741","Ibrahim","discovered","","","0","https://github.com/BAITC-Hacks/hack-4170ee63-ibrahim"
"1381717103","Ibrakhim45","discovered","","","0","https://github.com/BAITC-Hacks/hack-44e608d3-ibrakhim45"
"1381674950","icy","ready","","52655e80a14615a2634be580685c478bb37c9a08","1","https://github.com/BAITC-Hacks/hack-04102014-icy"
"1363725437","id","discovered","","","0","https://github.com/BAITC-Hacks/hack-686ce1df-id"
"1379682227","id","discovered","","","0","https://github.com/BAITC-Hacks/hack-b9f22b0e-id"
"1374226651","Idahar","ready","","404dbf1936cf2074498c9231bc108c6f6afa6913","2","https://github.com/BAITC-Hacks/hack-0273c87f-idahar"
"1374759335","idea","discovered","","","0","https://github.com/BAITC-Hacks/hack-654eb90e-idea"
"1375775586","idkteam","discovered","","","0","https://github.com/BAITC-Hacks/hack-50802de0-idkteam"
"1381759571","ieruss","discovered","","","0","https://github.com/BAITC-Hacks/hack-ac049c5a-ieruss"
"1372748284","IFlow","ready","","a6cf24cf55f4b46d61c7f0c578550610695947e6","158","https://github.com/BAITC-Hacks/hack-166d8cc7-iflow"
"1381756423","igorlevin49-blip","discovered","","","0","https://github.com/BAITC-Hacks/hack-65aa3756-igorlevin49-blip"
"1375778945","IIntenational","ready","","e826068179561ceaa6605c9cea965666f9b83dc6","70","https://github.com/BAITC-Hacks/hack-30cf4f13-iintenational"
"1374009392","Iishka","ready","","806ee31f17e10ee121cd5896bf17dfbaabc078fe","1","https://github.com/BAITC-Hacks/hack-37044d42-iishka"
"1363004270","IITU+SPARTANS","discovered","","","0","https://github.com/BAITC-Hacks/hack-5fefe2e0-iitu-spartans"
"1380542812","Ilbeb","ready","","ab8e000c5883c5afda1fe31c29938105fddb4437","1","https://github.com/BAITC-Hacks/hack-14762186-ilbeb"
"1381730143","ilias","discovered","","","0","https://github.com/BAITC-Hacks/hack-c2640034-ilias"
"1381659710","IliyasNU","ready","","5ab9c02f63087f1d3296aa2236c5f30648683aae","1","https://github.com/BAITC-Hacks/hack-181aa503-iliyasnu"
"1377049681","Ilmio automation","discovered","","","0","https://github.com/BAITC-Hacks/hack-cb58e151-ilmio-automation"
"1375697941","ILON","discovered","","","0","https://github.com/BAITC-Hacks/hack-91b593d7-ilon"
"1374379682","iLoveLarp","discovered","","","0","https://github.com/BAITC-Hacks/hack-c44bbb01-ilovelarp"
"1374387587","iLoveLarp","ready","","1a502df649242e6b374bf74f38e0da70b9de9281","1","https://github.com/BAITC-Hacks/hack-24488ff7-ilovelarp"
"1381639080","ilyasbakdauletuly-stack","discovered","","","0","https://github.com/BAITC-Hacks/hack-fbdf37fc-ilyasbakdauletuly-stack"
"1373959023","imaginary friend","discovered","","","0","https://github.com/BAITC-Hacks/hack-3c1270de-imaginary-friend"
"1381694594","imahmet000","ready","","c2c4af7af6bad7e9de2f84a55792ecde04387d50","1","https://github.com/BAITC-Hacks/hack-2b16dda7-imahmet000"
"1366994109","Iman AI Labs","discovered","","","0","https://github.com/BAITC-Hacks/hack-444e1ecb-iman-ai-labs"
"1373517911","imokazakhstan","discovered","","","0","https://github.com/BAITC-Hacks/hack-79a39f16-imokazakhstan"
"1372871630","Impact","discovered","","","0","https://github.com/BAITC-Hacks/hack-c1c48f6d-impact"
"1365418287","IMS","discovered","","","0","https://github.com/BAITC-Hacks/hack-cdcb63a1-ims"
"1373189020","INC.","discovered","","","0","https://github.com/BAITC-Hacks/hack-8df1dc64-inc"
"1368132917","InclusiveTalk","discovered","","","0","https://github.com/BAITC-Hacks/hack-f143961f-inclusivetalk"
"1349435370","Infinity AI","discovered","","","0","https://github.com/BAITC-Hacks/hack-9a8fb661-infinity-ai"
"1374087728","init","discovered","","","0","https://github.com/BAITC-Hacks/hack-fdb6895f-init"
"1381686179","inkardara","discovered","","","0","https://github.com/BAITC-Hacks/hack-f412ca36-inkardara"
"1374853126","InnerDecay","discovered","","","0","https://github.com/BAITC-Hacks/hack-72462b27-innerdecay"
"1376060836","INNOVA","discovered","","","0","https://github.com/BAITC-Hacks/hack-5e211807-innova"
"1373019990","Insighters","discovered","","","0","https://github.com/BAITC-Hacks/hack-d2e38b1a-insighters"
"1353708516","Inspirosk","ready","","5cd6050ce682db6daf8a41190b6eb9cd828dade6","1","https://github.com/BAITC-Hacks/hack-2491c196-inspirosk"
"1379833155","Inspirosk","discovered","","","0","https://github.com/BAITC-Hacks/hack-cc2c32ef-inspirosk"
"1377518503","Intent","ready","","ff1e963bbabda005ae8ce78b7ed4a182363b1f93","56","https://github.com/BAITC-Hacks/hack-001016ea-intent"
"1364786673","Intentive","discovered","","","0","https://github.com/BAITC-Hacks/hack-f8fce2c1-intentive"
"1361097654","Interprise","discovered","","","0","https://github.com/BAITC-Hacks/hack-a2dad59e-interprise"
"1366273366","Invalid syntax","discovered","","","0","https://github.com/BAITC-Hacks/hack-7b57ed03-invalid-syntax"
"1356528978","Invincibles","discovered","","","0","https://github.com/BAITC-Hacks/hack-3e883744-invincibles"
"1361391945","Invoker","discovered","","","0","https://github.com/BAITC-Hacks/hack-d9516e4a-invoker"
"1379454834","Involution","discovered","","","0","https://github.com/BAITC-Hacks/hack-a007b1d3-involution"
"1381703717","inyedil","ready","","b02e21389d04353aabb85b6dec344703eab1f9a1","1","https://github.com/BAITC-Hacks/hack-1eb0e50a-inyedil"
"1381673896","InzhuNurlan","discovered","","","0","https://github.com/BAITC-Hacks/hack-55693f06-inzhunurlan"
"1374393809","iorepheus","ready","","c98cb5c28dee4a943222b19b720055fb10092677","1","https://github.com/BAITC-Hacks/hack-19b9197d-iorepheus"
"1363810362","IoTector","discovered","","","0","https://github.com/BAITC-Hacks/hack-f6c6eec8-iotector"
"1381679192","iotegen","discovered","","","0","https://github.com/BAITC-Hacks/hack-3c4bbe19-iotegen"
"1374252278","IpakTech","discovered","","","0","https://github.com/BAITC-Hacks/hack-469457cb-ipaktech"
"1381708534","iqmiss","discovered","","","0","https://github.com/BAITC-Hacks/hack-c8477448-iqmiss"
"1363904836","IRBI AI","ready","","bfe000660954e1dbddf35f460b00ef0b650fb2a6","1","https://github.com/BAITC-Hacks/hack-291b5a77-irbi-ai"
"1381670397","irsymovamir-svg","discovered","","","0","https://github.com/BAITC-Hacks/hack-e1b7fa66-irsymovamir-svg"
"1371407321","IRTIDA","discovered","","","0","https://github.com/BAITC-Hacks/hack-d2863e5a-irtida"
"1376107425","IRTIDA","discovered","","","0","https://github.com/BAITC-Hacks/hack-aa88eec9-irtida"
"1380410760","IS23SILA","discovered","","","0","https://github.com/BAITC-Hacks/hack-7dfc64c5-is23sila"
"1379670685","IShowAlem","discovered","","","0","https://github.com/BAITC-Hacks/hack-4770ef3b-ishowalem"
"1379931788","isisisis","discovered","","","0","https://github.com/BAITC-Hacks/hack-81bf8167-isisisis"
"1381760501","iskander-akhmetov","discovered","","","0","https://github.com/BAITC-Hacks/hack-f3080e43-iskander-akhmetov"
"1381750393","iskmir","ready","","a5986eaf5d9d90da0bd3428c84b9786c22e02c10","1","https://github.com/BAITC-Hacks/hack-04d885ac-iskmir"
"1381708719","islamzef321-debug","ready","","1533529da7a409c71d75ddaecc6ea0b5c96768d7","1","https://github.com/BAITC-Hacks/hack-160612c2-islamzef321-debug"
"1376896023","It 1+1","discovered","","","0","https://github.com/BAITC-Hacks/hack-6ab119b0-it-1-1"
"1368181227","IT Accelerator NX","discovered","","","0","https://github.com/BAITC-Hacks/hack-9dc7559b-it-accelerator-nx"
"1369603998","IT college","discovered","","","0","https://github.com/BAITC-Hacks/hack-f0720a2d-it-college"
"1375487997","it solution","discovered","","","0","https://github.com/BAITC-Hacks/hack-bc9ad702-it-solution"
"1375633406","It works on my pc","discovered","","","0","https://github.com/BAITC-Hacks/hack-51f6c0eb-it-works-on-my-pc"
"1374265552","IT-AIU","discovered","","","0","https://github.com/BAITC-Hacks/hack-c6ca5563-it-aiu"
"1375733007","IT-Forge","ready","","3a2e50e88b3f3197961a5817dd1b8ca445855279","98","https://github.com/BAITC-Hacks/hack-3228a77c-it-forge"
"1371221096","ITAI GANG #1","discovered","","","0","https://github.com/BAITC-Hacks/hack-77e81b8d-itai-gang-1"
"1378098517","Italiano","discovered","","","0","https://github.com/BAITC-Hacks/hack-adfde76f-italiano"
"1381678950","ItsANDRS0N","discovered","","","0","https://github.com/BAITC-Hacks/hack-d10c5af9-itsandrs0n"
"1357410006","ITshechka","discovered","","","0","https://github.com/BAITC-Hacks/hack-cc6c9023-itshechka"
"1374362362","ITshechka","discovered","","","0","https://github.com/BAITC-Hacks/hack-a36bce32-itshechka"
"1370141813","ITshich","ready","","1ed76f32d61463ecd15f825a2b57e5fd3ffedc03","217","https://github.com/BAITC-Hacks/hack-109052e5-itshich"
"1361624241","ivaninbox","discovered","","","0","https://github.com/BAITC-Hacks/hack-4367b363-ivaninbox"
"1379606863","Ive","discovered","","","0","https://github.com/BAITC-Hacks/hack-61198756-ive"
"1379815681","Ive","ready","","069f65af34abd2c77560c61efa51154a66e6ac4e","1","https://github.com/BAITC-Hacks/hack-137f2b46-ive"
"1361468660","iwbhappy","ready","","85aacafd655ae2b99950c6390706502b5fd3bb8f","65","https://github.com/BAITC-Hacks/hack-0af00165-iwbhappy"
"1365653452","IXI","discovered","","","0","https://github.com/BAITC-Hacks/hack-54e6ca53-ixi"
"1381695476","ixxgnurik","discovered","","","0","https://github.com/BAITC-Hacks/hack-9a45eadc-ixxgnurik"
"1381760356","IzbassarO","ready","","ec729bcc12114b25ad8cd7c2dab52d8408b2fafc","1","https://github.com/BAITC-Hacks/hack-25b43e47-izbassaro"
"1376113414","j2jrv","discovered","","","0","https://github.com/BAITC-Hacks/hack-59cf2d97-j2jrv"
"1381663897","JacobsKazakh","discovered","","","0","https://github.com/BAITC-Hacks/hack-e186c83b-jacobskazakh"
"1378513172","jaegnask","discovered","","","0","https://github.com/BAITC-Hacks/hack-c9158233-jaegnask"
"1381704153","JAKE","discovered","","","0","https://github.com/BAITC-Hacks/hack-9d6957c9-jake"
"1376948293","JANA","discovered","","","0","https://github.com/BAITC-Hacks/hack-dc53b6bc-jana"
"1381712723","janibekturysbek","ready","","4328637e017be9caf58db1fa474fc6e2d224791f","1","https://github.com/BAITC-Hacks/hack-0759ce13-janibekturysbek"
"1380283458","Jano","discovered","","","0","https://github.com/BAITC-Hacks/hack-a3f77aa5-jano"
"1381720535","jarkynai","discovered","","","0","https://github.com/BAITC-Hacks/hack-fe3a336c-jarkynai"
"1364250021","Jarvis","ready","","a201c61275905e9a6238a53f1102e5da5c907a86","140","https://github.com/BAITC-Hacks/hack-05846c56-jarvis"
"1371315803","JarviS","ready","","b5dc2e4fdbd35c1a208578431f5081b0049c01c9","1","https://github.com/BAITC-Hacks/hack-38007ae8-jarvis"
"1367107822","Jarvis Team","discovered","","","0","https://github.com/BAITC-Hacks/hack-3a30acd2-jarvis-team"
"1371365163","Jarvis-team","discovered","","","0","https://github.com/BAITC-Hacks/hack-543c276d-jarvis-team"
"1379824189","Jarvis-team","ready","","6739e3b3e67ac240a08e7e9a4add84fcb98c80b9","6","https://github.com/BAITC-Hacks/hack-1ea392c1-jarvis-team"
"1361436570","Jarvis_KMC","ready","","deaf1467410564a8b518f7f55589b3e15e07db2a","1","https://github.com/BAITC-Hacks/hack-19ad1be8-jarvis-kmc"
"1378357809","JASAI","discovered","","","0","https://github.com/BAITC-Hacks/hack-e3809f66-jasai"
"1376108698","JasBas","discovered","","","0","https://github.com/BAITC-Hacks/hack-e5e76a1d-jasbas"
"1381674273","Jasik","discovered","","","0","https://github.com/BAITC-Hacks/hack-51566949-jasik"
"1360058403","JassAI","discovered","","","0","https://github.com/BAITC-Hacks/hack-9be09345-jassai"
"1370050100","JasTalant","discovered","","","0","https://github.com/BAITC-Hacks/hack-f7b91960-jastalant"
"1366191002","Jective AI","discovered","","","0","https://github.com/BAITC-Hacks/hack-d299ce4e-jective-ai"
"1366402657","JESS AI 🤖","discovered","","","0","https://github.com/BAITC-Hacks/hack-abb4404d-jess-ai"
"1374608480","JETI","discovered","","","0","https://github.com/BAITC-Hacks/hack-56f0d6f7-jeti"
"1381717591","jeyzzet","discovered","","","0","https://github.com/BAITC-Hacks/hack-a0be1df8-jeyzzet"
"1370556068","JFn","discovered","","","0","https://github.com/BAITC-Hacks/hack-ee5834af-jfn"
"1363549179","Jigas","discovered","","","0","https://github.com/BAITC-Hacks/hack-e3bf6094-jigas"
"1366411139","JIGER","discovered","","","0","https://github.com/BAITC-Hacks/hack-c471837d-jiger"
"1372971457","jiggaz","discovered","","","0","https://github.com/BAITC-Hacks/hack-53ef61ca-jiggaz"
"1378487422","Jiggle Eagles","ready","","f80e76a6f1f31a4db67740b3494d7ead652ab09d","114","https://github.com/BAITC-Hacks/hack-368e1646-jiggle-eagles"
"1368182447","JIGILER","discovered","","","0","https://github.com/BAITC-Hacks/hack-9ba68d46-jigiler"
"1381671875","Jinzhou-maker","discovered","","","0","https://github.com/BAITC-Hacks/hack-c5afb026-jinzhou-maker"
"1374658779","Jipiti","discovered","","","0","https://github.com/BAITC-Hacks/hack-ae61ac91-jipiti"
"1379801457","Jipiti rep","discovered","","","0","https://github.com/BAITC-Hacks/hack-430e5f5c-jipiti-rep"
"1373985939","JIStudio","ready","","9196119c59b44febf19a563d2986e4b7ab680ec3","1","https://github.com/BAITC-Hacks/hack-01862d14-jistudio"
"1376926453","JJS","discovered","","","0","https://github.com/BAITC-Hacks/hack-c6ee1259-jjs"
"1371003624","JJStan","ready","","c81fc29a39b79896dda85004d9876b3d56feff26","28","https://github.com/BAITC-Hacks/hack-024d5bf9-jjstan"
"1381638408","JKLson","discovered","","","0","https://github.com/BAITC-Hacks/hack-3c223900-jklson"
"1381632610","jmkhnn","discovered","","","0","https://github.com/BAITC-Hacks/hack-af757088-jmkhnn"
"1381713656","jnlleux","ready","","1462098249410d972f0335709071221c0bc6c535","1","https://github.com/BAITC-Hacks/hack-0a29b2ba-jnlleux"
"1365852072","John Pork","discovered","","","0","https://github.com/BAITC-Hacks/hack-69b0d761-john-pork"
"1381728883","John-Fortnite-Kennedy","ready","","c4653127e98551b711736f176b1e6273e9c5f465","1","https://github.com/BAITC-Hacks/hack-1c3acd3f-john-fortnite-kennedy"
"1381693218","johnlenhermann16","ready","","fc1f01055c8b4cbbb166e55f75e860ce599fa124","1","https://github.com/BAITC-Hacks/hack-17269d64-johnlenhermann16"
"1381659587","jolmarat","discovered","","","0","https://github.com/BAITC-Hacks/hack-5ecaf9a6-jolmarat"
"1375019482","Jomart Ai","discovered","","","0","https://github.com/BAITC-Hacks/hack-dd30ba94-jomart-ai"
"1379833586","Jomart Ai","discovered","","","0","https://github.com/BAITC-Hacks/hack-a0bf5ee8-jomart-ai"
"1381694094","JR-Vickers","discovered","","","0","https://github.com/BAITC-Hacks/hack-6f134998-jr-vickers"
"1374281979","JTS","discovered","","","0","https://github.com/BAITC-Hacks/hack-51fbdbff-jts"
"1370607525","Junior Syndicate","ready","","162b34758f913b6123e5b4b58328f31da774ba1f","49","https://github.com/BAITC-Hacks/hack-29b2f249-junior-syndicate"
"1371308085","Junior Syndicate","ready","","a63fdaa33dc209844ac0724705a3b19d3112a943","1","https://github.com/BAITC-Hacks/hack-00c46990-junior-syndicate"
"1374357784","Juniors","discovered","","","0","https://github.com/BAITC-Hacks/hack-e38c07f2-juniors"
"1361331149","just student","discovered","","","0","https://github.com/BAITC-Hacks/hack-63a0da97-just-student"
"1372948059","Just Team","discovered","","","0","https://github.com/BAITC-Hacks/hack-f7740f33-just-team"
"1376104693","just-act","ready","","16565beddb60a0d5862430a0ce5ec699b00b4924","1","https://github.com/BAITC-Hacks/hack-2049f299-just-act"
"1375550927","JUSTar","discovered","","","0","https://github.com/BAITC-Hacks/hack-8b05e04a-justar"
"1381687713","JustNick100","ready","","fbceb3360fd4be6a6fd42ddad9479ee6d4f721ce","1","https://github.com/BAITC-Hacks/hack-21dd5fed-justnick100"
"1381643197","justrauka","discovered","","","0","https://github.com/BAITC-Hacks/hack-e1663f5d-justrauka"
"1371271190","Jyrn","discovered","","","0","https://github.com/BAITC-Hacks/hack-9124439e-jyrn"
"1376579086","K A I F A R I K I","ready","","ea552b63b7c7946199b1bb2d4d0da72f4cb17367","36","https://github.com/BAITC-Hacks/hack-13084f7d-k-a-i-f-a-r-i-k-i"
"1377457245","K-House","discovered","","","0","https://github.com/BAITC-Hacks/hack-6e421c7a-k-house"
"1370966293","K-On!","ready","","9ba9dbd31328ad88c539bbaa28c073bc4b362562","59","https://github.com/BAITC-Hacks/hack-1ce365d5-k-on"
"1379836501","K-On!","discovered","","","0","https://github.com/BAITC-Hacks/hack-88dd34c5-k-on"
"1371048532","K.chau","discovered","","","0","https://github.com/BAITC-Hacks/hack-c0173720-k-chau"
"1379422060","K14","discovered","","","0","https://github.com/BAITC-Hacks/hack-4cfe9779-k14"
"1381736684","k1m1don","discovered","","","0","https://github.com/BAITC-Hacks/hack-8709e5f4-k1m1don"
"1378459803","k4p1b4r4","ready","","6366cc7bfd4ff68adbdcc75c439ea3351a2d921e","1","https://github.com/BAITC-Hacks/hack-29179e56-k4p1b4r4"
"1381654238","ka6yyl","discovered","","","0","https://github.com/BAITC-Hacks/hack-a1f38634-ka6yyl"
"1381713902","Kadirzhan","ready","","7b34def6681a77e3ce12402f79263dc6a531a251","1","https://github.com/BAITC-Hacks/hack-04cce48e-kadirzhan"
"1381759027","kadysmuktaruly","discovered","","","0","https://github.com/BAITC-Hacks/hack-abf04758-kadysmuktaruly"
"1373213388","KaeAI","discovered","","","0","https://github.com/BAITC-Hacks/hack-f3e5c053-kaeai"
"1381648977","kaekhara","discovered","","","0","https://github.com/BAITC-Hacks/hack-6db30a64-kaekhara"
"1381696531","kaelowz","discovered","","","0","https://github.com/BAITC-Hacks/hack-8bb389d6-kaelowz"
"1377344883","Kahhar","discovered","","","0","https://github.com/BAITC-Hacks/hack-b3d0cbac-kahhar"
"1375936237","Kai Education","ready","","53f351cbfa831de7217df3f315b7ba26b88f69a9","48","https://github.com/BAITC-Hacks/hack-20246846-kai-education"
"1379796364","kai education","discovered","","","0","https://github.com/BAITC-Hacks/hack-dae029b3-kai-education"
"1374598850","kAImak","discovered","","","0","https://github.com/BAITC-Hacks/hack-c03bcfc6-kaimak"
"1381710977","Kaimo-ki","ready","","644cbfc89f3325f330c513a9ed7e4a09254d0f4d","1","https://github.com/BAITC-Hacks/hack-2abc67ba-kaimo-ki"
"1381743484","Kair97o","discovered","","","0","https://github.com/BAITC-Hacks/hack-41635741-kair97o"
"1376043679","Kairos","discovered","","","0","https://github.com/BAITC-Hacks/hack-b6172601-kairos"
"1381691069","Kairoshh","discovered","","","0","https://github.com/BAITC-Hacks/hack-b8feb517-kairoshh"
"1372971559","Kaizen","discovered","","","0","https://github.com/BAITC-Hacks/hack-ab8ad01c-kaizen"
"1379795514","Kak to","discovered","","","0","https://github.com/BAITC-Hacks/hack-3f67c6ed-kak-to"
"1376261244","Kak to tak","discovered","","","0","https://github.com/BAITC-Hacks/hack-7511029a-kak-to-tak"
"1381722046","kak0yt0-che1","discovered","","","0","https://github.com/BAITC-Hacks/hack-dce4580f-kak0yt0-che1"
"1379800010","Kakaka","discovered","","","0","https://github.com/BAITC-Hacks/hack-5da21429-kakaka"
"1381763011","kalashov","ready","","21c316db029e3fdd884a4a8810a40c4b5ddbcf61","1","https://github.com/BAITC-Hacks/hack-0f756164-kalashov"
"1381688648","KALDYBAKYZY","ready","","bff888a1abdc3edecc476ecf2d954a87c160c87e","1","https://github.com/BAITC-Hacks/hack-314c6309-kaldybakyzy"
"1381756283","kalipython747-create","discovered","","","0","https://github.com/BAITC-Hacks/hack-66a66292-kalipython747-create"
"1381665653","kalymbekali2006-sudo","discovered","","","0","https://github.com/BAITC-Hacks/hack-a9f1dffe-kalymbekali2006-sudo"
"1381704893","kalzansaan-cloud","discovered","","","0","https://github.com/BAITC-Hacks/hack-d99e00bc-kalzansaan-cloud"
"1381734999","kam1iel","discovered","","","0","https://github.com/BAITC-Hacks/hack-bd89ee8c-kam1iel"
"1381656797","Kama2004666","discovered","","","0","https://github.com/BAITC-Hacks/hack-a6c0362e-kama2004666"
"1374816225","Kambar_ART","discovered","","","0","https://github.com/BAITC-Hacks/hack-ff1d1ffd-kambar-art"
"1381653406","kamilla-ilyassova","discovered","","","0","https://github.com/BAITC-Hacks/hack-3f7f4dd8-kamilla-ilyassova"
"1381739398","KamiraKroshka","discovered","","","0","https://github.com/BAITC-Hacks/hack-c91fe60f-kamirakroshka"
"1381725444","kamm","ready","","12fb96411982ae3f79216dc0ba61c76d450484a9","1","https://github.com/BAITC-Hacks/hack-0a4c47bd-kamm"
"1381686450","Kanatzhan07","discovered","","","0","https://github.com/BAITC-Hacks/hack-9d51c658-kanatzhan07"
"1378072600","Kanaye","discovered","","","0","https://github.com/BAITC-Hacks/hack-bf7b4d94-kanaye"
"1372884518","Kar1na","discovered","","","0","https://github.com/BAITC-Hacks/hack-b0f17a1f-kar1na"
"1381692482","Karakat-web","discovered","","","0","https://github.com/BAITC-Hacks/hack-b3df91ab-karakat-web"
"1381689891","karina","ready","","41f601d3ee42d5ee3f84114218972e7804d983ab","1","https://github.com/BAITC-Hacks/hack-1d93c309-karina"
"1381742730","karinash20","discovered","","","0","https://github.com/BAITC-Hacks/hack-d10f72d2-karinash20"
"1377430062","Karma","ready","","4086bf3c7bf7ccf97082cfe9dc68c411c631c5c4","1","https://github.com/BAITC-Hacks/hack-2b7c88f4-karma"
"1381739045","karrambaaaa","discovered","","","0","https://github.com/BAITC-Hacks/hack-6b013ba2-karrambaaaa"
"1355820729","KaskyrAlmaty","discovered","","","0","https://github.com/BAITC-Hacks/hack-d7cbffb9-kaskyralmaty"
"1364822110","kaspi","ready","","5ad50b3b5c6514c5acae3ef67dd7ef48126eb540","26","https://github.com/BAITC-Hacks/hack-0e1b883f-kaspi"
"1381683611","Katogria","discovered","","","0","https://github.com/BAITC-Hacks/hack-fbef1cc8-katogria"
"1381695347","kawwayu1","discovered","","","0","https://github.com/BAITC-Hacks/hack-e38465f2-kawwayu1"
"1381400876","KAYO","ready","","1ecd5de6641682004ff76e8b15a299370a703230","33","https://github.com/BAITC-Hacks/hack-2adafad9-kayo"
"1371139399","Kaz-AI","ready","","4fb942ac3a2a4f1cf7058f3f166a51143ad745be","75","https://github.com/BAITC-Hacks/hack-37ae610f-kaz-ai"
"1375713750","KAZAKH ALEM AI","discovered","","","0","https://github.com/BAITC-Hacks/hack-438cc0d4-kazakh-alem-ai"
"1381655922","KazakK31","discovered","","","0","https://github.com/BAITC-Hacks/hack-d6e67745-kazakk31"
"1374392228","KazAST-AI","discovered","","","0","https://github.com/BAITC-Hacks/hack-696ba367-kazast-ai"
"1378507019","KazDev","discovered","","","0","https://github.com/BAITC-Hacks/hack-62600a66-kazdev"
"1381637711","kazdigitalprod-cloud","discovered","","","0","https://github.com/BAITC-Hacks/hack-629bb278-kazdigitalprod-cloud"
"1375748608","Kazhydromet AI","discovered","","","0","https://github.com/BAITC-Hacks/hack-b18c30d4-kazhydromet-ai"
"1381670842","Kazhykan","ready","","cb17048c3c4fbcba8d827ba6899692ec931b267e","1","https://github.com/BAITC-Hacks/hack-3377ed33-kazhykan"
"1377283639","KAZINSYS","discovered","","","0","https://github.com/BAITC-Hacks/hack-a62b9d81-kazinsys"
"1373553979","KazSaq","discovered","","","0","https://github.com/BAITC-Hacks/hack-9da0136b-kazsaq"
"1362785264","Kaztend","discovered","","","0","https://github.com/BAITC-Hacks/hack-ad342fbd-kaztend"
"1377398199","Kaztok - короткие видео","discovered","","","0","https://github.com/BAITC-Hacks/hack-a5ea25be-kaztok"
"1381631571","kazymoveldos4-cloud","discovered","","","0","https://github.com/BAITC-Hacks/hack-4a00bb4b-kazymoveldos4-cloud"
"1381746212","Kazyy-wq","discovered","","","0","https://github.com/BAITC-Hacks/hack-a642da16-kazyy-wq"
"1381663355","kddfcfg6gc-sys","discovered","","","0","https://github.com/BAITC-Hacks/hack-46bddff6-kddfcfg6gc-sys"
"1381752335","KeeperPharaoh","discovered","","","0","https://github.com/BAITC-Hacks/hack-a18f32af-keeperpharaoh"
"1375543882","Keiki Mergen","discovered","","","0","https://github.com/BAITC-Hacks/hack-703cbb8f-keiki-mergen"
"1381701621","keizifire","ready","","63ed9352c2382e2b5e033735855cb51476ad8925","1","https://github.com/BAITC-Hacks/hack-1d8e1a5a-keizifire"
"1375522301","KemeldenAI","discovered","","","0","https://github.com/BAITC-Hacks/hack-4349459c-kemeldenai"
"1375318726","Kenshi","discovered","","","0","https://github.com/BAITC-Hacks/hack-f1676dc6-kenshi"
"1379838681","kenshi","discovered","","","0","https://github.com/BAITC-Hacks/hack-f4f577c0-kenshi"
"1371351529","kentaulz","ready","","19d957be15960d19dea4f8a35636eb9c22f56fbc","1","https://github.com/BAITC-Hacks/hack-2dd27f2a-kentaulz"
"1363650631","ker1mGo","discovered","","","0","https://github.com/BAITC-Hacks/hack-c4dedb1a-ker1mgo"
"1381659192","kerbez77","discovered","","","0","https://github.com/BAITC-Hacks/hack-6c5a4add-kerbez77"
"1372823988","Kernel","discovered","","","0","https://github.com/BAITC-Hacks/hack-dea53062-kernel"
"1349492081","Kernel-Panic","ready","","c95e14bbbcb3e0bea012e4be81f5b5de1eb90484","1","https://github.com/BAITC-Hacks/hack-15391445-kernel-panic"
"1381754016","keshemir","discovered","","","0","https://github.com/BAITC-Hacks/hack-6c566308-keshemir"
"1353135540","Ketnavr","discovered","","","0","https://github.com/BAITC-Hacks/hack-f8b85cde-ketnavr"
"1363063222","Khabat Tech","ready","","b405c1865f4187d41a9c4c773a0c1cc7a0a5c9f7","1","https://github.com/BAITC-Hacks/hack-379133b9-khabat-tech"
"1376122155","KHAN","discovered","","","0","https://github.com/BAITC-Hacks/hack-cb2dd569-khan"
"1381396937","Khissab","ready","","70ef9ffba7628af096289c4d2355298c90debd72","46","https://github.com/BAITC-Hacks/hack-26eeaf57-khissab"
"1370340725","KI-AI","discovered","","","0","https://github.com/BAITC-Hacks/hack-842f0aa9-ki-ai"
"1371311552","KIKORIKI","discovered","","","0","https://github.com/BAITC-Hacks/hack-e362d106-kikoriki"
"1371416729","KIKORIKI","discovered","","","0","https://github.com/BAITC-Hacks/hack-61e6e45d-kikoriki"
"1375866767","KILC","discovered","","","0","https://github.com/BAITC-Hacks/hack-7c4211c3-kilc"
"1370101574","Killer(R)","discovered","","","0","https://github.com/BAITC-Hacks/hack-842214e4-killer-r"
"1372658653","Kilocraft","ready","","6f273b9a70ebff5d82aebc917b308f0acaa771db","1","https://github.com/BAITC-Hacks/hack-0f4bdd8d-kilocraft"
"1374406363","Kinetix","discovered","","","0","https://github.com/BAITC-Hacks/hack-f91a83e0-kinetix"
"1381731735","Kiritoficat","discovered","","","0","https://github.com/BAITC-Hacks/hack-8fd6fbe3-kiritoficat"
"1381763163","KiroshiAiviom","ready","","345df74ed802198941e28d8daab4ce2763475a32","1","https://github.com/BAITC-Hacks/hack-07eba8f3-kiroshiaiviom"
"1381645479","klapk1z","discovered","","","0","https://github.com/BAITC-Hacks/hack-418ab056-klapk1z"
"1363319988","KM","discovered","","","0","https://github.com/BAITC-Hacks/hack-64a7eb6b-km"
"1375607098","KMG","discovered","","","0","https://github.com/BAITC-Hacks/hack-3d048659-kmg"
"1379772916","KMG","ready","","78048c6fcf2e360cd7422e74fa671c93338337e7","6","https://github.com/BAITC-Hacks/hack-1bc773d5-kmg"
"1381704006","Kn0wk","discovered","","","0","https://github.com/BAITC-Hacks/hack-7a68547c-kn0wk"
"1381762606","KNate42","ready","","0d1e2960ac25c830130ec27637db50ead8298ec6","1","https://github.com/BAITC-Hacks/hack-1caa279e-knate42"
"1372944110","KnewIT 3","discovered","","","0","https://github.com/BAITC-Hacks/hack-f0ab74e4-knewit-3"
"1373012723","KnewIT Number 1","ready","","c038b2eb43448c859e399a7088d88439de5aaabb","115","https://github.com/BAITC-Hacks/hack-2e627b26-knewit-number-1"
"1373098528","KnewIT Number 2","discovered","","","0","https://github.com/BAITC-Hacks/hack-4858429d-knewit-number-2"
"1366195924","Knights","ready","","a507bfb3a4a3c105ace3f7d74b382931847ec8fa","1","https://github.com/BAITC-Hacks/hack-0a690859-knights"
"1381719966","Koha2014","discovered","","","0","https://github.com/BAITC-Hacks/hack-c2d2b099-koha2014"
"1379805142","Kok Jiek","discovered","","","0","https://github.com/BAITC-Hacks/hack-a0f628be-kok-jiek"
"1361374728","kokcit","discovered","","","0","https://github.com/BAITC-Hacks/hack-e4239371-kokcit"
"1378366977","Koke","discovered","","","0","https://github.com/BAITC-Hacks/hack-3d922040-koke"
"1381740475","komiiiiii","ready","","5d6fc29ce49bb5a5a94a10622fcd81cfd57ec778","1","https://github.com/BAITC-Hacks/hack-2b515762-komiiiiii"
"1374300084","KOMO","discovered","","","0","https://github.com/BAITC-Hacks/hack-d98d69cd-komo"
"1376086524","Kompot","discovered","","","0","https://github.com/BAITC-Hacks/hack-cdf8ae8f-kompot"
"1379876544","Konstantin","discovered","","","0","https://github.com/BAITC-Hacks/hack-c18b6255-konstantin"
"1381722999","konyratbayabdinasyrov-spec","ready","","5230d5e7dd10595f0985522e0f3f62dd15a54d97","1","https://github.com/BAITC-Hacks/hack-05686cf5-konyratbayabdinasyrov-spec"
"1381638541","koontu","discovered","","","0","https://github.com/BAITC-Hacks/hack-76762abb-koontu"
"1372728178","kooper","discovered","","","0","https://github.com/BAITC-Hacks/hack-90090faf-kooper"
"1360417891","Korgan","ready","","6b839e60dd4b8d03ea3e1c6d68685d771a5467f3","1","https://github.com/BAITC-Hacks/hack-34a5453f-korgan"
"1379886416","Korgan","discovered","","","0","https://github.com/BAITC-Hacks/hack-3b5fc4c7-korgan"
"1381708084","korkyt1994-ux","discovered","","","0","https://github.com/BAITC-Hacks/hack-90387371-korkyt1994-ux"
"1353445647","koshakanchiki","discovered","","","0","https://github.com/BAITC-Hacks/hack-66c60f5c-koshakanchiki"
"1381715658","koshkinbayeva","discovered","","","0","https://github.com/BAITC-Hacks/hack-7b8795ad-koshkinbayeva"
"1371301904","kosta team","discovered","","","0","https://github.com/BAITC-Hacks/hack-abf23482-kosta-team"
"1372878126","kosta-team","discovered","","","0","https://github.com/BAITC-Hacks/hack-4b362af0-kosta-team"
"1358511810","kostech","ready","","b04f1bee0abc82a4b0ce65e0305d3f9ad79bec31","1","https://github.com/BAITC-Hacks/hack-079ef90d-kostech"
"1379841572","KP 22","discovered","","","0","https://github.com/BAITC-Hacks/hack-ded3a09d-kp-22"
"1357255484","kratos","ready","","b9466a8efce90fe28595599f68d4ed6a2f16d73b","1","https://github.com/BAITC-Hacks/hack-324302b1-kratos"
"1381682767","krgdbaha","ready","","fb2f76568cdfc4264ea26b284b74775c693fa442","1","https://github.com/BAITC-Hacks/hack-334078f6-krgdbaha"
"1379483929","Krias-rep3","discovered","","","0","https://github.com/BAITC-Hacks/hack-af16d7dc-krias-rep3"
"1375870157","KRU Team","discovered","","","0","https://github.com/BAITC-Hacks/hack-e2a865ed-kru-team"
"1381694335","Kruzhkn","ready","","520cd48e854656d1b114e032230f23744e9848cd","1","https://github.com/BAITC-Hacks/hack-18d906e5-kruzhkn"
"1381633214","Ksiwn","discovered","","","0","https://github.com/BAITC-Hacks/hack-87651c39-ksiwn"
"1374352425","KSV AI team","discovered","","","0","https://github.com/BAITC-Hacks/hack-b6b866a5-ksv-ai-team"
"1369870354","KTLVibes","discovered","","","0","https://github.com/BAITC-Hacks/hack-4af4f6bc-ktlvibes"
"1379816070","kto mi","discovered","","","0","https://github.com/BAITC-Hacks/hack-44c4204a-kto-mi"
"1375760586","Kto mi?","discovered","","","0","https://github.com/BAITC-Hacks/hack-db0dd8bc-kto-mi"
"1355929845","KTT1","discovered","","","0","https://github.com/BAITC-Hacks/hack-4b6756fe-ktt1"
"1365595947","KU group","discovered","","","0","https://github.com/BAITC-Hacks/hack-be10e779-ku-group"
"1381689056","kuandykilinar-ai","ready","","c5235cae59e6d3b773f8ef8a4f94bd95e3d675d2","1","https://github.com/BAITC-Hacks/hack-33f8b8e7-kuandykilinar-ai"
"1381762524","kuanysh-baltagarayev","discovered","","","0","https://github.com/BAITC-Hacks/hack-382e6651-kuanysh-baltagarayev"
"1381681024","Kuba","discovered","","","0","https://github.com/BAITC-Hacks/hack-a217eb15-kuba"
"1375682135","KudAI Kalasa","discovered","","","0","https://github.com/BAITC-Hacks/hack-78bfe445-kudai-kalasa"
"1381733989","Kuka901","discovered","","","0","https://github.com/BAITC-Hacks/hack-a021489e-kuka901"
"1374145231","Kuker Tech.","discovered","","","0","https://github.com/BAITC-Hacks/hack-515a48b6-kuker-tech"
"1381678115","kumar","ready","","51e73d138d7f7c266d394f8ecb394a3e4ecc2139","1","https://github.com/BAITC-Hacks/hack-10873ef9-kumar"
"1378610741","kung fu kazakhs","discovered","","","0","https://github.com/BAITC-Hacks/hack-7df5f51f-kung-fu-kazakhs"
"1364341179","Kunnurs","discovered","","","0","https://github.com/BAITC-Hacks/hack-8385c555-kunnurs"
"1381665955","kurman0983","discovered","","","0","https://github.com/BAITC-Hacks/hack-a341869b-kurman0983"
"1381682068","Kuroo0230","discovered","","","0","https://github.com/BAITC-Hacks/hack-76a84f85-kuroo0230"
"1376039095","KUSHKIMBAYEV","discovered","","","0","https://github.com/BAITC-Hacks/hack-46dd9809-kushkimbayev"
"1371788292","Kushti Jigitter","ready","","2a817c8d8ccaaa8b5c149ace0451761205c5c1f5","1","https://github.com/BAITC-Hacks/hack-20b34f31-kushti-jigitter"
"1376342109","Kuskon-ai","discovered","","","0","https://github.com/BAITC-Hacks/hack-acae0008-kuskon-ai"
"1381646739","KussainovAnsar","discovered","","","0","https://github.com/BAITC-Hacks/hack-b3a8f463-kussainovansar"
"1374917322","Kvaslovers","discovered","","","0","https://github.com/BAITC-Hacks/hack-edd3c6c3-kvaslovers"
"1381731133","kwesi-strydom","ready","","041b9e820536cb2da22b61de18855b272cbd6468","1","https://github.com/BAITC-Hacks/hack-0ea976a3-kwesi-strydom"
"1381729272","kxtmayy","discovered","","","0","https://github.com/BAITC-Hacks/hack-f958c129-kxtmayy"
"1362626597","KYRAN AI","discovered","","","0","https://github.com/BAITC-Hacks/hack-d031282a-kyran-ai"
"1374332750","Kyrgyzstan","ready","","6008e2d863fba780c1848931c69f560089f78e94","1","https://github.com/BAITC-Hacks/hack-27870899-kyrgyzstan"
"1367092574","Kyronix","discovered","","","0","https://github.com/BAITC-Hacks/hack-83ecb7ef-kyronix"
"1373176334","KZ:SWAG","discovered","","","0","https://github.com/BAITC-Hacks/hack-a102c94b-kz-swag"
"1381723948","kzDVD","discovered","","","0","https://github.com/BAITC-Hacks/hack-b8002690-kzdvd"
"1371278354","Kzen","discovered","","","0","https://github.com/BAITC-Hacks/hack-9cbdba26-kzen"
"1365440561","KZMIT","discovered","","","0","https://github.com/BAITC-Hacks/hack-acf2e476-kzmit"
"1374012033","Kök Jiek","discovered","","","0","https://github.com/BAITC-Hacks/hack-93cdcb19-k-k-jiek"
"1375405814","KörAI","ready","","b5cc61f83d6671217439cef2cf172b1a431dc718","1","https://github.com/BAITC-Hacks/hack-3306dd18-k-rai"
"1355914909","l","discovered","","","0","https://github.com/BAITC-Hacks/hack-4a88bab6-l"
"1374378774","L","discovered","","","0","https://github.com/BAITC-Hacks/hack-aa98a639-l"
"1376114100","L67 cache","ready","","ae51af08d99ac4d94660b407c87a1f58d59b8789","1","https://github.com/BAITC-Hacks/hack-311d4200-l67-cache"
"1374379267","L8 Capital","ready","","c7ee38bf4326838fdd6d868752749c5d5dde9b87","1","https://github.com/BAITC-Hacks/hack-26809265-l8-capital"
"1370082008","LA","discovered","","","0","https://github.com/BAITC-Hacks/hack-a16d735b-la"
"1374176100","la(rp)-peace","discovered","","","0","https://github.com/BAITC-Hacks/hack-977e5070-la-rp--peace"
"1381682339","LaesGib","discovered","","","0","https://github.com/BAITC-Hacks/hack-a178a96e-laesgib"
"1374540534","Lahmut Group","discovered","","","0","https://github.com/BAITC-Hacks/hack-b112b722-lahmut-group"
"1381662356","laima20192008-debug","discovered","","","0","https://github.com/BAITC-Hacks/hack-ebbbbf5c-laima20192008-debug"
"1379809189","lalalallala","discovered","","","0","https://github.com/BAITC-Hacks/hack-cd506aa9-lalalallala"
"1361668874","Lambda Studio","ready","","2405f52b8a13ac48bc0ecc0a0de44f29924848ea","108","https://github.com/BAITC-Hacks/hack-1ba45f00-lambda-studio"
"1381754231","lanik69606","discovered","","","0","https://github.com/BAITC-Hacks/hack-4b0f89b9-lanik69606"
"1375623402","Lanren","discovered","","","0","https://github.com/BAITC-Hacks/hack-465d0595-lanren"
"1381739911","Laoq","discovered","","","0","https://github.com/BAITC-Hacks/hack-e6253930-laoq"
"1378512371","LAPD","discovered","","","0","https://github.com/BAITC-Hacks/hack-ea290af2-lapd"
"1376948847","Laplace Ai","discovered","","","0","https://github.com/BAITC-Hacks/hack-59614fbf-laplace-ai"
"1366415792","Larda","discovered","","","0","https://github.com/BAITC-Hacks/hack-5ab9a461-larda"
"1363675550","Larp","discovered","","","0","https://github.com/BAITC-Hacks/hack-ee0863ec-larp"
"1362702249","Larpsec","discovered","","","0","https://github.com/BAITC-Hacks/hack-85aebd11-larpsec"
"1372637845","Last neuron standing","ready","","2ae82992950498e1ac05e3bbbd430ccae55012ec","1","https://github.com/BAITC-Hacks/hack-16e217c8-last-neuron-standing"
"1363522360","late workers","discovered","","","0","https://github.com/BAITC-Hacks/hack-f8263889-late-workers"
"1370053683","Latex","discovered","","","0","https://github.com/BAITC-Hacks/hack-509d7f64-latex"
"1381420462","Latitude51N","ready","","f7f892e8aad07f761febce0ed5483025257b793b","56","https://github.com/BAITC-Hacks/hack-2c07d2ee-latitude51n"
"1377472894","Lava","discovered","","","0","https://github.com/BAITC-Hacks/hack-c613454f-lava"
"1381765467","lazzatatakul","ready","","38c5b0730985dace7315637bc465f7c81edced3b","1","https://github.com/BAITC-Hacks/hack-2bfaf406-lazzatatakul"
"1371332874","Legends","discovered","","","0","https://github.com/BAITC-Hacks/hack-ff9e22b4-legends"
"1376177928","Legends of LARP","discovered","","","0","https://github.com/BAITC-Hacks/hack-6219fb5e-legends-of-larp"
"1381298542","Legion v2","discovered","","","0","https://github.com/BAITC-Hacks/hack-3dda91b6-legion-v2"
"1381631286","Lei-alt","discovered","","","0","https://github.com/BAITC-Hacks/hack-6e0eead6-lei-alt"
"1381748402","LenarasCode","discovered","","","0","https://github.com/BAITC-Hacks/hack-e07f89dd-lenarascode"
"1381696127","lengway","discovered","","","0","https://github.com/BAITC-Hacks/hack-8a891df9-lengway"
"1364003963","LetsLarp","discovered","","","0","https://github.com/BAITC-Hacks/hack-99e35633-letslarp"
"1374610469","Letta","ready","","5e7dacf9809d0a8e4fe391781dc489decab4c60a","1","https://github.com/BAITC-Hacks/hack-277bad25-letta"
"1377133170","LEXREEL AI","discovered","","","0","https://github.com/BAITC-Hacks/hack-ba023186-lexreel-ai"
"1374365271","LEXUS","discovered","","","0","https://github.com/BAITC-Hacks/hack-654d40a5-lexus"
"1379650283","LEXUS","discovered","","","0","https://github.com/BAITC-Hacks/hack-efd32e45-lexus"
"1362278503","lib","ready","","0cf6583957a2997ac5b5e27eed988ae693fd999d","1","https://github.com/BAITC-Hacks/hack-1cb3796c-lib"
"1374851930","Light","discovered","","","0","https://github.com/BAITC-Hacks/hack-bd80e77f-light"
"1379668403","Light AI","discovered","","","0","https://github.com/BAITC-Hacks/hack-592320d4-light-ai"
"1376153547","linar","discovered","","","0","https://github.com/BAITC-Hacks/hack-89355007-linar"
"1377296099","Lingot","discovered","","","0","https://github.com/BAITC-Hacks/hack-5bf2da40-lingot"
"1374668224","LinguaCap","discovered","","","0","https://github.com/BAITC-Hacks/hack-746f3d4a-linguacap"
"1378567178","Link Start","discovered","","","0","https://github.com/BAITC-Hacks/hack-695a9ba2-link-start"
"1361124568","Lions","discovered","","","0","https://github.com/BAITC-Hacks/hack-73a02bbe-lions"
"1377620329","LionsHeart","discovered","","","0","https://github.com/BAITC-Hacks/hack-f4150504-lionsheart"
"1365555784","Liquiscope","ready","","375f88f9cc695a0e35e20e5142c736109c986184","1","https://github.com/BAITC-Hacks/hack-1728eacc-liquiscope"
"1361106537","LLM-Solo","discovered","","","0","https://github.com/BAITC-Hacks/hack-7a019b2e-llm-solo"
"1374449076","LMSH","ready","","3e45528f8e8f1b0d1ff3f11800be7ea47f9b1920","1","https://github.com/BAITC-Hacks/hack-16302a86-lmsh"
"1360332841","localhosters","discovered","","","0","https://github.com/BAITC-Hacks/hack-75766fed-localhosters"
"1376236154","Locked in Bois","discovered","","","0","https://github.com/BAITC-Hacks/hack-f09f40c4-locked-in-bois"
"1372676893","LODZ POLSKA","discovered","","","0","https://github.com/BAITC-Hacks/hack-921839cc-lodz-polska"
"1376261217","Logic Lab","ready","","ed09c4c3e9bb9f8b72900e55482c8b03c1611cdd","1","https://github.com/BAITC-Hacks/hack-0eab823a-logic-lab"
"1363161439","Logic3","discovered","","","0","https://github.com/BAITC-Hacks/hack-b9b0809e-logic3"
"1374393884","Logic3","discovered","","","0","https://github.com/BAITC-Hacks/hack-56a178d3-logic3"
"1377002298","LogicX","discovered","","","0","https://github.com/BAITC-Hacks/hack-c09433ab-logicx"
"1378188794","Logisphere","discovered","","","0","https://github.com/BAITC-Hacks/hack-454bc7db-logisphere"
"1377179126","Lomra","discovered","","","0","https://github.com/BAITC-Hacks/hack-463fe33c-lomra"
"1379658192","London","discovered","","","0","https://github.com/BAITC-Hacks/hack-9da6b9b5-london"
"1381672290","loopwoop","ready","","607717304ee3aae89d1dbb5dd710cea69b27a9ea","1","https://github.com/BAITC-Hacks/hack-13dea210-loopwoop"
"1374345640","Lords of aitu","ready","","397d8437698d692cbc07135cb0bd0e233e5bfcc0","1","https://github.com/BAITC-Hacks/hack-084d7807-lords-of-aitu"
"1381627092","lordshashank","discovered","","","0","https://github.com/BAITC-Hacks/hack-a674c1d3-lordshashank"
"1371481002","Lossless","discovered","","","0","https://github.com/BAITC-Hacks/hack-6775166e-lossless"
"1372850061","Lost","ready","","acafac2591f13f656c5c4fd2dca8887dd7e2f3a7","1","https://github.com/BAITC-Hacks/hack-07d1a304-lost"
"1381751347","louzenp","discovered","","","0","https://github.com/BAITC-Hacks/hack-527f488b-louzenp"
"1373217257","Low Prior-IT","discovered","","","0","https://github.com/BAITC-Hacks/hack-9c72e88a-low-prior-it"
"1364012930","LowSkillDevs","discovered","","","0","https://github.com/BAITC-Hacks/hack-e7389344-lowskilldevs"
"1379880741","LoWtAb","ready","","596e0f721d77850408e4eb1a305708b302bc3cde","1","https://github.com/BAITC-Hacks/hack-080e226b-lowtab"
"1371244614","lowtap","discovered","","","0","https://github.com/BAITC-Hacks/hack-b5f2d710-lowtap"
"1375891194","LPV StartUp","discovered","","","0","https://github.com/BAITC-Hacks/hack-4ccbaf28-lpv-startup"
"1377397678","Lucky charm","discovered","","","0","https://github.com/BAITC-Hacks/hack-e5d629e6-lucky-charm"
"1381733355","luckydarra","discovered","","","0","https://github.com/BAITC-Hacks/hack-4f30594d-luckydarra"
"1377107223","LuckyTeams","discovered","","","0","https://github.com/BAITC-Hacks/hack-f7a7049b-luckyteams"
"1375812173","Lucrum","discovered","","","0","https://github.com/BAITC-Hacks/hack-f96aaf61-lucrum"
"1381728131","LullNil","discovered","","","0","https://github.com/BAITC-Hacks/hack-64e4ff4f-lullnil"
"1372838651","Lumen","discovered","","","0","https://github.com/BAITC-Hacks/hack-3bec4069-lumen"
"1374733898","Lumetra","ready","","ac679ec4444891c490a98fb11b06779226a3b214","1","https://github.com/BAITC-Hacks/hack-26dac220-lumetra"
"1371326273","Luminai","discovered","","","0","https://github.com/BAITC-Hacks/hack-95b44e2e-luminai"
"1375025328","Luminify","discovered","","","0","https://github.com/BAITC-Hacks/hack-7ee104a1-luminify"
"1376727525","LUMIVERA QuantumSeal","discovered","","","0","https://github.com/BAITC-Hacks/hack-40840ad2-lumivera-quantumseal"
"1361472727","Lumos","ready","","bd59cbfd1e137b4b649d9833366ae61005ccac0a","1","https://github.com/BAITC-Hacks/hack-2e7b3782-lumos"
"1376322521","Luv","discovered","","","0","https://github.com/BAITC-Hacks/hack-9c9423fc-luv"
"1354784521","luvor","discovered","","","0","https://github.com/BAITC-Hacks/hack-dde55144-luvor"
"1381748990","lya77s","discovered","","","0","https://github.com/BAITC-Hacks/hack-95a8f87b-lya77s"
"1381643070","lyaguhazywoo","discovered","","","0","https://github.com/BAITC-Hacks/hack-eb17cd61-lyaguhazywoo"
"1381763891","lytsites","discovered","","","0","https://github.com/BAITC-Hacks/hack-6d4bdeef-lytsites"
"1369798455","M&M's","discovered","","","0","https://github.com/BAITC-Hacks/hack-c04b1cb2-m-m-s"
"1379693697","M-Team","discovered","","","0","https://github.com/BAITC-Hacks/hack-fcc406c7-m-team"
"1377513975","m.a+","discovered","","","0","https://github.com/BAITC-Hacks/hack-c46fe799-m-a"
"1376166874","M.A.N","discovered","","","0","https://github.com/BAITC-Hacks/hack-e6956664-m-a-n"
"1381647449","M1z1ks","discovered","","","0","https://github.com/BAITC-Hacks/hack-e2c6f95d-m1z1ks"
"1381672158","ma1018t866","ready","","3e3863ee531cbb05dc43d20b3c03ae3e6fa21ac2","1","https://github.com/BAITC-Hacks/hack-0402380c-ma1018t866"
"1360479306","MAAAI","ready","","29ad3ea3c015e7f4fd5377400a6385e5b25a88bf","1","https://github.com/BAITC-Hacks/hack-1be09018-maaai"
"1363536541","MacDent","ready","","5a71c6e03dd2dd1ae5dc581d11d18f68a977c20a","1","https://github.com/BAITC-Hacks/hack-03b8e23d-macdent"
"1361233695","Machu-Piccu","ready","","6746c1908892fba3ef0e85247b014aa449f4afb4","164","https://github.com/BAITC-Hacks/hack-14eb8c34-machu-piccu"
"1372918614","MacrohardAI","ready","","18210e50388b2c567b13136c3d75dfd996547bba","1","https://github.com/BAITC-Hacks/hack-254ec58e-macrohardai"
"1368510903","mad situation","discovered","","","0","https://github.com/BAITC-Hacks/hack-b1bab34d-mad-situation"
"1381747850","mad1es","discovered","","","0","https://github.com/BAITC-Hacks/hack-fee1ecd9-mad1es"
"1374900337","Madagascar","discovered","","","0","https://github.com/BAITC-Hacks/hack-541211ec-madagascar"
"1381698500","Madina001","discovered","","","0","https://github.com/BAITC-Hacks/hack-ac639515-madina001"
"1381704296","Madina1998","ready","","9440af0e0484005ae7c5c547a462037d86eaffee","1","https://github.com/BAITC-Hacks/hack-1fcded4e-madina1998"
"1381723411","Madishka","discovered","","","0","https://github.com/BAITC-Hacks/hack-6cefa479-madishka"
"1381764127","MadiShotykbayev","discovered","","","0","https://github.com/BAITC-Hacks/hack-712b4bf8-madishotykbayev"
"1370446260","MAE AI","ready","","47bd939911a8fbe9c661829ecfcc75a89d3f4798","16","https://github.com/BAITC-Hacks/hack-2b1cedbb-mae-ai"
"1370249385","MAG","discovered","","","0","https://github.com/BAITC-Hacks/hack-cd523e32-mag"
"1371385021","MAG","ready","","cf13ae7d0ea44dad2d7203174b605cb2dc032b9f","1","https://github.com/BAITC-Hacks/hack-2fe283ea-mag"
"1374369346","MAG","discovered","","","0","https://github.com/BAITC-Hacks/hack-9526f52b-mag"
"1375787775","Magnesium","discovered","","","0","https://github.com/BAITC-Hacks/hack-fe7f2d61-magnesium"
"1379600991","Magnesium","discovered","","","0","https://github.com/BAITC-Hacks/hack-7de9ebf2-magnesium"
"1381649099","magus24","discovered","","","0","https://github.com/BAITC-Hacks/hack-a885de41-magus24"
"1381632014","magzhan99505-hub","discovered","","","0","https://github.com/BAITC-Hacks/hack-4e1d725e-magzhan99505-hub"
"1357232258","mAI","discovered","","","0","https://github.com/BAITC-Hacks/hack-6e4b26e9-mai"
"1364163042","MAI-San","ready","","db0f039c9f814eece444cd6675dc1989edb48caf","1","https://github.com/BAITC-Hacks/hack-02465b86-mai-san"
"1374506202","MainDone","discovered","","","0","https://github.com/BAITC-Hacks/hack-ad72ce04-maindone"
"1368368730","Maisoncreo","ready","","199af9ac8938119d272f75fe8a092abbec9de796","11","https://github.com/BAITC-Hacks/hack-3058b2bd-maisoncreo"
"1379881579","Maisoncreo_test","discovered","","","0","https://github.com/BAITC-Hacks/hack-8401108b-maisoncreo-test"
"1381632770","majitiliyas","discovered","","","0","https://github.com/BAITC-Hacks/hack-be4e7a28-majitiliyas"
"1370021518","Major System Error","discovered","","","0","https://github.com/BAITC-Hacks/hack-a071a8cd-major-system-error"
"1364362092","Majus","discovered","","","0","https://github.com/BAITC-Hacks/hack-8d2e7299-majus"
"1381722319","Makha","discovered","","","0","https://github.com/BAITC-Hacks/hack-643dff08-makha"
"1381702262","maksat7-12","discovered","","","0","https://github.com/BAITC-Hacks/hack-e7a2c49b-maksat7-12"
"1375725100","Maksi","discovered","","","0","https://github.com/BAITC-Hacks/hack-7d825e42-maksi"
"1381748738","MaksumMagzhan","discovered","","","0","https://github.com/BAITC-Hacks/hack-4d0a6560-maksummagzhan"
"1381623573","malikaa-create","discovered","","","0","https://github.com/BAITC-Hacks/hack-76d4c0ec-malikaa-create"
"1381701743","Mallory","discovered","","","0","https://github.com/BAITC-Hacks/hack-e1f5fce0-mallory"
"1381721870","maltinbe","ready","","78daa1681c9f6edb649418c69cddbd73803dae78","1","https://github.com/BAITC-Hacks/hack-2d292584-maltinbe"
"1361162674","Mama,Papa and Me","discovered","","","0","https://github.com/BAITC-Hacks/hack-4078ad52-mama-papa-and-me"
"1371324837","mamba","discovered","","","0","https://github.com/BAITC-Hacks/hack-a3c97760-mamba"
"1381747083","Mamir","discovered","","","0","https://github.com/BAITC-Hacks/hack-5749e175-mamir"
"1381653629","Mansur12345678910","ready","","6afbbb06767b0e85ef108ab7b235e4da41ee2c9e","1","https://github.com/BAITC-Hacks/hack-137ceaa8-mansur12345678910"
"1373062592","Maranello","discovered","","","0","https://github.com/BAITC-Hacks/hack-53976dc5-maranello"
"1381713797","Marat-driod","ready","","2cf3acf1aa026af3c205648e25972bc7957af847","1","https://github.com/BAITC-Hacks/hack-152cbf67-marat-driod"
"1381738129","Margulan","discovered","","","0","https://github.com/BAITC-Hacks/hack-5bfa768a-margulan"
"1381712583","marsqa","discovered","","","0","https://github.com/BAITC-Hacks/hack-f01db9e7-marsqa"
"1381675057","marzanabsadyk-oss","discovered","","","0","https://github.com/BAITC-Hacks/hack-ecdbc975-marzanabsadyk-oss"
"1381702501","marzhansuleimen","discovered","","","0","https://github.com/BAITC-Hacks/hack-dcf80bf2-marzhansuleimen"
"1381648616","Mas","discovered","","","0","https://github.com/BAITC-Hacks/hack-51622b1e-mas"
"1381701153","master-cmd-tech","discovered","","","0","https://github.com/BAITC-Hacks/hack-7acecb36-master-cmd-tech"
"1371019065","Masterart Netizens","discovered","","","0","https://github.com/BAITC-Hacks/hack-9913a3c9-masterart-netizens"
"1373285737","MatAI","discovered","","","0","https://github.com/BAITC-Hacks/hack-9191654b-matai"
"1369880746","Material Extraction AI","discovered","","","0","https://github.com/BAITC-Hacks/hack-79630a6d-material-extraction-ai"
"1371288641","mathalama","discovered","","","0","https://github.com/BAITC-Hacks/hack-d965b952-mathalama"
"1381730734","MathisSpark","discovered","","","0","https://github.com/BAITC-Hacks/hack-e31061c9-mathisspark"
"1381396838","Matrrixxxxx","discovered","","","0","https://github.com/BAITC-Hacks/hack-9145a5b1-matrrixxxxx"
"1354493907","Max","discovered","","","0","https://github.com/BAITC-Hacks/hack-e26f0e66-max"
"1362366916","maxichai","discovered","","","0","https://github.com/BAITC-Hacks/hack-9da30073-maxichai"
"1381720861","MaxSkrilov","discovered","","","0","https://github.com/BAITC-Hacks/hack-b3e03cf1-maxskrilov"
"1371175556","May Day Team","discovered","","","0","https://github.com/BAITC-Hacks/hack-a33a384e-may-day-team"
"1377325349","Maybe","ready","","06c73216529a0c650bac77f07b34cc9cd3b8e0fc","1","https://github.com/BAITC-Hacks/hack-369773c6-maybe"
"1381637544","maykllll088-star","discovered","","","0","https://github.com/BAITC-Hacks/hack-a79b5cd8-maykllll088-star"
"1381638139","Maz3er","discovered","","","0","https://github.com/BAITC-Hacks/hack-a35eb12f-maz3er"
"1378403744","mazhit","discovered","","","0","https://github.com/BAITC-Hacks/hack-90ad54e2-mazhit"
"1363768119","MBA Team","discovered","","","0","https://github.com/BAITC-Hacks/hack-a7c0158c-mba-team"
"1379574555","MBA Team","discovered","","","0","https://github.com/BAITC-Hacks/hack-f4710c3f-mba-team"
"1381726003","mbelgiba","ready","","650ab6f96aa35d490d7894814cce6cdb93baa17a","1","https://github.com/BAITC-Hacks/hack-13ffe368-mbelgiba"
"1358134787","McLOVINs","discovered","","","0","https://github.com/BAITC-Hacks/hack-4771788e-mclovins"
"1376010991","McQueen","discovered","","","0","https://github.com/BAITC-Hacks/hack-b18d812e-mcqueen"
"1381693622","mdinaramed","discovered","","","0","https://github.com/BAITC-Hacks/hack-7b6c77ea-mdinaramed"
"1381635944","Mederpomeder","discovered","","","0","https://github.com/BAITC-Hacks/hack-d3c04ade-mederpomeder"
"1361462448","Mediqal.kz","discovered","","","0","https://github.com/BAITC-Hacks/hack-fa6502c4-mediqal-kz"
"1360571639","medlib.kz","discovered","","","0","https://github.com/BAITC-Hacks/hack-dcaaa3c5-medlib-kz"
"1365968448","MeduzaMermaid","discovered","","","0","https://github.com/BAITC-Hacks/hack-90668ffa-meduzamermaid"
"1374001029","MedX","discovered","","","0","https://github.com/BAITC-Hacks/hack-6a9bd774-medx"
"1381267230","MEG AI","ready","","df18276abb02d088ac651ff9a60ff9e73d381334","1","https://github.com/BAITC-Hacks/hack-1ec863f9-meg-ai"
"1366530777","Mega Khignt","ready","","2b815b61e0cef8c86718b5013e1ed100908fb60e","1","https://github.com/BAITC-Hacks/hack-1f7d534c-mega-khignt"
"1373183194","Megaminds","discovered","","","0","https://github.com/BAITC-Hacks/hack-915c23dd-megaminds"
"1381759446","MegaSlime-2407","discovered","","","0","https://github.com/BAITC-Hacks/hack-949b1df0-megaslime-2407"
"1381673465","MegaZhaba","discovered","","","0","https://github.com/BAITC-Hacks/hack-d7d741cf-megazhaba"
"1381718249","Meirbek","discovered","","","0","https://github.com/BAITC-Hacks/hack-41cd523f-meirbek"
"1381661616","meirbeknysanbaev7-isk","discovered","","","0","https://github.com/BAITC-Hacks/hack-3ed69be1-meirbeknysanbaev7-isk"
"1381703089","meirbekr","discovered","","","0","https://github.com/BAITC-Hacks/hack-85ee2568-meirbekr"
"1372549796","Meirich","ready","","f7f544490f9e4a09f7aa5ad344aeeac84ab64907","1","https://github.com/BAITC-Hacks/hack-0beb2646-meirich"
"1381749229","mellisoul","discovered","","","0","https://github.com/BAITC-Hacks/hack-4d225948-mellisoul"
"1360972934","Melnik","discovered","","","0","https://github.com/BAITC-Hacks/hack-46e44fd3-melnik"
"1381711691","melt1337","discovered","","","0","https://github.com/BAITC-Hacks/hack-cc60ae91-melt1337"
"1378396958","MEM","discovered","","","0","https://github.com/BAITC-Hacks/hack-88e8c80f-mem"
"1374329975","Memory Munchers","discovered","","","0","https://github.com/BAITC-Hacks/hack-b6e61115-memory-munchers"
"1375742125","Menelai","discovered","","","0","https://github.com/BAITC-Hacks/hack-a5bc9531-menelai"
"1377188081","Mentalists","discovered","","","0","https://github.com/BAITC-Hacks/hack-9fc6ee47-mentalists"
"1378512887","menteTeam","discovered","","","0","https://github.com/BAITC-Hacks/hack-e8fa3f76-menteteam"
"1377280790","Mentroly","discovered","","","0","https://github.com/BAITC-Hacks/hack-9c951f5c-mentroly"
"1379891623","meow meow","discovered","","","0","https://github.com/BAITC-Hacks/hack-af74e0f8-meow-meow"
"1378352047","Merch","discovered","","","0","https://github.com/BAITC-Hacks/hack-50afc849-merch"
"1381765328","merey-art","discovered","","","0","https://github.com/BAITC-Hacks/hack-8f6b9cae-merey-art"
"1381715820","mergentlegen","discovered","","","0","https://github.com/BAITC-Hacks/hack-905e2f7a-mergentlegen"
"1381644445","meron9","discovered","","","0","https://github.com/BAITC-Hacks/hack-4ef8dd83-meron9"
"1381707658","Meruyertta","discovered","","","0","https://github.com/BAITC-Hacks/hack-75b67c9a-meruyertta"
"1361258996","Meta Juniors","discovered","","","0","https://github.com/BAITC-Hacks/hack-3cd2281d-meta-juniors"
"1352048260","MetaHack","discovered","","","0","https://github.com/BAITC-Hacks/hack-7295b5fa-metahack"
"1381627434","Meyir-zhan","discovered","","","0","https://github.com/BAITC-Hacks/hack-d6c720e3-meyir-zhan"
"1381637835","Meyirim","discovered","","","0","https://github.com/BAITC-Hacks/hack-c7c00e61-meyirim"
"1374180426","Meynya craft","discovered","","","0","https://github.com/BAITC-Hacks/hack-b2e7006f-meynya-craft"
"1381699495","meyrambekordabayev-create","discovered","","","0","https://github.com/BAITC-Hacks/hack-753c5182-meyrambekordabayev-create"
"1369668875","MeysQosAI","discovered","","","0","https://github.com/BAITC-Hacks/hack-50d7d5d5-meysqosai"
"1362528040","MG-AI","discovered","","","0","https://github.com/BAITC-Hacks/hack-5e5a1903-mg-ai"
"1371414891","Mi bombo","discovered","","","0","https://github.com/BAITC-Hacks/hack-4572ced0-mi-bombo"
"1371183113","Midnight Deploy","ready","","43a55aa780e89a57880f551f99e94229c13ba8a2","1","https://github.com/BAITC-Hacks/hack-20882914-midnight-deploy"
"1381627575","miko06","discovered","","","0","https://github.com/BAITC-Hacks/hack-b188a0e4-miko06"
"1381760775","mikowsxi","discovered","","","0","https://github.com/BAITC-Hacks/hack-71503cda-mikowsxi"
"1377112268","Milanese","discovered","","","0","https://github.com/BAITC-Hacks/hack-5518cf1a-milanese"
"1378183929","Milky way","discovered","","","0","https://github.com/BAITC-Hacks/hack-f031ea4a-milky-way"
"1375883801","MindForge","ready","","79ebf976ff0e00252e7f43932ef48a47b8abab49","19","https://github.com/BAITC-Hacks/hack-052c857d-mindforge"
"1379557416","MindForge","discovered","","","0","https://github.com/BAITC-Hacks/hack-76a1b85c-mindforge"
"1373410578","MindX","discovered","","","0","https://github.com/BAITC-Hacks/hack-5e425d26-mindx"
"1370893467","Mine","discovered","","","0","https://github.com/BAITC-Hacks/hack-a935f8e0-mine"
"1356108367","MINERS","ready","","bca06a3090dc5cb01ccc2e60a65f57e7fa331e47","1","https://github.com/BAITC-Hacks/hack-10611c80-miners"
"1375761085","Minimo","discovered","","","0","https://github.com/BAITC-Hacks/hack-f8c6703c-minimo"
"1377033674","minjy","discovered","","","0","https://github.com/BAITC-Hacks/hack-589697ef-minjy"
"1377481244","Mirai","discovered","","","0","https://github.com/BAITC-Hacks/hack-e29d46be-mirai"
"1381762054","mirakbar20","discovered","","","0","https://github.com/BAITC-Hacks/hack-504eba82-mirakbar20"
"1381702890","Miras","ready","","e03f8c82f9e0618f485224c16bca5543458379e3","1","https://github.com/BAITC-Hacks/hack-1d539e9d-miras"
"1373582309","Miras and Dastan","discovered","","","0","https://github.com/BAITC-Hacks/hack-9b68f051-miras-and-dastan"
"1381695991","MirasDavletaly","discovered","","","0","https://github.com/BAITC-Hacks/hack-5906f518-mirasdavletaly"
"1381729139","mirasmazhit","discovered","","","0","https://github.com/BAITC-Hacks/hack-8ea320e9-mirasmazhit"
"1371428007","mishka logitech","discovered","","","0","https://github.com/BAITC-Hacks/hack-739c1422-mishka-logitech"
"1361244897","mittens","discovered","","","0","https://github.com/BAITC-Hacks/hack-9f94a26d-mittens"
"1370845804","MITWORK AI","discovered","","","0","https://github.com/BAITC-Hacks/hack-b89d792c-mitwork-ai"
"1375611500","MIVRON","discovered","","","0","https://github.com/BAITC-Hacks/hack-a9f07f46-mivron"
"1378646171","Miyamoto Musashi","discovered","","","0","https://github.com/BAITC-Hacks/hack-ce7dc97f-miyamoto-musashi"
"1376206604","MKM-IdeaStorm","discovered","","","0","https://github.com/BAITC-Hacks/hack-cf90e71b-mkm-ideastorm"
"1361635566","MKP22","ready","","28fdd7b99dc9276c9a8df7bc9a1658e62f4a16c5","33","https://github.com/BAITC-Hacks/hack-16612d42-mkp22"
"1361522003","ML_Empire","discovered","","","0","https://github.com/BAITC-Hacks/hack-63569893-ml-empire"
"1366360802","mlabs","discovered","","","0","https://github.com/BAITC-Hacks/hack-e4d17630-mlabs"
"1379466035","MM","discovered","","","0","https://github.com/BAITC-Hacks/hack-a2355f25-mm"
"1371845328","MMind Ai","discovered","","","0","https://github.com/BAITC-Hacks/hack-96701961-mmind-ai"
"1371901655","Mmm","ready","","9763ad3137f6c0bfd65e83abcec65d61b8facd87","71","https://github.com/BAITC-Hacks/hack-02000c61-mmm"
"1375910711","MNfetch","discovered","","","0","https://github.com/BAITC-Hacks/hack-6611a300-mnfetch"
"1360060434","MNIST","ready","","357c9628fab3c432290ce9ddfd0b2a90d6756f67","90","https://github.com/BAITC-Hacks/hack-2b778d9f-mnist"
"1381669241","mnsrbalgabaev","discovered","","","0","https://github.com/BAITC-Hacks/hack-791a9e3b-mnsrbalgabaev"
"1381640744","mnurik","discovered","","","0","https://github.com/BAITC-Hacks/hack-97847113-mnurik"
"1367476300","ModernDC","discovered","","","0","https://github.com/BAITC-Hacks/hack-75cb4e39-moderndc"
"1378518886","Mogers","discovered","","","0","https://github.com/BAITC-Hacks/hack-c761104b-mogers"
"1377289936","Moggers","ready","","7834d4340d6800e70e0186adbdfa0fa11ea634c8","71","https://github.com/BAITC-Hacks/hack-082c1388-moggers"
"1371344542","Moggатели","ready","","714bb42c0d25dc76ff8900ac06bd39a1fae3ac6f","1","https://github.com/BAITC-Hacks/hack-1a46488a-mogg"
"1355529067","Moisey","discovered","","","0","https://github.com/BAITC-Hacks/hack-ae82671f-moisey"
"1381709957","MolokoDapom","discovered","","","0","https://github.com/BAITC-Hacks/hack-e7581414-molokodapom"
"1377559634","Moment","ready","","419074813602e299d50c449b5f462be144b9472e","1","https://github.com/BAITC-Hacks/hack-10b69385-moment"
"1374694171","monkeypatch","ready","","2eb03ceec31b2d59ece61dd026bc00f24b93e456","1","https://github.com/BAITC-Hacks/hack-31f562f6-monkeypatch"
"1361841617","MonoLab","discovered","","","0","https://github.com/BAITC-Hacks/hack-881cd515-monolab"
"1377244671","Monolith","ready","","e0027f41ea12032f4366e215e4832238a858046d","1","https://github.com/BAITC-Hacks/hack-33865f42-monolith"
"1365567099","monte","discovered","","","0","https://github.com/BAITC-Hacks/hack-f3d989f5-monte"
"1374370946","monte","discovered","","","0","https://github.com/BAITC-Hacks/hack-4b88a9d4-monte"
"1361345827","MONZA TEAM","discovered","","","0","https://github.com/BAITC-Hacks/hack-a2497d49-monza-team"
"1379784607","MoonLab","ready","","530c1af5e4c1ebdfa736f99bb073b1432f48eb1c","1","https://github.com/BAITC-Hacks/hack-27e740b5-moonlab"
"1374806660","Moonlight","discovered","","","0","https://github.com/BAITC-Hacks/hack-de3ee9f1-moonlight"
"1372777830","MooT - cultmoot.online","discovered","","","0","https://github.com/BAITC-Hacks/hack-4a297634-moot---cultmoot-online"
"1381697600","Morfidii","discovered","","","0","https://github.com/BAITC-Hacks/hack-c2fe126c-morfidii"
"1375965483","Moriarty","discovered","","","0","https://github.com/BAITC-Hacks/hack-bd6be362-moriarty"
"1375795532","Morqiat","discovered","","","0","https://github.com/BAITC-Hacks/hack-62c5ff38-morqiat"
"1317147722","MoshiMoshi","discovered","","","0","https://github.com/BAITC-Hacks/hack-b04670c6-moshimoshi"
"1365529796","Mossoli","discovered","","","0","https://github.com/BAITC-Hacks/hack-e0b2ae3a-mossoli"
"1373190373","Most","ready","","5e2bd8ab233e23ea0d7c3936302fa7f3c3685d14","1","https://github.com/BAITC-Hacks/hack-284b59c7-most"
"1381640360","MotoMotohq","discovered","","","0","https://github.com/BAITC-Hacks/hack-dd850b61-motomotohq"
"1361441316","Mountain View","discovered","","","0","https://github.com/BAITC-Hacks/hack-5dd6d5d3-mountain-view"
"1374335622","Mr. Robot","discovered","","","0","https://github.com/BAITC-Hacks/hack-5e784e60-mr-robot"
"1381747716","mrakylbek","discovered","","","0","https://github.com/BAITC-Hacks/hack-dfc7c15d-mrakylbek"
"1374096610","MrRobot","discovered","","","0","https://github.com/BAITC-Hacks/hack-e770751e-mrrobot"
"1374104334","MrRobot","discovered","","","0","https://github.com/BAITC-Hacks/hack-9d8eb727-mrrobot"
"1381633835","mrunknownman","ready","","890a16457cccd15c537ddaa6a93720327a0fae82","1","https://github.com/BAITC-Hacks/hack-0e4a90c3-mrunknownman"
"1381732522","mrxnqq","ready","","ce72d7783e3e98316d09f785b82ff2cac308cbd1","1","https://github.com/BAITC-Hacks/hack-2f5ef11f-mrxnqq"
"1381753405","MRXtrz","discovered","","","0","https://github.com/BAITC-Hacks/hack-86c1d8f0-mrxtrz"
"1360318308","Ms-dos","discovered","","","0","https://github.com/BAITC-Hacks/hack-47901d98-ms-dos"
"1371328857","MSN-B","discovered","","","0","https://github.com/BAITC-Hacks/hack-53880c34-msn-b"
"1371836757","MSN-B","discovered","","","0","https://github.com/BAITC-Hacks/hack-c28b80e3-msn-b"
"1381629207","mstrkassymxan-ship-it","ready","","abcf17eb27154c3d4c0a5b463d2c193efa3cb6f0","1","https://github.com/BAITC-Hacks/hack-34425ed5-mstrkassymxan-ship-it"
"1365961014","MUA","discovered","","","0","https://github.com/BAITC-Hacks/hack-ec659486-mua"
"1381742845","muhammadqosimov","discovered","","","0","https://github.com/BAITC-Hacks/hack-b7a3a007-muhammadqosimov"
"1381743780","muhashali","discovered","","","0","https://github.com/BAITC-Hacks/hack-3881713c-muhashali"
"1381647611","Mukagali-dostyq","ready","","84984cdf95f499cee8c9a5bfefd0cfe9031768ac","1","https://github.com/BAITC-Hacks/hack-18962557-mukagali-dostyq"
"1381681919","mukhamedzhanalpysbaev-dev","ready","","fbd454024f0607e60d8a10305e759fc7a1ed13d0","1","https://github.com/BAITC-Hacks/hack-358592ea-mukhamedzhanalpysbaev-dev"
"1381719194","mukhtarovakymbat","discovered","","","0","https://github.com/BAITC-Hacks/hack-be21216c-mukhtarovakymbat"
"1381734748","Muratali007","ready","","924d32d8f12d9fd81b24cbfe1891789a76f31f62","1","https://github.com/BAITC-Hacks/hack-2d54c211-muratali007"
"1381748632","murzabek958-cloud","discovered","","","0","https://github.com/BAITC-Hacks/hack-6d059eb2-murzabek958-cloud"
"1381702628","Musabekova","discovered","","","0","https://github.com/BAITC-Hacks/hack-db3407fe-musabekova"
"1379543363","Musor","discovered","","","0","https://github.com/BAITC-Hacks/hack-3c7106a5-musor"
"1381753623","mussagali","discovered","","","0","https://github.com/BAITC-Hacks/hack-8ace121a-mussagali"
"1371581396","mussels","ready","","e952acfc17253a858d97f576b7c8d2648497d5a7","62","https://github.com/BAITC-Hacks/hack-0c02bd80-mussels"
"1381650402","mustfave","ready","","b3a552246cdeadce956025a577e2029d98fa4089","1","https://github.com/BAITC-Hacks/hack-2f2b6106-mustfave"
"1381675593","Muzayana","discovered","","","0","https://github.com/BAITC-Hacks/hack-dad1c37d-muzayana"
"1380183651","My CSF","discovered","","","0","https://github.com/BAITC-Hacks/hack-ceca02dc-my-csf"
"1376878702","MyAdventure","discovered","","","0","https://github.com/BAITC-Hacks/hack-551c4611-myadventure"
"1377463360","mydream","discovered","","","0","https://github.com/BAITC-Hacks/hack-d4a071e9-mydream"
"1374235005","Myrzakhmetov team","discovered","","","0","https://github.com/BAITC-Hacks/hack-b0449f43-myrzakhmetov-team"
"1365186798","myStart","discovered","","","0","https://github.com/BAITC-Hacks/hack-7f0e94b8-mystart"
"1377124915","Mysyqtar","discovered","","","0","https://github.com/BAITC-Hacks/hack-6147a893-mysyqtar"
"1381724087","mzhumaga","discovered","","","0","https://github.com/BAITC-Hacks/hack-7223e144-mzhumaga"
"1371464546","n","ready","","5fdab4022e153a7a70c05099e8d736975d6e33df","1","https://github.com/BAITC-Hacks/hack-22258791-n"
"1381392969","N Turbo","ready","","6d806b1503fe636f7364b18657d3530f1375ba83","17","https://github.com/BAITC-Hacks/hack-25c5642e-n-turbo"
"1381639244","n-oxo-u","discovered","","","0","https://github.com/BAITC-Hacks/hack-def71887-n-oxo-u"
"1372894627","N0chance","discovered","","","0","https://github.com/BAITC-Hacks/hack-8c85e77a-n0chance"
"1381634356","n2vermor2","discovered","","","0","https://github.com/BAITC-Hacks/hack-d7d5f368-n2vermor2"
"1381693354","N3pla","ready","","466aadca9202f74a2f31bd2464d0e08dc7353e5e","1","https://github.com/BAITC-Hacks/hack-2c53bfc5-n3pla"
"1366044439","n3rd","discovered","","","0","https://github.com/BAITC-Hacks/hack-8d3cbade-n3rd"
"1381764011","n50068205-droid","discovered","","","0","https://github.com/BAITC-Hacks/hack-c06c5055-n50068205-droid"
"1380059606","Na meste prdumaem","discovered","","","0","https://github.com/BAITC-Hacks/hack-579e102e-na-meste-prdumaem"
"1364410790","Na-Vibe","ready","","2b967595318a8697cfbb50ccca075397523aacc0","1","https://github.com/BAITC-Hacks/hack-1f678352-na-vibe"
"1360657948","NAA","ready","","8ab15c20dc08a83ef6bb8e05045cec89957803a0","1","https://github.com/BAITC-Hacks/hack-161bb9ad-naa"
"1381693062","Naaaaaz","ready","","6c7a552da2ef5b44bf1deca898266e0ab7b3a1a7","1","https://github.com/BAITC-Hacks/hack-05e3b6a4-naaaaaz"
"1381692717","Nabakosh","ready","","ac655ea17839c98bc36844f89fd66fa847ceba6e","1","https://github.com/BAITC-Hacks/hack-05500601-nabakosh"
"1379818094","nabi.ai","discovered","","","0","https://github.com/BAITC-Hacks/hack-b43a1f2a-nabi-ai"
"1374552239","nadir","ready","","a34605b950d6c961deee1d3fbc3330029a4cbfb3","1","https://github.com/BAITC-Hacks/hack-1fbf4b22-nadir"
"1372127617","Naiza-AI","discovered","","","0","https://github.com/BAITC-Hacks/hack-e5c50c8d-naiza-ai"
"1379898522","naiza-ai","discovered","","","0","https://github.com/BAITC-Hacks/hack-9f49c3af-naiza-ai"
"1381734492","nakesaga","discovered","","","0","https://github.com/BAITC-Hacks/hack-6fb56930-nakesaga"
"1381725691","namangeldiev86","discovered","","","0","https://github.com/BAITC-Hacks/hack-4f1e5c1f-namangeldiev86"
"1375801145","Namingook","discovered","","","0","https://github.com/BAITC-Hacks/hack-c1b73219-namingook"
"1368102346","NAN","discovered","","","0","https://github.com/BAITC-Hacks/hack-891a2861-nan"
"1370023732","Nanta ai","discovered","","","0","https://github.com/BAITC-Hacks/hack-53584999-nanta-ai"
"1381691549","naomiu66","discovered","","","0","https://github.com/BAITC-Hacks/hack-619b6386-naomiu66"
"1381637360","Nap20192","discovered","","","0","https://github.com/BAITC-Hacks/hack-79053522-nap20192"
"1381709396","narimanabylkhaev98-alt","discovered","","","0","https://github.com/BAITC-Hacks/hack-ac0559e0-narimanabylkhaev98-alt"
"1381649345","nask0123","discovered","","","0","https://github.com/BAITC-Hacks/hack-5a093d78-nask0123"
"1368390541","NASR","discovered","","","0","https://github.com/BAITC-Hacks/hack-fae9a183-nasr"
"1371423748","NATO","ready","","23a8fc05a1e1d039833b91ced057278b838d5436","1","https://github.com/BAITC-Hacks/hack-1be3ebd9-nato"
"1373279510","NATO","discovered","","","0","https://github.com/BAITC-Hacks/hack-88b9fecd-nato"
"1374363340","NATO","discovered","","","0","https://github.com/BAITC-Hacks/hack-fdaef683-nato"
"1361457797","Natural Intelligence","ready","","e6f701f6546b9834b706de147a3a7c3b4ccd6803","40","https://github.com/BAITC-Hacks/hack-0ace0672-natural-intelligence"
"1381644599","naurabay","discovered","","","0","https://github.com/BAITC-Hacks/hack-ee5d37fc-naurabay"
"1370169980","NavIQ","discovered","","","0","https://github.com/BAITC-Hacks/hack-b0c2414c-naviq"
"1381758035","nazek52","discovered","","","0","https://github.com/BAITC-Hacks/hack-c9e5b6c1-nazek52"
"1381721463","nazerke","discovered","","","0","https://github.com/BAITC-Hacks/hack-a49de49b-nazerke"
"1381758885","nazhmdt","discovered","","","0","https://github.com/BAITC-Hacks/hack-7f3075b1-nazhmdt"
"1381681661","Nazira","discovered","","","0","https://github.com/BAITC-Hacks/hack-4b0b8d4d-nazira"
"1381683049","Nazym","discovered","","","0","https://github.com/BAITC-Hacks/hack-d1a96c39-nazym"
"1381727176","Nazzz","discovered","","","0","https://github.com/BAITC-Hacks/hack-c0798fe3-nazzz"
"1381651846","Nbrzhan","discovered","","","0","https://github.com/BAITC-Hacks/hack-5a8cbc2b-nbrzhan"
"1361025318","NCSI","ready","","d8ed37c0e0122b570dfee5dca2cad5779e1ed67d","93","https://github.com/BAITC-Hacks/hack-34251801-ncsi"
"1353225153","NeBoltWW","discovered","","","0","https://github.com/BAITC-Hacks/hack-53ab849e-neboltww"
"1371359005","Nebula","discovered","","","0","https://github.com/BAITC-Hacks/hack-86169f09-nebula"
"1376104941","nedohacker","discovered","","","0","https://github.com/BAITC-Hacks/hack-a2a1fcd6-nedohacker"
"1364501348","Nedra Chily","ready","","37112838554f370720dd92341394318e8ee77f75","1","https://github.com/BAITC-Hacks/hack-1c724043-nedra-chily"
"1374925916","Nefarious","discovered","","","0","https://github.com/BAITC-Hacks/hack-60cea3df-nefarious"
"1372876341","NEGUS","discovered","","","0","https://github.com/BAITC-Hacks/hack-aa95209c-negus"
"1374230489","neIT.kz","discovered","","","0","https://github.com/BAITC-Hacks/hack-40ac7a06-neit-kz"
"1381716671","NeNurym","discovered","","","0","https://github.com/BAITC-Hacks/hack-b3c05e07-nenurym"
"1353276001","NeoForge","discovered","","","0","https://github.com/BAITC-Hacks/hack-7c9c0671-neoforge"
"1353865331","NeonCode","discovered","","","0","https://github.com/BAITC-Hacks/hack-f485f4b0-neoncode"
"1371347832","NeonCode","discovered","","","0","https://github.com/BAITC-Hacks/hack-c9410c89-neoncode"
"1381751764","nepozitif13-svg","discovered","","","0","https://github.com/BAITC-Hacks/hack-6b43b87e-nepozitif13-svg"
"1374030718","Nepridumali.ai","discovered","","","0","https://github.com/BAITC-Hacks/hack-87aa82da-nepridumali-ai"
"1377453614","nepridymali","discovered","","","0","https://github.com/BAITC-Hacks/hack-ac786eec-nepridymali"
"1377529361","Ner","discovered","","","0","https://github.com/BAITC-Hacks/hack-83952c60-ner"
"1376396163","nerds","discovered","","","0","https://github.com/BAITC-Hacks/hack-7e132a35-nerds"
"1381754613","Net","discovered","","","0","https://github.com/BAITC-Hacks/hack-8d69742e-net"
"1364168613","Nether","discovered","","","0","https://github.com/BAITC-Hacks/hack-6caab82a-nether"
"1372633364","Netrix","discovered","","","0","https://github.com/BAITC-Hacks/hack-dddbf484-netrix"
"1370093034","NeuraX","discovered","","","0","https://github.com/BAITC-Hacks/hack-6b387581-neurax"
"1374373743","Neuraxis","discovered","","","0","https://github.com/BAITC-Hacks/hack-d6ae42c3-neuraxis"
"1372881696","NeuroCall AI","discovered","","","0","https://github.com/BAITC-Hacks/hack-50f8fc9c-neurocall-ai"
"1371334625","NeuroForge","ready","","63dde108dd04cbd46cd613214f9e26be187c1a85","43","https://github.com/BAITC-Hacks/hack-22572782-neuroforge"
"1367041305","NeuroHub","ready","","59b118a38b1c1692e78c0af0c21b6222d16e09b3","6","https://github.com/BAITC-Hacks/hack-292e04fe-neurohub"
"1361461593","NeuroLux","discovered","","","0","https://github.com/BAITC-Hacks/hack-c5a5e0b3-neurolux"
"1375512627","NeuroNova","discovered","","","0","https://github.com/BAITC-Hacks/hack-5d770eaf-neuronova"
"1379571232","NeuroShield","discovered","","","0","https://github.com/BAITC-Hacks/hack-71c752c1-neuroshield"
"1373183851","NeuroTriage","discovered","","","0","https://github.com/BAITC-Hacks/hack-ba95b6b1-neurotriage"
"1376906074","NeuroX","discovered","","","0","https://github.com/BAITC-Hacks/hack-8f409c84-neurox"
"1363706691","NEVOD","ready","","5492da311aeb3a6c94d8ea7bcc498996bbe463b7","1","https://github.com/BAITC-Hacks/hack-245a25d9-nevod"
"1377133195","New era","discovered","","","0","https://github.com/BAITC-Hacks/hack-c2c42fb5-new-era"
"1375766344","New Team","discovered","","","0","https://github.com/BAITC-Hacks/hack-dce567d9-new-team"
"1379469951","New test 9999","discovered","","","0","https://github.com/BAITC-Hacks/hack-81d41d6e-new-test-9999"
"1353749296","New10","discovered","","","0","https://github.com/BAITC-Hacks/hack-4a540189-new10"
"1377083152","Newbie","discovered","","","0","https://github.com/BAITC-Hacks/hack-55197c77-newbie"
"1375340288","Newcastle","discovered","","","0","https://github.com/BAITC-Hacks/hack-adc03569-newcastle"
"1368660507","NewGen","discovered","","","0","https://github.com/BAITC-Hacks/hack-b1f95a81-newgen"
"1318332352","News","ready","","56ec1f4dba62ce1e06d87a4cf6d75239a481d22d","1","https://github.com/BAITC-Hacks/hack-353c5ce0-news"
"1361491044","NEX-CORE","discovered","","","0","https://github.com/BAITC-Hacks/hack-f4831b3b-nex-core"
"1377269922","Nexa","discovered","","","0","https://github.com/BAITC-Hacks/hack-a7700864-nexa"
"1361206106","Nexcel solution","discovered","","","0","https://github.com/BAITC-Hacks/hack-d830a856-nexcel-solution"
"1371353203","Nexcel solution","discovered","","","0","https://github.com/BAITC-Hacks/hack-d2bc17ef-nexcel-solution"
"1378532041","Nexelle","discovered","","","0","https://github.com/BAITC-Hacks/hack-c4ae53c5-nexelle"
"1369545165","NEXIS","discovered","","","0","https://github.com/BAITC-Hacks/hack-80299a21-nexis"
"1374640197","Nexon","discovered","","","0","https://github.com/BAITC-Hacks/hack-82404745-nexon"
"1366953792","Nexora","discovered","","","0","https://github.com/BAITC-Hacks/hack-d13e095c-nexora"
"1379575187","Nexora","discovered","","","0","https://github.com/BAITC-Hacks/hack-ab92e8e7-nexora"
"1379838090","nexoran","discovered","","","0","https://github.com/BAITC-Hacks/hack-89be9a1c-nexoran"
"1369807567","NextAlem","ready","","bda0bba1800b935160dc783e346051fa60bb0b93","1","https://github.com/BAITC-Hacks/hack-1d10377a-nextalem"
"1376884004","NextEdu","discovered","","","0","https://github.com/BAITC-Hacks/hack-c0208085-nextedu"
"1373207056","NextGen","discovered","","","0","https://github.com/BAITC-Hacks/hack-aadb527a-nextgen"
"1362380711","NextMind","discovered","","","0","https://github.com/BAITC-Hacks/hack-a87f6a2b-nextmind"
"1374740038","NextQ","discovered","","","0","https://github.com/BAITC-Hacks/hack-efc8a833-nextq"
"1359764620","Nexus","discovered","","","0","https://github.com/BAITC-Hacks/hack-70275441-nexus"
"1373188896","neznayushie-pobed","discovered","","","0","https://github.com/BAITC-Hacks/hack-5b78ee2e-neznayushie-pobed"
"1375844350","NGS","discovered","","","0","https://github.com/BAITC-Hacks/hack-54df0935-ngs"
"1381690570","nietullaaknur-ux","ready","","407eeb75f1197916de15ebdb43544da7c6510dbe","1","https://github.com/BAITC-Hacks/hack-1b1c8584-nietullaaknur-ux"
"1364292758","Nikola Burbaki","ready","","0d31dea64a6a751e8e8a16e0c77e13166a4092d2","1","https://github.com/BAITC-Hacks/hack-196402f3-nikola-burbaki"
"1362602872","Nine Lives","discovered","","","0","https://github.com/BAITC-Hacks/hack-3d558b7c-nine-lives"
"1381624778","niopica","discovered","","","0","https://github.com/BAITC-Hacks/hack-4c0311c4-niopica"
"1378038316","nirvana","discovered","","","0","https://github.com/BAITC-Hacks/hack-42921387-nirvana"
"1381644735","Niver507","ready","","1bd79bebe8611b2aba2d029afb801b95940906b0","1","https://github.com/BAITC-Hacks/hack-2ea33c4d-niver507"
"1362370102","NKA Team","discovered","","","0","https://github.com/BAITC-Hacks/hack-9044e9ce-nka-team"
"1381750977","nktwn","discovered","","","0","https://github.com/BAITC-Hacks/hack-8f02188b-nktwn"
"1381744161","NMXVIII","discovered","","","0","https://github.com/BAITC-Hacks/hack-6676cb26-nmxviii"
"1381684410","Nnn","discovered","","","0","https://github.com/BAITC-Hacks/hack-c3294f16-nnn"
"1361477697","No Idea Team","ready","","37cbaed666cca4bdc151809673a2c1eb877a7355","1","https://github.com/BAITC-Hacks/hack-0b88c1de-no-idea-team"
"1361496034","no shutdown","discovered","","","0","https://github.com/BAITC-Hacks/hack-984a086d-no-shutdown"
"1371345882","NO SHUTDOWN","discovered","","","0","https://github.com/BAITC-Hacks/hack-87cc3918-no-shutdown"
"1361550510","NoIdea","discovered","","","0","https://github.com/BAITC-Hacks/hack-b7dd4552-noidea"
"1381751488","nolimitima","ready","","85d3f8ffa7fd8a8172a54c96aa050359b10c059a","1","https://github.com/BAITC-Hacks/hack-1ac58bad-nolimitima"
"1375767475","NoLimits","ready","","0f7e54f558cf1ae64663979acef68ae86fbcf492","83","https://github.com/BAITC-Hacks/hack-110c2392-nolimits"
"1379834607","Nomad","discovered","","","0","https://github.com/BAITC-Hacks/hack-633bc01f-nomad"
"1381403912","Nomad","discovered","","","0","https://github.com/BAITC-Hacks/hack-427ac9f6-nomad"
"1373287099","Nomad Agents","discovered","","","0","https://github.com/BAITC-Hacks/hack-8ac6c83c-nomad-agents"
"1359899260","Nomad AI","discovered","","","0","https://github.com/BAITC-Hacks/hack-ec77273d-nomad-ai"
"1371352853","Nomad AI","discovered","","","0","https://github.com/BAITC-Hacks/hack-ed162116-nomad-ai"
"1375840212","Nomad Code","discovered","","","0","https://github.com/BAITC-Hacks/hack-5a6b499e-nomad-code"
"1377412340","Nomad coders","discovered","","","0","https://github.com/BAITC-Hacks/hack-43bfd950-nomad-coders"
"1369655160","Nomad Creators","discovered","","","0","https://github.com/BAITC-Hacks/hack-9985829f-nomad-creators"
"1370924228","Nomad Minds","ready","","f6a1356d77bf45b551aeca99e58a343fb760f823","101","https://github.com/BAITC-Hacks/hack-3154ac51-nomad-minds"
"1377430660","Nomad.js","discovered","","","0","https://github.com/BAITC-Hacks/hack-db841705-nomad-js"
"1371338801","NOMADai","discovered","","","0","https://github.com/BAITC-Hacks/hack-6e46e387-nomadai"
"1371417127","NOMADai","ready","","e162f5b04976325dbe83ef57d2f14c14e309cc08","1","https://github.com/BAITC-Hacks/hack-1d38e601-nomadai"
"1375456090","NomadEX","discovered","","","0","https://github.com/BAITC-Hacks/hack-6669e5b1-nomadex"
"1371257766","Nomads Way","discovered","","","0","https://github.com/BAITC-Hacks/hack-b2386ef0-nomads-way"
"1361520286","Non-tech bro's","discovered","","","0","https://github.com/BAITC-Hacks/hack-43eb35b0-non-tech-bro-s"
"1372940863","nonable","discovered","","","0","https://github.com/BAITC-Hacks/hack-fffab5cf-nonable"
"1374445168","NoneSafe","discovered","","","0","https://github.com/BAITC-Hacks/hack-efa49875-nonesafe"
"1354620849","NoOne","ready","","47ef53c0f885666050dc2f974feff0296d89402e","1","https://github.com/BAITC-Hacks/hack-14960b3d-noone"
"1381668068","norkotikkz-ops","discovered","","","0","https://github.com/BAITC-Hacks/hack-9b0e73fe-norkotikkz-ops"
"1370986607","NoSignal","ready","","afe3ef42b11f337207aaf0e3d1df19b81e78b1ad","1","https://github.com/BAITC-Hacks/hack-1486b933-nosignal"
"1367664033","NoSleep.dev","ready","","e5f547d37ef8a094c8abb54992ef916f610d4838","109","https://github.com/BAITC-Hacks/hack-2e79658e-nosleep-dev"
"1370014204","NotPegasus","discovered","","","0","https://github.com/BAITC-Hacks/hack-febbc99f-notpegasus"
"1349914958","Nova","ready","","7f715afd0146d26aca175a5ac07e50652e9b58f1","42","https://github.com/BAITC-Hacks/hack-0bb708a1-nova"
"1374218292","Nova","discovered","","","0","https://github.com/BAITC-Hacks/hack-5e6af0ff-nova"
"1293433019","Nova Team","ready","","70be7ce2118a274f968e02caffcac9bdf3910ec0","1","https://github.com/BAITC-Hacks/hack-2a974643-nova-team"
"1373327880","NovaAI","discovered","","","0","https://github.com/BAITC-Hacks/hack-7840be72-novaai"
"1362874320","NovaCoders","discovered","","","0","https://github.com/BAITC-Hacks/hack-ca2b30ac-novacoders"
"1365693059","NovaMind","discovered","","","0","https://github.com/BAITC-Hacks/hack-ee897aec-novamind"
"1381718964","novarenard","discovered","","","0","https://github.com/BAITC-Hacks/hack-fdb988bd-novarenard"
"1381750741","NovikovVisuals","discovered","","","0","https://github.com/BAITC-Hacks/hack-ad21d560-novikovvisuals"
"1365958799","NSJ TEAM","discovered","","","0","https://github.com/BAITC-Hacks/hack-91ba2982-nsj-team"
"1364739318","NT","ready","","25b78c95584ff94a038f8be55bd91ee3dcdc95f0","90","https://github.com/BAITC-Hacks/hack-14dc5002-nt"
"1371412024","NT","ready","","40ff48f2acd48d39d810da58de9f7b6605f1d584","1","https://github.com/BAITC-Hacks/hack-19089cec-nt"
"1374238241","Nudge","discovered","","","0","https://github.com/BAITC-Hacks/hack-7f82e1f7-nudge"
"1381699079","null","discovered","","","0","https://github.com/BAITC-Hacks/hack-efb36ea5-null"
"1376076584","Null talisman","discovered","","","0","https://github.com/BAITC-Hacks/hack-dc7e6965-null-talisman"
"1361493193","Null3","discovered","","","0","https://github.com/BAITC-Hacks/hack-beec91d9-null3"
"1363844628","nullptr","discovered","","","0","https://github.com/BAITC-Hacks/hack-74bc529e-nullptr"
"1379586384","nullptr","discovered","","","0","https://github.com/BAITC-Hacks/hack-9305ee23-nullptr"
"1381667941","num1hub","discovered","","","0","https://github.com/BAITC-Hacks/hack-57e4962d-num1hub"
"1381723304","Nuni7292","discovered","","","0","https://github.com/BAITC-Hacks/hack-5fd1526e-nuni7292"
"1372939165","NUpogodi","discovered","","","0","https://github.com/BAITC-Hacks/hack-f07ac55c-nupogodi"
"1381722185","nur","discovered","","","0","https://github.com/BAITC-Hacks/hack-5468cc32-nur"
"1375636787","NUR-AI","ready","","5ea6fc20ef3d02de93bd56387244053f2b2df109","1","https://github.com/BAITC-Hacks/hack-05eb5862-nur-ai"
"1374341204","NUR.AI","discovered","","","0","https://github.com/BAITC-Hacks/hack-683202a2-nur-ai"
"1374455067","NUR.AI","discovered","","","0","https://github.com/BAITC-Hacks/hack-6847c19e-nur-ai"
"1377033070","Nur_Sultan_teamAI","discovered","","","0","https://github.com/BAITC-Hacks/hack-5d19020d-nur-sultan-teamai"
"1371128156","Nura's solo team","ready","","c57da050a6c5b808d987ae2d5240996378040ee1","1","https://github.com/BAITC-Hacks/hack-31b90012-nura-s-solo-team"
"1381710836","nuraitokanovas-web","discovered","","","0","https://github.com/BAITC-Hacks/hack-979cfda5-nuraitokanovas-web"
"1376173312","Nuraiuki","discovered","","","0","https://github.com/BAITC-Hacks/hack-86e14e1d-nuraiuki"
"1381669980","Nurarys71","ready","","5f451781d4f2da265155987876c6133d0ff0438f","1","https://github.com/BAITC-Hacks/hack-18ec7c3d-nurarys71"
"1379796720","nuras","discovered","","","0","https://github.com/BAITC-Hacks/hack-b4c67486-nuras"
"1371284205","Nurasiks","discovered","","","0","https://github.com/BAITC-Hacks/hack-afe8ccde-nurasiks"
"1375706167","Nuravi","discovered","","","0","https://github.com/BAITC-Hacks/hack-ab3cdd19-nuravi"
"1381674013","nurayim","discovered","","","0","https://github.com/BAITC-Hacks/hack-c654bfce-nurayim"
"1381765673","Nurazkhan","discovered","","","0","https://github.com/BAITC-Hacks/hack-62cf6345-nurazkhan"
"1381626627","Nurbak","discovered","","","0","https://github.com/BAITC-Hacks/hack-443125ee-nurbak"
"1381736808","nurbakytduysenbek-web","discovered","","","0","https://github.com/BAITC-Hacks/hack-ab6cd785-nurbakytduysenbek-web"
"1381764982","Nurbek399","discovered","","","0","https://github.com/BAITC-Hacks/hack-d81c01cf-nurbek399"
"1381678525","Nurbekov007","discovered","","","0","https://github.com/BAITC-Hacks/hack-5a092f69-nurbekov007"
"1381646233","nurbibi10","discovered","","","0","https://github.com/BAITC-Hacks/hack-d8c1ae6f-nurbibi10"
"1381711571","NurbMuha","discovered","","","0","https://github.com/BAITC-Hacks/hack-ffcf2adb-nurbmuha"
"1379904739","Nurbo","discovered","","","0","https://github.com/BAITC-Hacks/hack-71eb5d0f-nurbo"
"1381639580","Nurda67","ready","","0446a2c415206ee26316f0626146a72b3cefb187","1","https://github.com/BAITC-Hacks/hack-1e7783d3-nurda67"
"1381751214","nurdamiron","ready","","b45c9b676f834cb5825c0df1361f7ab2fbfd67ad","1","https://github.com/BAITC-Hacks/hack-2c3119bb-nurdamiron"
"1381737654","Nurdaulet0801","ready","","e98e5bfee67bcd82b0f2f7e64d35449e15d546c3","1","https://github.com/BAITC-Hacks/hack-19e66247-nurdaulet0801"
"1381667629","nurdauletkabylbek86-star","discovered","","","0","https://github.com/BAITC-Hacks/hack-ddc19f39-nurdauletkabylbek86-star"
"1381755542","nurdauletsnn-pixel","discovered","","","0","https://github.com/BAITC-Hacks/hack-e6beadd3-nurdauletsnn-pixel"
"1381698812","Nurdaulettt","ready","","2caf0d748a04ec5998d11b07a817b80c68a94051","1","https://github.com/BAITC-Hacks/hack-1d53feb9-nurdaulettt"
"1381739506","Nurdick","ready","","a81760c46a7380db2aba356070996291e5e354e4","1","https://github.com/BAITC-Hacks/hack-13ac2209-nurdick"
"1381721300","Nurgul-Usman","discovered","","","0","https://github.com/BAITC-Hacks/hack-f06e8b17-nurgul-usman"
"1286797099","Nurik","discovered","","","0","https://github.com/BAITC-Hacks/hack-b9ed0f02-nurik"
"1381709695","Nurik","discovered","","","0","https://github.com/BAITC-Hacks/hack-a00fdd06-nurik"
"1286825753","Nurik 2","discovered","","","0","https://github.com/BAITC-Hacks/hack-bc128bc1-nurik-2"
"1381738946","Nurikk","discovered","","","0","https://github.com/BAITC-Hacks/hack-d95c22b9-nurikk"
"1381662811","NurislamAiu","ready","","3b23bfbf3c1ffca7ac21ebc4fe24ae97af708972","1","https://github.com/BAITC-Hacks/hack-0ad598f9-nurislamaiu"
"1381655320","nurislamshermatov","ready","","d4ea1776c308647faaa16fac02ab0900f8f8b6fd","1","https://github.com/BAITC-Hacks/hack-16e52c09-nurislamshermatov"
"1381629765","nurk3ldi","discovered","","","0","https://github.com/BAITC-Hacks/hack-41b9ab89-nurk3ldi"
"1381711408","nurka667","discovered","","","0","https://github.com/BAITC-Hacks/hack-75d1a752-nurka667"
"1381666798","nurkeldikyzyzh-dev","discovered","","","0","https://github.com/BAITC-Hacks/hack-748e4337-nurkeldikyzyzh-dev"
"1381651691","nurkenkyzynaz","discovered","","","0","https://github.com/BAITC-Hacks/hack-65ae6a60-nurkenkyzynaz"
"1381731521","nurlybekkuly","discovered","","","0","https://github.com/BAITC-Hacks/hack-aacd77d9-nurlybekkuly"
"1381731016","Nurmuhanmet","ready","","0f10612920fa18af3a4251383f7e7e15db4850de","1","https://github.com/BAITC-Hacks/hack-16d9f067-nurmuhanmet"
"1381702000","nurrislvm","discovered","","","0","https://github.com/BAITC-Hacks/hack-ad52f3b7-nurrislvm"
"1381674146","Nurrss","discovered","","","0","https://github.com/BAITC-Hacks/hack-b962e974-nurrss"
"1381704384","Nurs091","ready","","dec953f141c9e50ff4f96bd17fa0037d87700253","1","https://github.com/BAITC-Hacks/hack-1afb2c7f-nurs091"
"1381672848","Nursayat04","discovered","","","0","https://github.com/BAITC-Hacks/hack-d9dbd4f0-nursayat04"
"1381714953","NursayatTulen","discovered","","","0","https://github.com/BAITC-Hacks/hack-f95d5e6f-nursayattulen"
"1363670736","nurseitai","discovered","","","0","https://github.com/BAITC-Hacks/hack-57ec179f-nurseitai"
"1381745532","nurshuakm","discovered","","","0","https://github.com/BAITC-Hacks/hack-cfa59e85-nurshuakm"
"1374173842","NurSolution","discovered","","","0","https://github.com/BAITC-Hacks/hack-dbe07283-nursolution"
"1381649219","Nursulltan","discovered","","","0","https://github.com/BAITC-Hacks/hack-eb2431b4-nursulltan"
"1381711999","Nurtileu","discovered","","","0","https://github.com/BAITC-Hacks/hack-cf80738d-nurtileu"
"1381756038","nuruddinjr","discovered","","","0","https://github.com/BAITC-Hacks/hack-707450dc-nuruddinjr"
"1381690058","nurullah911","discovered","","","0","https://github.com/BAITC-Hacks/hack-a0de5090-nurullah911"
"1381747208","nurzanovaajganym-commits","discovered","","","0","https://github.com/BAITC-Hacks/hack-d73d182f-nurzanovaajganym-commits"
"1381641027","Nurzhan-B","discovered","","","0","https://github.com/BAITC-Hacks/hack-3ab35da7-nurzhan-b"
"1381630102","Nurzhanngg","ready","","778f5e68f14451beff525b1c2746cc6394ab90d1","1","https://github.com/BAITC-Hacks/hack-31ed9a36-nurzhanngg"
"1361467652","Nurzhol 1","discovered","","","0","https://github.com/BAITC-Hacks/hack-7b806d9a-nurzhol-1"
"1369473169","Nuvexa","discovered","","","0","https://github.com/BAITC-Hacks/hack-7168a80e-nuvexa"
"1376149607","NVIDIA CEO ЖАСОН ХУАНГ","discovered","","","0","https://github.com/BAITC-Hacks/hack-8b2c3569-nvidia-ceo"
"1374981741","NX-Sentinel","discovered","","","0","https://github.com/BAITC-Hacks/hack-7e2ba0bc-nx-sentinel"
"1379835903","NX-Sentinel","discovered","","","0","https://github.com/BAITC-Hacks/hack-cd2a1647-nx-sentinel"
"1349577536","nxt","discovered","","","0","https://github.com/BAITC-Hacks/hack-6c43f963-nxt"
"1372622496","Nyanachi","ready","","8f6e160588fc1ea24a8a524822d712c04cd526b8","26","https://github.com/BAITC-Hacks/hack-34398b15-nyanachi"
"1377289770","NYU","ready","","28fdc7ceb8cb66305d39903762f53960ac9744de","75","https://github.com/BAITC-Hacks/hack-10cbfaad-nyu"
"1379751286","Nюrssaaaaa","discovered","","","0","https://github.com/BAITC-Hacks/hack-d3f27f2c-n-rssaaaaa"
"1367552943","O-Leg","discovered","","","0","https://github.com/BAITC-Hacks/hack-873e22cc-o-leg"
"1372548261","oaiu","discovered","","","0","https://github.com/BAITC-Hacks/hack-5f811d8e-oaiu"
"1362372057","Obolduyes Team","ready","","c5819b3a49a1a56d982fad868a7aafe4ec93efc9","1","https://github.com/BAITC-Hacks/hack-374713ac-obolduyes-team"
"1374555546","Obsidian","discovered","","","0","https://github.com/BAITC-Hacks/hack-ca9ed74e-obsidian"
"1377513836","Office","discovered","","","0","https://github.com/BAITC-Hacks/hack-c1d95a16-office"
"1381691444","Official-nanakai","discovered","","","0","https://github.com/BAITC-Hacks/hack-9016755f-official-nanakai"
"1361860607","OFFSCRIPT","discovered","","","0","https://github.com/BAITC-Hacks/hack-3cc2878c-offscript"
"1376918369","OG","discovered","","","0","https://github.com/BAITC-Hacks/hack-cbdf352f-og"
"1371780396","Ohub.kz","discovered","","","0","https://github.com/BAITC-Hacks/hack-9bae5eed-ohub-kz"
"1379678565","ohub.kz","discovered","","","0","https://github.com/BAITC-Hacks/hack-9d7e90b4-ohub-kz"
"1378297016","oil gas","ready","","ec29e7275a88e4516a5c7cce9a48164cb0429f3b","1","https://github.com/BAITC-Hacks/hack-2b2aca3e-oil-gas"
"1370269279","Oilan","ready","","d66ae419dbe3ce0d36bc5ddcbf6a4f92f2cd2230","1","https://github.com/BAITC-Hacks/hack-0bb1b3be-oilan"
"1376166922","OleksandrTeam","discovered","","","0","https://github.com/BAITC-Hacks/hack-c873d787-oleksandrteam"
"1379785006","OleksandrTeam","discovered","","","0","https://github.com/BAITC-Hacks/hack-53e610eb-oleksandrteam"
"1381744935","olympiysky","ready","","728823cd60a36a4a412e569cb1bf7bd9301b6187","1","https://github.com/BAITC-Hacks/hack-1feaa890-olympiysky"
"1381661385","olzhaevdarkhan","ready","","7fc4b96f5661d0169280ec12e4577146dfffc5de","1","https://github.com/BAITC-Hacks/hack-2b97df23-olzhaevdarkhan"
"1377244302","Olzhas","discovered","","","0","https://github.com/BAITC-Hacks/hack-8f53fbd1-olzhas"
"1381663629","OLZHAS3","ready","","d9b4e45849cecc7778cee1bfe4c346cc73ef54d1","1","https://github.com/BAITC-Hacks/hack-09675b2a-olzhas3"
"1381655425","Olzhashtml","ready","","509dee65c8c069c61f10952d7502427aba94a58c","1","https://github.com/BAITC-Hacks/hack-15a18053-olzhashtml"
"1381756152","olzhik02","ready","","96de89c01e899989986b35288d6ad47c873a3cb2","1","https://github.com/BAITC-Hacks/hack-00ace7d6-olzhik02"
"1381640886","omalyimix","ready","","8c002b007fc7e14cc496bb47856b3f343e0739bc","1","https://github.com/BAITC-Hacks/hack-18bf787f-omalyimix"
"1381764864","OMaRgaLy","ready","","9d095df78afcaaab989326ed57d70c81cc46f27e","1","https://github.com/BAITC-Hacks/hack-1a456ef8-omargaly"
"1381726800","OmarKalmurza","discovered","","","0","https://github.com/BAITC-Hacks/hack-54d538a6-omarkalmurza"
"1381644881","omarovamariyam","discovered","","","0","https://github.com/BAITC-Hacks/hack-4a084a2a-omarovamariyam"
"1381655072","omarselbai2006-jpg","ready","","0962f4e70ba816bf139dc560aa60e47f008c0214","1","https://github.com/BAITC-Hacks/hack-335960a8-omarselbai2006-jpg"
"1375676891","Omnipotent","discovered","","","0","https://github.com/BAITC-Hacks/hack-f3361f1e-omnipotent"
"1366445075","OnAI","ready","","f0e6f50abae10560fe4c96eb2b337f220f07fee8","1","https://github.com/BAITC-Hacks/hack-0a6b33f7-onai"
"1379770065","OnAI","discovered","","","0","https://github.com/BAITC-Hacks/hack-fc8bed6a-onai"
"1377245464","One","discovered","","","0","https://github.com/BAITC-Hacks/hack-adaa0b29-one"
"1376975721","One Man Army","discovered","","","0","https://github.com/BAITC-Hacks/hack-e9aa67fb-one-man-army"
"1377502393","OneAgent","discovered","","","0","https://github.com/BAITC-Hacks/hack-7df2d49b-oneagent"
"1366490035","OneByte","discovered","","","0","https://github.com/BAITC-Hacks/hack-7da619ab-onebyte"
"1378354048","OneManArmy","ready","","519f2a20b7be7a1ca45c8f6c6e41026b26e028f1","1","https://github.com/BAITC-Hacks/hack-05009892-onemanarmy"
"1367762973","OneMind","discovered","","","0","https://github.com/BAITC-Hacks/hack-61f2e832-onemind"
"1379785488","OneMind","discovered","","","0","https://github.com/BAITC-Hacks/hack-f2457589-onemind"
"1360471052","OneNeuron","discovered","","","0","https://github.com/BAITC-Hacks/hack-3d6c1fd1-oneneuron"
"1370996605","oneshott","discovered","","","0","https://github.com/BAITC-Hacks/hack-a0956115-oneshott"
"1381764395","onionmerey","discovered","","","0","https://github.com/BAITC-Hacks/hack-94011e95-onionmerey"
"1377024921","Onix","discovered","","","0","https://github.com/BAITC-Hacks/hack-b5a370cf-onix"
"1360122145","onkei-tech","discovered","","","0","https://github.com/BAITC-Hacks/hack-8e8c27a3-onkei-tech"
"1381733596","onlifebakytzhanov","ready","","9b418c184585c550c46ebfa618a501ae69f0773b","1","https://github.com/BAITC-Hacks/hack-2b6e4b50-onlifebakytzhanov"
"1377484469","Only forward","ready","","17882f9b1f6671a126efd940b85cfd1a7a985ec5","1","https://github.com/BAITC-Hacks/hack-32171ccd-only-forward"
"1366504427","OnlyFriends","discovered","","","0","https://github.com/BAITC-Hacks/hack-cc2bfdd3-onlyfriends"
"1376823875","ONLYQUEEN","discovered","","","0","https://github.com/BAITC-Hacks/hack-c41f3fa8-onlyqueen"
"1376912004","Ontogyz team","discovered","","","0","https://github.com/BAITC-Hacks/hack-69d13496-ontogyz-team"
"1378587381","OnTrack","discovered","","","0","https://github.com/BAITC-Hacks/hack-d4a384cf-ontrack"
"1367611207","Ontustik Jigi","discovered","","","0","https://github.com/BAITC-Hacks/hack-bff1d795-ontustik-jigi"
"1381752191","onureit","discovered","","","0","https://github.com/BAITC-Hacks/hack-6e8de9fb-onureit"
"1379861401","OOO ""Бнал""","discovered","","","0","https://github.com/BAITC-Hacks/hack-d1f085e2-ooo"
"1381408608","Open turan","discovered","","","0","https://github.com/BAITC-Hacks/hack-d10318b7-open-turan"
"1369899350","OpenFlow","discovered","","","0","https://github.com/BAITC-Hacks/hack-c8c8d2ac-openflow"
"1367486387","OpenToWork","discovered","","","0","https://github.com/BAITC-Hacks/hack-9013145c-opentowork"
"1374785401","OpenWindow","discovered","","","0","https://github.com/BAITC-Hacks/hack-a5f74a43-openwindow"
"1378433862","Optimus","ready","","e325477508ad816fceec95535e4deb9d9e0a1c1c","108","https://github.com/BAITC-Hacks/hack-0592591a-optimus"
"1381641164","ora1khanova","ready","","8f517b96315e714412c1c9b3adca8b405230cade","1","https://github.com/BAITC-Hacks/hack-3624158c-ora1khanova"
"1381688785","orazbaialibek-star","ready","","e168c129d7c83a92d8e238d64709f2a42ec22561","1","https://github.com/BAITC-Hacks/hack-150ec698-orazbaialibek-star"
"1354798623","Orbit Digital | AKO","discovered","","","0","https://github.com/BAITC-Hacks/hack-61c5ca4c-orbit-digital-ako"
"1354600851","Orbit Digital | Icarus","discovered","","","0","https://github.com/BAITC-Hacks/hack-890ebfb3-orbit-digital-icarus"
"1349224093","orbit.jr","discovered","","","0","https://github.com/BAITC-Hacks/hack-5abba766-orbit-jr"
"1379774523","orbit.jr","discovered","","","0","https://github.com/BAITC-Hacks/hack-838aba83-orbit-jr"
"1377112788","ORDA","discovered","","","0","https://github.com/BAITC-Hacks/hack-98bfa127-orda"
"1365761299","Ordabasy","discovered","","","0","https://github.com/BAITC-Hacks/hack-42852219-ordabasy"
"1377425799","Ordanio","discovered","","","0","https://github.com/BAITC-Hacks/hack-b7e991bb-ordanio"
"1371046301","Orim","discovered","","","0","https://github.com/BAITC-Hacks/hack-d9f03adb-orim"
"1378601568","Orleu","discovered","","","0","https://github.com/BAITC-Hacks/hack-50fcb8d1-orleu"
"1373328739","ORTA","discovered","","","0","https://github.com/BAITC-Hacks/hack-422c070c-orta"
"1381696952","orynbassarovaaizere","discovered","","","0","https://github.com/BAITC-Hacks/hack-5afee5f0-orynbassarovaaizere"
"1366475873","Osiris Deeptech","discovered","","","0","https://github.com/BAITC-Hacks/hack-e3d7ee1b-osiris-deeptech"
"1375658801","Oslaebs","ready","","d99ebb5dd057543f3f887252c2960978f0fb3108","19","https://github.com/BAITC-Hacks/hack-20bdc7a0-oslaebs"
"1379931883","Osloebs","discovered","","","0","https://github.com/BAITC-Hacks/hack-5504e8fe-osloebs"
"1381669532","ospannn","discovered","","","0","https://github.com/BAITC-Hacks/hack-fb509228-ospannn"
"1381650630","otabekrizayev","ready","","b1f63613d8217878b98001270eb30ec55cb5e3d2","1","https://github.com/BAITC-Hacks/hack-0ed19293-otabekrizayev"
"1381703355","Otanbek","discovered","","","0","https://github.com/BAITC-Hacks/hack-589422e5-otanbek"
"1361280897","otc-os","discovered","","","0","https://github.com/BAITC-Hacks/hack-e4d299d5-otc-os"
"1377459593","Out Of Tokens","discovered","","","0","https://github.com/BAITC-Hacks/hack-c9f4149e-out-of-tokens"
"1379730762","Out Of Tokens","discovered","","","0","https://github.com/BAITC-Hacks/hack-56892541-out-of-tokens"
"1381664823","OutBreakPrimal","discovered","","","0","https://github.com/BAITC-Hacks/hack-d1ca5591-outbreakprimal"
"1365783973","overfit","discovered","","","0","https://github.com/BAITC-Hacks/hack-52fe5ec3-overfit"
"1364919961","Overfitters","discovered","","","0","https://github.com/BAITC-Hacks/hack-983b90ca-overfitters"
"1373029148","Overfitting","discovered","","","0","https://github.com/BAITC-Hacks/hack-66a8613c-overfitting"
"1361382967","overlake.bio","discovered","","","0","https://github.com/BAITC-Hacks/hack-dab75a71-overlake-bio"
"1377250766","Oyan.ai","discovered","","","0","https://github.com/BAITC-Hacks/hack-6b3754fc-oyan-ai"
"1377482267","Oylab","discovered","","","0","https://github.com/BAITC-Hacks/hack-f87e0b26-oylab"
"1373710353","OZGE","ready","","f78c41bb2fe8d3ce8e199864d4811cc0bc7bb03e","16","https://github.com/BAITC-Hacks/hack-0ba3e8ce-ozge"
"1379867281","OZGE","discovered","","","0","https://github.com/BAITC-Hacks/hack-f2a8b441-ozge"
"1361436421","ozhek","discovered","","","0","https://github.com/BAITC-Hacks/hack-fd4fdc99-ozhek"
"1363831915","ozLTeam","ready","","8ee15f9637341f3d618341bc3a6e0508953298a1","600","https://github.com/BAITC-Hacks/hack-34b30c3c-ozlteam"
"1381660808","p1ntrm","discovered","","","0","https://github.com/BAITC-Hacks/hack-b45f89b0-p1ntrm"
"1371252771","Pairadox","discovered","","","0","https://github.com/BAITC-Hacks/hack-866564aa-pairadox"
"1365543865","paix","discovered","","","0","https://github.com/BAITC-Hacks/hack-51683437-paix"
"1381672971","PakoGay","discovered","","","0","https://github.com/BAITC-Hacks/hack-47334007-pakogay"
"1360091739","Palantir","discovered","","","0","https://github.com/BAITC-Hacks/hack-4ff31b88-palantir"
"1374193148","PalliPalli","discovered","","","0","https://github.com/BAITC-Hacks/hack-573aa7a4-pallipalli"
"1379767521","Papa Sahid","ready","","8bf01dce64bc5c6b74bced866e91284b41c05a5c","4","https://github.com/BAITC-Hacks/hack-2fcecaf3-papa-sahid"
"1355452795","papanda","discovered","","","0","https://github.com/BAITC-Hacks/hack-5273bcd8-papanda"
"1379544473","papanda","discovered","","","0","https://github.com/BAITC-Hacks/hack-a4a567e2-papanda"
"1381641423","paper-rest-ssl","discovered","","","0","https://github.com/BAITC-Hacks/hack-92db515e-paper-rest-ssl"
"1364492407","Paradox","discovered","","","0","https://github.com/BAITC-Hacks/hack-ca5ddf34-paradox"
"1365436277","Paralax","discovered","","","0","https://github.com/BAITC-Hacks/hack-4341ec06-paralax"
"1378278849","ParaPlan","discovered","","","0","https://github.com/BAITC-Hacks/hack-7c95a80f-paraplan"
"1376970657","Participants","discovered","","","0","https://github.com/BAITC-Hacks/hack-ea50d4e9-participants"
"1376846513","PATRIK","discovered","","","0","https://github.com/BAITC-Hacks/hack-6585ff0b-patrik"
"1381755169","Pav1zz","ready","","4c8f8de36d00dc0ded0efc0caa3b26685ab138a9","1","https://github.com/BAITC-Hacks/hack-12fc7280-pav1zz"
"1377288442","PDElicious","discovered","","","0","https://github.com/BAITC-Hacks/hack-3ac459d8-pdelicious"
"1377494608","Peace Data","ready","","1a7c2d042da8433e2a34e816cf02bcd688ee45d4","1","https://github.com/BAITC-Hacks/hack-25b6d1c6-peace-data"
"1374078043","PeakVision v1","discovered","","","0","https://github.com/BAITC-Hacks/hack-f14297ed-peakvision-v1"
"1362796658","PEEP","discovered","","","0","https://github.com/BAITC-Hacks/hack-c6826b6b-peep"
"1377491116","Pentium AI","discovered","","","0","https://github.com/BAITC-Hacks/hack-f0e17446-pentium-ai"
"1375694866","Petroleum","discovered","","","0","https://github.com/BAITC-Hacks/hack-e640c7de-petroleum"
"1377488201","PFS","discovered","","","0","https://github.com/BAITC-Hacks/hack-c442f812-pfs"
"1381735982","phant0m","discovered","","","0","https://github.com/BAITC-Hacks/hack-e7fa977b-phant0m"
"1378414084","Philadelphia","discovered","","","0","https://github.com/BAITC-Hacks/hack-76645a5d-philadelphia"
"1365909457","Phoenix","discovered","","","0","https://github.com/BAITC-Hacks/hack-40633a61-phoenix"
"1378665912","Phormeta","ready","","89b230484ee22c838cbf8d09acddaa543bbc3271","1","https://github.com/BAITC-Hacks/hack-34c9818c-phormeta"
"1379878700","Phormeta","discovered","","","0","https://github.com/BAITC-Hacks/hack-ce5c439d-phormeta"
"1371160294","Pied Piper","discovered","","","0","https://github.com/BAITC-Hacks/hack-81a682a7-pied-piper"
"1373361385","Pied Piper","discovered","","","0","https://github.com/BAITC-Hacks/hack-4c401bd7-pied-piper"
"1379775346","pineapple","discovered","","","0","https://github.com/BAITC-Hacks/hack-4d491ae1-pineapple"
"1376078393","ping999","discovered","","","0","https://github.com/BAITC-Hacks/hack-6b970593-ping999"
"1374003393","Piorphism","discovered","","","0","https://github.com/BAITC-Hacks/hack-ae1d9d37-piorphism"
"1370988500","PipeVision","discovered","","","0","https://github.com/BAITC-Hacks/hack-ce353db6-pipevision"
"1370052930","pITchers","discovered","","","0","https://github.com/BAITC-Hacks/hack-604531bc-pitchers"
"1374432305","PixelHack","discovered","","","0","https://github.com/BAITC-Hacks/hack-fbbcdce5-pixelhack"
"1376084395","Pixie","discovered","","","0","https://github.com/BAITC-Hacks/hack-78e8e63e-pixie"
"1379826678","Plancton","discovered","","","0","https://github.com/BAITC-Hacks/hack-60158f0e-plancton"
"1364161447","plankton","ready","","3641477156c0dfe7736177f35f34cd5bc572ab44","1","https://github.com/BAITC-Hacks/hack-1869508f-plankton"
"1362378396","PlanP","ready","","6080664be63e65048bd07700dc7e72115a2b37e7","45","https://github.com/BAITC-Hacks/hack-2dfc4dce-planp"
"1374049206","play4bow","discovered","","","0","https://github.com/BAITC-Hacks/hack-424c7cf5-play4bow"
"1379778441","play4bow","discovered","","","0","https://github.com/BAITC-Hacks/hack-b6edf09d-play4bow"
"1381740943","plij1","discovered","","","0","https://github.com/BAITC-Hacks/hack-87adf701-plij1"
"1365774419","PLT-AI Team","discovered","","","0","https://github.com/BAITC-Hacks/hack-cc9bc6b8-plt-ai-team"
"1381628030","plunkton","discovered","","","0","https://github.com/BAITC-Hacks/hack-edbf8a5d-plunkton"
"1360400776","plus","discovered","","","0","https://github.com/BAITC-Hacks/hack-9dd7b5f3-plus"
"1364958934","plusvibe","discovered","","","0","https://github.com/BAITC-Hacks/hack-b6e2b780-plusvibe"
"1381631861","pocahontasabi","discovered","","","0","https://github.com/BAITC-Hacks/hack-4c652225-pocahontasabi"
"1374260409","Podorozhnik","discovered","","","0","https://github.com/BAITC-Hacks/hack-5bbce048-podorozhnik"
"1381679650","poedolfj","discovered","","","0","https://github.com/BAITC-Hacks/hack-4c618c88-poedolfj"
"1370446667","Pogancy","discovered","","","0","https://github.com/BAITC-Hacks/hack-516020f0-pogancy"
"1371432000","Pogancy","ready","","2f0583d9966930060274273556bf6668e4d5f3dc","1","https://github.com/BAITC-Hacks/hack-12ceccc2-pogancy"
"1379825673","Pogancy","discovered","","","0","https://github.com/BAITC-Hacks/hack-8c8febe4-pogancy"
"1371327496","Pokahz","discovered","","","0","https://github.com/BAITC-Hacks/hack-9d799c9a-pokahz"
"1377140373","PolWokerAndPolWoker","discovered","","","0","https://github.com/BAITC-Hacks/hack-a9cf6769-polwokerandpolwoker"
"1367134674","PolyTech team","discovered","","","0","https://github.com/BAITC-Hacks/hack-8f7db8c1-polytech-team"
"1372958558","pop-Eyes Team","discovered","","","0","https://github.com/BAITC-Hacks/hack-5e4631a9-pop-eyes-team"
"1371079910","Power of Oil&Gas","discovered","","","0","https://github.com/BAITC-Hacks/hack-a00ee6a5-power-of-oil-gas"
"1367233208","Powerpuff","discovered","","","0","https://github.com/BAITC-Hacks/hack-beb0181c-powerpuff"
"1377050914","Pozers","discovered","","","0","https://github.com/BAITC-Hacks/hack-ad95268c-pozers"
"1381693757","pozich","ready","","e4d7d9831b8eb9390bf8ed11a42d482ad0e55b3f","1","https://github.com/BAITC-Hacks/hack-04299223-pozich"
"1381761590","PrasomTR","discovered","","","0","https://github.com/BAITC-Hacks/hack-ce49f38d-prasomtr"
"1372970198","Preflight-среда","discovered","","","0","https://github.com/BAITC-Hacks/hack-42cf5332-preflight"
"1381709248","Priamoryki","discovered","","","0","https://github.com/BAITC-Hacks/hack-c5c7d80b-priamoryki"
"1375404174","Prime","discovered","","","0","https://github.com/BAITC-Hacks/hack-c2cd0cc5-prime"
"1376246678","print('Success')","discovered","","","0","https://github.com/BAITC-Hacks/hack-d130177e-print-success"
"1381644319","ProGram-ing350","discovered","","","0","https://github.com/BAITC-Hacks/hack-e0f5bcd8-program-ing350"
"1377062843","ProGulSHIK II","discovered","","","0","https://github.com/BAITC-Hacks/hack-67f2bb71-progulshik-ii"
"1374214340","Project X","ready","","381d6c24e1a5c4200ca5e1797524dc00764779e1","1","https://github.com/BAITC-Hacks/hack-2143a06e-project-x"
"1371821397","ProjectZero team","discovered","","","0","https://github.com/BAITC-Hacks/hack-55232f74-projectzero-team"
"1353558522","prompt","ready","","dbc3f440d8c30e41bc74b441de7642320dc375b7","149","https://github.com/BAITC-Hacks/hack-0d09e99e-prompt"
"1378146935","Prompt & Pray","discovered","","","0","https://github.com/BAITC-Hacks/hack-c605d847-prompt-pray"
"1379474464","Prompt & Pray","discovered","","","0","https://github.com/BAITC-Hacks/hack-45f37d3b-prompt-pray"
"1361382223","Prompt Chiefs","ready","","50c67cdc4db27bc0b3fcffca1a678735cb355c3c","27","https://github.com/BAITC-Hacks/hack-0b120e34-prompt-chiefs"
"1369670269","PROMPT ENGINEERS","discovered","","","0","https://github.com/BAITC-Hacks/hack-a496d127-prompt-engineers"
"1377467149","Prompt Raiders","discovered","","","0","https://github.com/BAITC-Hacks/hack-57ce7a11-prompt-raiders"
"1367211746","Prompt&Pray","discovered","","","0","https://github.com/BAITC-Hacks/hack-a48bb046-prompt-pray"
"1353806347","Prompt-Chaos","discovered","","","0","https://github.com/BAITC-Hacks/hack-554371cb-prompt-chaos"
"1373085989","PromptAgents","discovered","","","0","https://github.com/BAITC-Hacks/hack-74b0d694-promptagents"
"1363914082","Proof by Intimidation","discovered","","","0","https://github.com/BAITC-Hacks/hack-82e6beb1-proof-by-intimidation"
"1375635460","ProofFlow","discovered","","","0","https://github.com/BAITC-Hacks/hack-fd685e04-proofflow"
"1378000222","PROTOCOL","discovered","","","0","https://github.com/BAITC-Hacks/hack-b648c353-protocol"
"1375870040","ProX","ready","","7cfe14182f1141c08d0a6436fdd10f2f3001cf5e","1","https://github.com/BAITC-Hacks/hack-2e92caac-prox"
"1359914570","PseudoCoders","ready","","2d187a48662903606bf898d8dd2ca869f49a13a0","1","https://github.com/BAITC-Hacks/hack-0b2da144-pseudocoders"
"1381697243","PseudoJoker-1","discovered","","","0","https://github.com/BAITC-Hacks/hack-3ee3b28d-pseudojoker-1"
"1380131344","PSIOP","ready","","02469e251f74b5ee24efe39d121d8222b6fb5ca7","1","https://github.com/BAITC-Hacks/hack-1cfc8dea-psiop"
"1365778518","PsychAI","ready","","1a7b65036ee5d894d32e51a67293312125ad67e3","16","https://github.com/BAITC-Hacks/hack-2c05448e-psychai"
"1361048885","PTS","discovered","","","0","https://github.com/BAITC-Hacks/hack-4b361c78-pts"
"1377506934","Publish or Perish","ready","","1cf34d598a956c57313c33e39c58997f3cbe9aec","52","https://github.com/BAITC-Hacks/hack-24299c5d-publish-or-perish"
"1371406059","PUDGE","discovered","","","0","https://github.com/BAITC-Hacks/hack-de8fc269-pudge"
"1356118612","Pull Request","discovered","","","0","https://github.com/BAITC-Hacks/hack-772e712d-pull-request"
"1369431237","Pulse","discovered","","","0","https://github.com/BAITC-Hacks/hack-7933d146-pulse"
"1381761135","Pureshko","discovered","","","0","https://github.com/BAITC-Hacks/hack-d60ad07e-pureshko"
"1377359346","pusheen","discovered","","","0","https://github.com/BAITC-Hacks/hack-fd9b6e31-pusheen"
"1375910797","Pushin’ Code","ready","","c68c84c7a13b7e0a45cb60e06d5fdce313806dc1","344","https://github.com/BAITC-Hacks/hack-07de2d2d-pushin-code"
"1379712387","pushok","ready","","03e82a76969ef6042be2e066668f68722bbc3266","3","https://github.com/BAITC-Hacks/hack-1966b7f6-pushok"
"1378484836","PZR","ready","","cdcef3debf68239704aa0fa9f81dee5d4071d419","1","https://github.com/BAITC-Hacks/hack-05fc83cb-pzr"
"1381694458","Q","discovered","","","0","https://github.com/BAITC-Hacks/hack-f6dd28fc-q"
"1375417657","Q-COLDI","ready","","4426baea787497333942e80a07c3d55656b90827","1","https://github.com/BAITC-Hacks/hack-1539d0b0-q-coldi"
"1367710615","Q-TEAM","discovered","","","0","https://github.com/BAITC-Hacks/hack-7eaa6368-q-team"
"1374273825","q-tokbasy","discovered","","","0","https://github.com/BAITC-Hacks/hack-3dc8cc4f-q-tokbasy"
"1354100004","Q.gen","discovered","","","0","https://github.com/BAITC-Hacks/hack-f4c7cd15-q-gen"
"1376036500","QAD","ready","","2c56594b51681deb9bafe14a8b260827bb9c9d71","1","https://github.com/BAITC-Hacks/hack-0e8289a1-qad"
"1369450365","QADAM","discovered","","","0","https://github.com/BAITC-Hacks/hack-5ddfd007-qadam"
"1371325654","QADAM","discovered","","","0","https://github.com/BAITC-Hacks/hack-f7f0167c-qadam"
"1362928417","Qadam AI","discovered","","","0","https://github.com/BAITC-Hacks/hack-e23c8ea3-qadam-ai"
"1377193689","Qadam Code","discovered","","","0","https://github.com/BAITC-Hacks/hack-aa5ef994-qadam-code"
"1361001083","Qadam Tech","discovered","","","0","https://github.com/BAITC-Hacks/hack-c1535a6c-qadam-tech"
"1364529031","QAIRAT","discovered","","","0","https://github.com/BAITC-Hacks/hack-beef8343-qairat"
"1374434952","Qalam Ai","discovered","","","0","https://github.com/BAITC-Hacks/hack-9765e6ac-qalam-ai"
"1361440692","Qalau","discovered","","","0","https://github.com/BAITC-Hacks/hack-5ae1f393-qalau"
"1362674531","QALDY AI","discovered","","","0","https://github.com/BAITC-Hacks/hack-efa741b1-qaldy-ai"
"1379815131","QALDY AI","ready","","919854d0f659b69a3fbd11191c8ddd4887e4fce9","12","https://github.com/BAITC-Hacks/hack-1b4e8976-qaldy-ai"
"1376162728","Qalqan","discovered","","","0","https://github.com/BAITC-Hacks/hack-825c99b9-qalqan"
"1367588924","Qamqor","ready","","15887423aa3e04f0913022274c2d886bb37fb254","40","https://github.com/BAITC-Hacks/hack-181c6071-qamqor"
"1366456030","QamQor.ai","discovered","","","0","https://github.com/BAITC-Hacks/hack-cd37b294-qamqor-ai"
"1377216824","Qanat","ready","","0dbfb084a56d729bff221243cf21839b33be276f","10","https://github.com/BAITC-Hacks/hack-060b71bf-qanat"
"1378488948","Qara Buqa","discovered","","","0","https://github.com/BAITC-Hacks/hack-e652284a-qara-buqa"
"1378491046","Qarakus","ready","","dc6ed833ce2426accaaa7b4e781a6285b0d3d6f1","50","https://github.com/BAITC-Hacks/hack-226429c9-qarakus"
"1349693006","Qarapaiym","discovered","","","0","https://github.com/BAITC-Hacks/hack-aac97b57-qarapaiym"
"1371320521","Qarapayim","discovered","","","0","https://github.com/BAITC-Hacks/hack-b16a4da2-qarapayim"
"1381735842","qaratop","discovered","","","0","https://github.com/BAITC-Hacks/hack-4a8e4b81-qaratop"
"1375653084","Qarjy","discovered","","","0","https://github.com/BAITC-Hacks/hack-729a77a0-qarjy"
"1379711976","Qarqyn","discovered","","","0","https://github.com/BAITC-Hacks/hack-b884deee-qarqyn"
"1381757782","qazaqqyzzz","discovered","","","0","https://github.com/BAITC-Hacks/hack-7f8897fb-qazaqqyzzz"
"1356758299","Qazaqstan Investment Corporation","discovered","","","0","https://github.com/BAITC-Hacks/hack-7d9b66c3-qazaqstan-investment-corporation"
"1357168844","QazaqTalk","discovered","","","0","https://github.com/BAITC-Hacks/hack-fd6a9e11-qazaqtalk"
"1376038567","QazCodeAi","discovered","","","0","https://github.com/BAITC-Hacks/hack-ae70acd2-qazcodeai"
"1374390362","QazGovAI","discovered","","","0","https://github.com/BAITC-Hacks/hack-d229d989-qazgovai"
"1381717727","Qazy","discovered","","","0","https://github.com/BAITC-Hacks/hack-dbaa0969-qazy"
"1360497642","Qazyna","discovered","","","0","https://github.com/BAITC-Hacks/hack-c8f31fa0-qazyna"
"1381691663","qber123","discovered","","","0","https://github.com/BAITC-Hacks/hack-72316ba4-qber123"
"1371446792","QBERS","discovered","","","0","https://github.com/BAITC-Hacks/hack-b53220ee-qbers"
"1381742132","qbotskz","discovered","","","0","https://github.com/BAITC-Hacks/hack-a64c801a-qbotskz"
"1377402040","QBrick","discovered","","","0","https://github.com/BAITC-Hacks/hack-5b3a74f4-qbrick"
"1366436421","QForce","discovered","","","0","https://github.com/BAITC-Hacks/hack-c97ff474-qforce"
"1375987892","Qiwi na abaya","discovered","","","0","https://github.com/BAITC-Hacks/hack-fdf07103-qiwi-na-abaya"
"1376261384","QLCD","ready","","537466fcbf8b86a827f002fc8d916a11d582d712","58","https://github.com/BAITC-Hacks/hack-0edd372c-qlcd"
"1375624705","QLES","discovered","","","0","https://github.com/BAITC-Hacks/hack-c99552ec-qles"
"1362420078","QNT","discovered","","","0","https://github.com/BAITC-Hacks/hack-6fc77c04-qnt"
"1378360881","QonimAI","discovered","","","0","https://github.com/BAITC-Hacks/hack-bdc1bfee-qonimai"
"1377329579","Qorgan","discovered","","","0","https://github.com/BAITC-Hacks/hack-443872b9-qorgan"
"1379175412","Qorgan","discovered","","","0","https://github.com/BAITC-Hacks/hack-9ac93bf8-qorgan"
"1370897359","QosQanat","discovered","","","0","https://github.com/BAITC-Hacks/hack-7b90b090-qosqanat"
"1381763744","qsheker","discovered","","","0","https://github.com/BAITC-Hacks/hack-80a436bf-qsheker"
"1381716822","Quangerzxc","discovered","","","0","https://github.com/BAITC-Hacks/hack-c8309810-quangerzxc"
"1361166412","Quantara","ready","","e414b815cf048c2c2afa1beee5c826fdd5a4ab31","1","https://github.com/BAITC-Hacks/hack-0f7c5371-quantara"
"1377387580","Quantum","discovered","","","0","https://github.com/BAITC-Hacks/hack-5f99b070-quantum"
"1375524703","Quark","discovered","","","0","https://github.com/BAITC-Hacks/hack-75f1e6a5-quark"
"1373951785","Quasar","ready","","9b24c2ceba0d2af9594c8e71a49bf7871ca6581f","1","https://github.com/BAITC-Hacks/hack-0ef66f19-quasar"
"1374209457","Quasaruins","discovered","","","0","https://github.com/BAITC-Hacks/hack-9760174d-quasaruins"
"1377303997","QURA team","ready","","c4ac838917d744735e38bc42886b75780a384ff0","1","https://github.com/BAITC-Hacks/hack-0c2e4d3d-qura-team"
"1381635482","Qw3rty228","discovered","","","0","https://github.com/BAITC-Hacks/hack-47c907b5-qw3rty228"
"1283777253","qwe","discovered","","","0","https://github.com/BAITC-Hacks/hack-cb541497-qwe"
"1381689329","qwertl06ang","discovered","","","0","https://github.com/BAITC-Hacks/hack-6c1cc162-qwertl06ang"
"1371335141","qwerty","ready","","cc0473817929368435dff0b23ade28c9da17c432","26","https://github.com/BAITC-Hacks/hack-0af01aee-qwerty"
"1374394411","qwerty","discovered","","","0","https://github.com/BAITC-Hacks/hack-8920fc77-qwerty"
"1377029268","Qwerty","discovered","","","0","https://github.com/BAITC-Hacks/hack-6776da01-qwerty"
"1378192462","qwerty123","ready","","be8e54de5acb0500577ba26428f263abd5056247","1","https://github.com/BAITC-Hacks/hack-37f886c8-qwerty123"
"1379819504","qwerty123","discovered","","","0","https://github.com/BAITC-Hacks/hack-d6841b00-qwerty123"
"1363853261","QwertyS","discovered","","","0","https://github.com/BAITC-Hacks/hack-c0c67068-qwertys"
"1381729014","qwqed1","ready","","dbecd7cb30a01bff90b8cd6ede013f7a20f27805","1","https://github.com/BAITC-Hacks/hack-3300bc8e-qwqed1"
"1361021471","Qylysh","discovered","","","0","https://github.com/BAITC-Hacks/hack-a0eb41ff-qylysh"
"1379789988","qylysh","discovered","","","0","https://github.com/BAITC-Hacks/hack-d1b7b5da-qylysh"
"1376819439","Qyran","discovered","","","0","https://github.com/BAITC-Hacks/hack-47e30c13-qyran"
"1377477401","QyzCode","ready","","38458164cff6d64761ce8f6f9858c6fac78f9d65","33","https://github.com/BAITC-Hacks/hack-2819b8c3-qyzcode"
"1376918393","Qyzdar","discovered","","","0","https://github.com/BAITC-Hacks/hack-b03155de-qyzdar"
"1370316753","Qyzmet","ready","","c4b1bb9c997f454b17f02c33cfbf7f8c42252f3e","1","https://github.com/BAITC-Hacks/hack-2fc75a58-qyzmet"
"1366582825","Qyz³","discovered","","","0","https://github.com/BAITC-Hacks/hack-ab96657e-qyz"
"1377016423","Qzenix","discovered","","","0","https://github.com/BAITC-Hacks/hack-626c00fe-qzenix"
"1379699973","Qzenixx(Test)","discovered","","","0","https://github.com/BAITC-Hacks/hack-4bf2964a-qzenixx-test"
"1378491150","R2C","discovered","","","0","https://github.com/BAITC-Hacks/hack-4fa785fd-r2c"
"1374265460","rA9","discovered","","","0","https://github.com/BAITC-Hacks/hack-f2ece5dd-ra9"
"1375496882","rabi-gulnaz","discovered","","","0","https://github.com/BAITC-Hacks/hack-9c881983-rabi-gulnaz"
"1376986228","Radiants","ready","","ea3b2a821a58fe846a2bb9eb6d7570e7af14df19","147","https://github.com/BAITC-Hacks/hack-29a4db0a-radiants"
"1361202642","RadiVaiba","discovered","","","0","https://github.com/BAITC-Hacks/hack-4a947dc4-radivaiba"
"1379849718","ragovstan","discovered","","","0","https://github.com/BAITC-Hacks/hack-78f040f5-ragovstan"
"1377473912","raha-1805","discovered","","","0","https://github.com/BAITC-Hacks/hack-e8ffbfdb-raha-1805"
"1372946211","Railbase","discovered","","","0","https://github.com/BAITC-Hacks/hack-ce72d95c-railbase"
"1381719784","Raim5","discovered","","","0","https://github.com/BAITC-Hacks/hack-82710d4f-raim5"
"1379677511","raissov","discovered","","","0","https://github.com/BAITC-Hacks/hack-cd814309-raissov"
"1381689463","raiymb","discovered","","","0","https://github.com/BAITC-Hacks/hack-c6f8044f-raiymb"
"1381632180","rakh1mbayev","discovered","","","0","https://github.com/BAITC-Hacks/hack-5d85f3f7-rakh1mbayev"
"1363825458","Raki","discovered","","","0","https://github.com/BAITC-Hacks/hack-c26997ee-raki"
"1371346068","RakiTeam","discovered","","","0","https://github.com/BAITC-Hacks/hack-9da241cf-rakiteam"
"1379636625","RakiTeam","discovered","","","0","https://github.com/BAITC-Hacks/hack-668ee5b7-rakiteam"
"1374996205","Raknihc","discovered","","","0","https://github.com/BAITC-Hacks/hack-f5a948f8-raknihc"
"1365826803","RAM Network","discovered","","","0","https://github.com/BAITC-Hacks/hack-6cfe7a0f-ram-network"
"1381701047","ramazan","discovered","","","0","https://github.com/BAITC-Hacks/hack-9ad86191-ramazan"
"1360318804","RAN Team","ready","","4e3454a597ea9fa0d965eb5b0a162f59cbee03d9","1","https://github.com/BAITC-Hacks/hack-2b7d6b98-ran-team"
"1371310342","RAN Team","discovered","","","0","https://github.com/BAITC-Hacks/hack-bf767683-ran-team"
"1381761231","Ranterqq1","discovered","","","0","https://github.com/BAITC-Hacks/hack-fe5944db-ranterqq1"
"1376099803","Rasch Decisions","discovered","","","0","https://github.com/BAITC-Hacks/hack-9fcca245-rasch-decisions"
"1381697480","RASHIDo3i2jo23i","discovered","","","0","https://github.com/BAITC-Hacks/hack-84b88621-rashido3i2jo23i"
"1381396264","RaspberryPi","discovered","","","0","https://github.com/BAITC-Hacks/hack-517f7af7-raspberrypi"
"1376157363","rassengan","discovered","","","0","https://github.com/BAITC-Hacks/hack-77644574-rassengan"
"1379838341","rassengannn","discovered","","","0","https://github.com/BAITC-Hacks/hack-75934820-rassengannn"
"1381660965","Rasul04","ready","","0a0dca8180471c558515c299f88e4f94ff373c0a","1","https://github.com/BAITC-Hacks/hack-1e554dcb-rasul04"
"1381676031","Rasul1028","discovered","","","0","https://github.com/BAITC-Hacks/hack-bddc5bdc-rasul1028"
"1353805424","Ratisho","discovered","","","0","https://github.com/BAITC-Hacks/hack-a6c63efe-ratisho"
"1371294502","Ratisho","discovered","","","0","https://github.com/BAITC-Hacks/hack-f22098d5-ratisho"
"1379724226","Ratisho","discovered","","","0","https://github.com/BAITC-Hacks/hack-58a6f55f-ratisho"
"1362683552","RAU","discovered","","","0","https://github.com/BAITC-Hacks/hack-e0a96dff-rau"
"1377295273","Rauan","discovered","","","0","https://github.com/BAITC-Hacks/hack-bda1ac65-rauan"
"1381722594","Rauann21","discovered","","","0","https://github.com/BAITC-Hacks/hack-d68741f5-rauann21"
"1381668504","raymaksot","discovered","","","0","https://github.com/BAITC-Hacks/hack-be67b5a7-raymaksot"
"1361346867","rayon gosuslug","discovered","","","0","https://github.com/BAITC-Hacks/hack-b84ccaa9-rayon-gosuslug"
"1381753907","rayongold573-blip","discovered","","","0","https://github.com/BAITC-Hacks/hack-3acf7425-rayongold573-blip"
"1381724230","rbek","discovered","","","0","https://github.com/BAITC-Hacks/hack-4a368ff6-rbek"
"1362715718","rdg","discovered","","","0","https://github.com/BAITC-Hacks/hack-ee687ca2-rdg"
"1377479047","RDM code","discovered","","","0","https://github.com/BAITC-Hacks/hack-8e42af59-rdm-code"
"1374500662","RDЕvibe","discovered","","","0","https://github.com/BAITC-Hacks/hack-7f67d212-rd-vibe"
"1381756999","RealKazbek","discovered","","","0","https://github.com/BAITC-Hacks/hack-f53ed8c7-realkazbek"
"1376075705","Recore","discovered","","","0","https://github.com/BAITC-Hacks/hack-560bf3e9-recore"
"1377399443","REday","discovered","","","0","https://github.com/BAITC-Hacks/hack-ad72ed0a-reday"
"1362644649","RedOrda","ready","","2a1ba88aa65c38a5ed54e6e254e48b5272a9d72d","185","https://github.com/BAITC-Hacks/hack-182682a3-redorda"
"1379772027","RedOrda","discovered","","","0","https://github.com/BAITC-Hacks/hack-e421de3b-redorda"
"1353227153","RedRed","discovered","","","0","https://github.com/BAITC-Hacks/hack-63e62cb7-redred"
"1375697278","RedRobin","ready","","cdf9f19297f7b7fca65b9fc7daa1c364e6383fc9","57","https://github.com/BAITC-Hacks/hack-1b815292-redrobin"
"1379938856","RedRobin","discovered","","","0","https://github.com/BAITC-Hacks/hack-ec8f103b-redrobin"
"1381700389","Ref4te","discovered","","","0","https://github.com/BAITC-Hacks/hack-f9f1e814-ref4te"
"1376242445","Refrigerators","ready","","476dae321edb7faf2c34da83e4cffa59bbf70ce6","66","https://github.com/BAITC-Hacks/hack-0105a7f9-refrigerators"
"1381471716","ReGain","ready","","230c0590d3197b751d5147ff55d3159a0856ffb4","1","https://github.com/BAITC-Hacks/hack-2c8e5dc4-regain"
"1373260810","regulardude333","discovered","","","0","https://github.com/BAITC-Hacks/hack-aa972e98-regulardude333"
"1381639721","reinsparrow","ready","","11191cfdf71b6d8e43ec695bda67c4f24818c1d7","1","https://github.com/BAITC-Hacks/hack-0bb056a0-reinsparrow"
"1374668483","reject","ready","","9867935b30e5c12ebc04d615105140b225dbc14d","1","https://github.com/BAITC-Hacks/hack-166e37b3-reject"
"1360957614","RentBox","discovered","","","0","https://github.com/BAITC-Hacks/hack-575875e7-rentbox"
"1379899393","repit_test","discovered","","","0","https://github.com/BAITC-Hacks/hack-47cd29ee-repit-test"
"1369597860","requiem","discovered","","","0","https://github.com/BAITC-Hacks/hack-510e990a-requiem"
"1372965555","Res Novae","ready","","26d6e1d0591e7f319c295a4f6297c1727027890f","1","https://github.com/BAITC-Hacks/hack-0cebe681-res-novae"
"1373213814","Resource","discovered","","","0","https://github.com/BAITC-Hacks/hack-4bb3095c-resource"
"1373741803","Retry","discovered","","","0","https://github.com/BAITC-Hacks/hack-548e2095-retry"
"1352050090","Revenant","discovered","","","0","https://github.com/BAITC-Hacks/hack-3c772900-revenant"
"1374387154","Revenant","discovered","","","0","https://github.com/BAITC-Hacks/hack-5bea9cec-revenant"
"1381765220","rgnnm","discovered","","","0","https://github.com/BAITC-Hacks/hack-abd7d21b-rgnnm"
"1376406309","Rhythmus","discovered","","","0","https://github.com/BAITC-Hacks/hack-63fe612a-rhythmus"
"1368266622","Rianor","discovered","","","0","https://github.com/BAITC-Hacks/hack-7c212347-rianor"
"1379641383","Rianor","discovered","","","0","https://github.com/BAITC-Hacks/hack-6db9903f-rianor"
"1351363773","Richards","discovered","","","0","https://github.com/BAITC-Hacks/hack-4fddc4e5-richards"
"1381677167","Rinatt-12","discovered","","","0","https://github.com/BAITC-Hacks/hack-b2098201-rinatt-12"
"1374234629","Rio","ready","","a2f27e04f6eae9e307748a56603dff87099f76ee","41","https://github.com/BAITC-Hacks/hack-009717fe-rio"
"1374264703","Rio","discovered","","","0","https://github.com/BAITC-Hacks/hack-c24a4845-rio"
"1378165153","Rise","discovered","","","0","https://github.com/BAITC-Hacks/hack-fd130a18-rise"
"1379708310","Rizz Agent","discovered","","","0","https://github.com/BAITC-Hacks/hack-d1ce9456-rizz-agent"
"1366526533","Rizz Agents","discovered","","","0","https://github.com/BAITC-Hacks/hack-414276c9-rizz-agents"
"1379522383","RKK TEAM","discovered","","","0","https://github.com/BAITC-Hacks/hack-fa73a291-rkk-team"
"1359480723","RKT96","discovered","","","0","https://github.com/BAITC-Hacks/hack-764a3f4b-rkt96"
"1377303376","RM Edtech","discovered","","","0","https://github.com/BAITC-Hacks/hack-f0370cc6-rm-edtech"
"1369579901","RmT","ready","","fe325fa7977af3cc0c3cf58be31f0073c936e8f8","24","https://github.com/BAITC-Hacks/hack-0ac3a7a7-rmt"
"1379549400","RMT","discovered","","","0","https://github.com/BAITC-Hacks/hack-713f67ec-rmt"
"1372931214","RND Technologies Lab","ready","","18ec1d95849665044a17d36154bfb6b55a63c690","1","https://github.com/BAITC-Hacks/hack-32d14499-rnd-technologies-lab"
"1374405579","Robotic industries","discovered","","","0","https://github.com/BAITC-Hacks/hack-75167a48-robotic-industries"
"1371365376","rofpearl","discovered","","","0","https://github.com/BAITC-Hacks/hack-711945eb-rofpearl"
"1377237579","Romanix","ready","","d5ab3ce33e11bd70011d296447260b14b002704b","1","https://github.com/BAITC-Hacks/hack-23013e99-romanix"
"1349767648","Ronan","ready","","f8a37a8fb611a619d1090ebf0f75553f1c8cdf3b","86","https://github.com/BAITC-Hacks/hack-25dafc95-ronan"
"1371337126","RONANS","discovered","","","0","https://github.com/BAITC-Hacks/hack-afb42fdd-ronans"
"1367264120","RONIN","discovered","","","0","https://github.com/BAITC-Hacks/hack-dac500f0-ronin"
"1370014148","RoughSeaLabs","discovered","","","0","https://github.com/BAITC-Hacks/hack-f92c1d3c-roughsealabs"
"1381636727","rrusllanuly","ready","","c385e261926eb71ec94f5eab0bd52c2e2dafd163","1","https://github.com/BAITC-Hacks/hack-10103a9e-rrusllanuly"
"1381750603","rubyjane3","discovered","","","0","https://github.com/BAITC-Hacks/hack-b96acd5d-rubyjane3"
"1369948952","Rumba","discovered","","","0","https://github.com/BAITC-Hacks/hack-d4b10426-rumba"
"1379675817","Rumba 2","discovered","","","0","https://github.com/BAITC-Hacks/hack-911e81ca-rumba-2"
"1356343436","Runtime Guardians — securing AI systems in real time","discovered","","","0","https://github.com/BAITC-Hacks/hack-f202606f-runtime-guardians-securing-ai-systems-in-real-time"
"1373190543","Ruselle LTD","discovered","","","0","https://github.com/BAITC-Hacks/hack-a67b666f-ruselle-ltd"
"1371789099","Rush Hour","discovered","","","0","https://github.com/BAITC-Hacks/hack-613e797d-rush-hour"
"1381716969","ruwbine","discovered","","","0","https://github.com/BAITC-Hacks/hack-3842a67a-ruwbine"
"1381679367","rxritet","discovered","","","0","https://github.com/BAITC-Hacks/hack-f7f3b461-rxritet"
"1376226848","RY-nex","discovered","","","0","https://github.com/BAITC-Hacks/hack-ce548873-ry-nex"
"1381695076","rymatick","discovered","","","0","https://github.com/BAITC-Hacks/hack-3d045ec0-rymatick"
"1381651172","rzanbatyr","discovered","","","0","https://github.com/BAITC-Hacks/hack-44b625e0-rzanbatyr"
"1381658059","s","discovered","","","0","https://github.com/BAITC-Hacks/hack-93fae131-s"
"1381670691","s1ga0","discovered","","","0","https://github.com/BAITC-Hacks/hack-f7cc535b-s1ga0"
"1372878171","SA-3","ready","","f242f5b783f4296e3f02eef4f0209886c9d456d1","26","https://github.com/BAITC-Hacks/hack-130eadd9-sa-3"
"1381706148","Saafrac","ready","","7fae08e9a0432dbe83f5e5b4ea9860782f09ba2f","1","https://github.com/BAITC-Hacks/hack-02eb1d31-saafrac"
"1375379251","Saber","discovered","","","0","https://github.com/BAITC-Hacks/hack-8801c8e6-saber"
"1379599342","Sabina I love you","ready","","b298cbf103429a4add588c45cf89cfb30fab156b","3","https://github.com/BAITC-Hacks/hack-1f4e2e8c-sabina-i-love-you"
"1381656527","sabinamukash66-oss","discovered","","","0","https://github.com/BAITC-Hacks/hack-d4e0dc70-sabinamukash66-oss"
"1381658913","Sabinochkaaa","discovered","","","0","https://github.com/BAITC-Hacks/hack-49b04242-sabinochkaaa"
"1381729644","sabrsabr","discovered","","","0","https://github.com/BAITC-Hacks/hack-57f6bd32-sabrsabr"
"1349954200","Sad Pinocchio with a hat","discovered","","","0","https://github.com/BAITC-Hacks/hack-49a59521-sad-pinocchio-with-a-hat"
"1381690468","Sagalan","discovered","","","0","https://github.com/BAITC-Hacks/hack-73dbb242-sagalan"
"1381649733","Sagyngali567","discovered","","","0","https://github.com/BAITC-Hacks/hack-5b2f861d-sagyngali567"
"1379768677","SAI","discovered","","","0","https://github.com/BAITC-Hacks/hack-a6a987df-sai"
"1377389159","Said AI","discovered","","","0","https://github.com/BAITC-Hacks/hack-802e33c8-said-ai"
"1360443645","Saint Tibo","discovered","","","0","https://github.com/BAITC-Hacks/hack-a58598e0-saint-tibo"
"1379455187","SakenAI","discovered","","","0","https://github.com/BAITC-Hacks/hack-80c3dec9-sakenai"
"1366517088","Salem","discovered","","","0","https://github.com/BAITC-Hacks/hack-8aa2aaa2-salem"
"1381733122","sam","discovered","","","0","https://github.com/BAITC-Hacks/hack-4a0456f7-sam"
"1374231719","sam & co","discovered","","","0","https://github.com/BAITC-Hacks/hack-83328da5-sam-co"
"1381681822","Samal","discovered","","","0","https://github.com/BAITC-Hacks/hack-c2791168-samal"
"1381658626","samatshynybek","discovered","","","0","https://github.com/BAITC-Hacks/hack-f38ff157-samatshynybek"
"1381703226","Same","discovered","","","0","https://github.com/BAITC-Hacks/hack-c8a709e5-same"
"1381743091","samekeekz","discovered","","","0","https://github.com/BAITC-Hacks/hack-9b5865d2-samekeekz"
"1381733483","Samexx","discovered","","","0","https://github.com/BAITC-Hacks/hack-6b0e2e4e-samexx"
"1379718740","Samga","discovered","","","0","https://github.com/BAITC-Hacks/hack-f646e89d-samga"
"1378059906","Samga-AI","discovered","","","0","https://github.com/BAITC-Hacks/hack-ad91e510-samga-ai"
"1369810995","Samgau","discovered","","","0","https://github.com/BAITC-Hacks/hack-7ccada8c-samgau"
"1381733730","Samka","discovered","","","0","https://github.com/BAITC-Hacks/hack-99d54088-samka"
"1381732258","Samma","discovered","","","0","https://github.com/BAITC-Hacks/hack-9138d05d-samma"
"1381730022","samme","ready","","47ef2d064aa09994b107abc422b80111844b56d9","1","https://github.com/BAITC-Hacks/hack-28840cb7-samme"
"1381456328","Sample","ready","","edac346221f5b42ff2024082449040bc0236354e","1","https://github.com/BAITC-Hacks/hack-29c3ada2-sample"
"1365965919","SAMSA","discovered","","","0","https://github.com/BAITC-Hacks/hack-884f9a27-samsa"
"1373284947","SAMĞA AI","discovered","","","0","https://github.com/BAITC-Hacks/hack-f3c19fca-sam-a-ai"
"1376199310","San.ai","discovered","","","0","https://github.com/BAITC-Hacks/hack-8c2d1c68-san-ai"
"1354601932","SaNa","ready","","39ef694e94c71fb760d25eca7c1991903b8c1de3","52","https://github.com/BAITC-Hacks/hack-2036a781-sana"
"1367016121","SanaLab","discovered","","","0","https://github.com/BAITC-Hacks/hack-b2505c12-sanalab"
"1379832261","Sanat and Nurkeldi","discovered","","","0","https://github.com/BAITC-Hacks/hack-8e497648-sanat-and-nurkeldi"
"1376100012","Sandyq Qadam","discovered","","","0","https://github.com/BAITC-Hacks/hack-c35f7328-sandyq-qadam"
"1378327167","Sannur","discovered","","","0","https://github.com/BAITC-Hacks/hack-a1d2d4c7-sannur"
"1381764506","Sansay411","discovered","","","0","https://github.com/BAITC-Hacks/hack-99630a12-sansay411"
"1381633544","sansyzbaevsultan0510-cyber","discovered","","","0","https://github.com/BAITC-Hacks/hack-7c203c27-sansyzbaevsultan0510-cyber"
"1381628369","santaklaussus2004","discovered","","","0","https://github.com/BAITC-Hacks/hack-b1e731ad-santaklaussus2004"
"1360099062","Sanzhar","discovered","","","0","https://github.com/BAITC-Hacks/hack-eb483107-sanzhar"
"1381629501","sanzhar0216","ready","","7ba23f45f43618cf8565324c45ed369038a8bb37","1","https://github.com/BAITC-Hacks/hack-2638afcd-sanzhar0216"
"1361184661","SapaTech","discovered","","","0","https://github.com/BAITC-Hacks/hack-6e2e5c8b-sapatech"
"1378534542","SAQ","ready","","5ab6b1a8d08ad83494dc2a930b94a8d1309a420b","52","https://github.com/BAITC-Hacks/hack-0199cb6e-saq"
"1369889369","SAQ Digital","discovered","","","0","https://github.com/BAITC-Hacks/hack-ddb369dc-saq-digital"
"1371835154","SAQ Innovations","discovered","","","0","https://github.com/BAITC-Hacks/hack-eb6a2562-saq-innovations"
"1379832502","SAQ team","ready","","467812ce8c4d7224fe3cffea65d7cd92f9c15aa4","1","https://github.com/BAITC-Hacks/hack-0b64bf03-saq-team"
"1374421994","SAQTEK","ready","","0b6952c3cbfb09302e39455149a37dc794e3ca80","1","https://github.com/BAITC-Hacks/hack-0c5f3752-saqtek"
"1381679785","Sara","discovered","","","0","https://github.com/BAITC-Hacks/hack-c4643941-sara"
"1380051244","Sarinov","ready","","89f3fe02a33cdd54ab8b415c3b0a7270736f4c26","1","https://github.com/BAITC-Hacks/hack-1a8a3445-sarinov"
"1381755797","sarv1n0zrr","discovered","","","0","https://github.com/BAITC-Hacks/hack-b67fa3a3-sarv1n0zrr"
"1371426863","Saryarqa","discovered","","","0","https://github.com/BAITC-Hacks/hack-7a1d9647-saryarqa"
"1374831251","Saryarqa","discovered","","","0","https://github.com/BAITC-Hacks/hack-d5c78ff1-saryarqa"
"1379780540","saryarqa","discovered","","","0","https://github.com/BAITC-Hacks/hack-7ad93f28-saryarqa"
"1378424793","SaudaGer","discovered","","","0","https://github.com/BAITC-Hacks/hack-d7346464-saudager"
"1381705321","SauirbekA","discovered","","","0","https://github.com/BAITC-Hacks/hack-f42a4030-sauirbeka"
"1381653166","SauleZ","discovered","","","0","https://github.com/BAITC-Hacks/hack-56ff144a-saulez"
"1377370479","SauranDev","discovered","","","0","https://github.com/BAITC-Hacks/hack-a3674406-saurandev"
"1369769176","Sauron","discovered","","","0","https://github.com/BAITC-Hacks/hack-a83e1c43-sauron"
"1381677295","say-collab","discovered","","","0","https://github.com/BAITC-Hacks/hack-888124c3-say-collab"
"1381653751","sayat","ready","","63324f6408631a15803371dd5301de3b69cb7ffa","1","https://github.com/BAITC-Hacks/hack-151ca724-sayat"
"1381687455","sayat666","discovered","","","0","https://github.com/BAITC-Hacks/hack-6551e7f8-sayat666"
"1381654627","sayatsandibek","discovered","","","0","https://github.com/BAITC-Hacks/hack-bb5b24ce-sayatsandibek"
"1379803303","sazmak","discovered","","","0","https://github.com/BAITC-Hacks/hack-4b1d9f46-sazmak"
"1369209380","SBS Team","ready","","cfe01db609b3fe91dd18e4cbede994cf41343c5c","1","https://github.com/BAITC-Hacks/hack-12268adb-sbs-team"
"1368294116","sbs-tech","discovered","","","0","https://github.com/BAITC-Hacks/hack-93f1605f-sbs-tech"
"1371781703","Science is Elegant","discovered","","","0","https://github.com/BAITC-Hacks/hack-799cdcba-science-is-elegant"
"1365833373","sco-alasha","discovered","","","0","https://github.com/BAITC-Hacks/hack-4db729d3-sco-alasha"
"1375653252","sco-sfo","ready","","fd8fd1a8b9cce677787b9217030056e0a20935b6","1","https://github.com/BAITC-Hacks/hack-264539af-sco-sfo"
"1356248794","Scoundrels","ready","","6d065bde695187e0e4bd0a5fb553994e85082dfc","123","https://github.com/BAITC-Hacks/hack-22e0bf81-scoundrels"
"1379815254","Scoundrels","discovered","","","0","https://github.com/BAITC-Hacks/hack-7bfcf7c2-scoundrels"
"1375400369","Scourge","discovered","","","0","https://github.com/BAITC-Hacks/hack-c63e3b74-scourge"
"1372896756","ScreenMentor","discovered","","","0","https://github.com/BAITC-Hacks/hack-dea84e5c-screenmentor"
"1381755691","scumabuse","ready","","63c1091042c289f79f1b83d50d43705176bb5995","1","https://github.com/BAITC-Hacks/hack-1e314914-scumabuse"
"1377517029","SDG","ready","","e7efa8df14c8fcbe6a891e322552f6a9ce8c5569","1","https://github.com/BAITC-Hacks/hack-0b5bca15-sdg"
"1374473811","SDUTIA","discovered","","","0","https://github.com/BAITC-Hacks/hack-8408bc24-sdutia"
"1353333707","SE G_YS","discovered","","","0","https://github.com/BAITC-Hacks/hack-78afec8c-se-g-ys"
"1371163960","SEA","discovered","","","0","https://github.com/BAITC-Hacks/hack-f582df7d-sea"
"1376721418","security","discovered","","","0","https://github.com/BAITC-Hacks/hack-50874584-security"
"1381658232","segizseri","ready","","4b2273431dbe1f20845504fe2b91ace542a4cb80","1","https://github.com/BAITC-Hacks/hack-076abeb5-segizseri"
"1362142279","Sejire","discovered","","","0","https://github.com/BAITC-Hacks/hack-af663e73-sejire"
"1381719082","Seksenbayeva","discovered","","","0","https://github.com/BAITC-Hacks/hack-e9c8f52b-seksenbayeva"
"1371308267","Selea","discovered","","","0","https://github.com/BAITC-Hacks/hack-c5508332-selea"
"1379224842","Selea","discovered","","","0","https://github.com/BAITC-Hacks/hack-5c54c0a5-selea"
"1377085438","Select","discovered","","","0","https://github.com/BAITC-Hacks/hack-bfb0fc74-select"
"1381623825","SemBystrov","discovered","","","0","https://github.com/BAITC-Hacks/hack-af5365c8-sembystrov"
"1381390939","Semey","ready","","ba6a1907944a88eb1cc634bf62c0c60af8f8d81d","1","https://github.com/BAITC-Hacks/hack-2d21b382-semey"
"1376131685","Senior & Junior by Birth","ready","","615a9c4a80d3444d6710e13c8b8c42fe4d130dab","1","https://github.com/BAITC-Hacks/hack-0521c146-senior-junior-by-birth"
"1362737503","Senior team","discovered","","","0","https://github.com/BAITC-Hacks/hack-968fc493-senior-team"
"1355759080","Senior-vibecoders","discovered","","","0","https://github.com/BAITC-Hacks/hack-e7c9156f-senior-vibecoders"
"1376138820","Seniors","discovered","","","0","https://github.com/BAITC-Hacks/hack-6afbf9d9-seniors"
"1377434179","Sentinel Labs","discovered","","","0","https://github.com/BAITC-Hacks/hack-e0982904-sentinel-labs"
"1378382184","September","discovered","","","0","https://github.com/BAITC-Hacks/hack-baa3c5c5-september"
"1361472767","sergeek","discovered","","","0","https://github.com/BAITC-Hacks/hack-5c2118d3-sergeek"
"1381659327","serikbolatdana-create","discovered","","","0","https://github.com/BAITC-Hacks/hack-e7986123-serikbolatdana-create"
"1381627221","SerikFV","discovered","","","0","https://github.com/BAITC-Hacks/hack-80a12f6d-serikfv"
"1381738490","serikkalieverdaulet-web","discovered","","","0","https://github.com/BAITC-Hacks/hack-4dce58d3-serikkalieverdaulet-web"
"1381681245","Seriktilek1","discovered","","","0","https://github.com/BAITC-Hacks/hack-bfdbeaa5-seriktilek1"
"1381640024","serikuly","ready","","b2e24368892a6e3afd92bf821080f3a950eeb922","1","https://github.com/BAITC-Hacks/hack-2d4a2287-serikuly"
"1376955614","Serpentes","discovered","","","0","https://github.com/BAITC-Hacks/hack-914f701b-serpentes"
"1371300024","Seruen","discovered","","","0","https://github.com/BAITC-Hacks/hack-41aa2da9-seruen"
"1371306181","SeruenRepetition","ready","","01d12270cecce9b2b2978f3935922f4e3226e6f0","1","https://github.com/BAITC-Hacks/hack-21e52fa6-seruenrepetition"
"1374009780","Seven IT","discovered","","","0","https://github.com/BAITC-Hacks/hack-edf47705-seven-it"
"1375830391","Sever","discovered","","","0","https://github.com/BAITC-Hacks/hack-dc2355c1-sever"
"1379756166","Sever","discovered","","","0","https://github.com/BAITC-Hacks/hack-c678188c-sever"
"1381667061","sevinch","discovered","","","0","https://github.com/BAITC-Hacks/hack-827c2f9f-sevinch"
"1363993411","SGL","discovered","","","0","https://github.com/BAITC-Hacks/hack-c65acf53-sgl"
"1371253110","SGL","discovered","","","0","https://github.com/BAITC-Hacks/hack-75fd1028-sgl"
"1370446692","Shabytskie","discovered","","","0","https://github.com/BAITC-Hacks/hack-6eaef586-shabytskie"
"1381746333","shadiyar7","ready","","172c0e315e0e773c0c8b3a77fda9c0c746ea6e6e","1","https://github.com/BAITC-Hacks/hack-1120001a-shadiyar7"
"1381742491","shaharex","discovered","","","0","https://github.com/BAITC-Hacks/hack-6025d3c7-shaharex"
"1360909137","Shakarim","discovered","","","0","https://github.com/BAITC-Hacks/hack-c4e364b4-shakarim"
"1381738373","Shakhnur","discovered","","","0","https://github.com/BAITC-Hacks/hack-485587b9-shakhnur"
"1381694968","Shakhzada","discovered","","","0","https://github.com/BAITC-Hacks/hack-4393a6c1-shakhzada"
"1378599058","ShaNachnetsya","discovered","","","0","https://github.com/BAITC-Hacks/hack-e16d363a-shanachnetsya"
"1378316905","Shangyraq Coding","discovered","","","0","https://github.com/BAITC-Hacks/hack-fdbee1f6-shangyraq-coding"
"1381635806","Shaniyev","discovered","","","0","https://github.com/BAITC-Hacks/hack-f5e922dd-shaniyev"
"1375660054","Shannon","ready","","8d33908a24987575f857f2c33113aab51b4e2eff","1","https://github.com/BAITC-Hacks/hack-35e7487c-shannon"
"1374282769","She hacks","discovered","","","0","https://github.com/BAITC-Hacks/hack-b003f921-she-hacks"
"1374844376","She++","discovered","","","0","https://github.com/BAITC-Hacks/hack-acbb98e4-she"
"1381702981","shekerbeq","discovered","","","0","https://github.com/BAITC-Hacks/hack-6cf2e85f-shekerbeq"
"1381754486","Sherek338","ready","","9f23d67854946fcf3c37aa0b906e224c187254a1","1","https://github.com/BAITC-Hacks/hack-31227320-sherek338"
"1371214250","SherkhanDev","discovered","","","0","https://github.com/BAITC-Hacks/hack-84dbe8eb-sherkhandev"
"1362568448","sherlockzini","discovered","","","0","https://github.com/BAITC-Hacks/hack-c75b47ef-sherlockzini"
"1353782795","SHIFT","discovered","","","0","https://github.com/BAITC-Hacks/hack-7935895c-shift"
"1371546383","shine","discovered","","","0","https://github.com/BAITC-Hacks/hack-841fc4ae-shine"
"1361749139","Ship Happens","discovered","","","0","https://github.com/BAITC-Hacks/hack-66205551-ship-happens"
"1363868636","shmaloogles","discovered","","","0","https://github.com/BAITC-Hacks/hack-b70aa203-shmaloogles"
"1381646618","shokh","discovered","","","0","https://github.com/BAITC-Hacks/hack-d19fe368-shokh"
"1376106529","Shoppers","discovered","","","0","https://github.com/BAITC-Hacks/hack-49f4b8b6-shoppers"
"1369335531","Shoqan Kokshetau","discovered","","","0","https://github.com/BAITC-Hacks/hack-c74135c7-shoqan-kokshetau"
"1374163116","ShoqanAI","discovered","","","0","https://github.com/BAITC-Hacks/hack-749c6a34-shoqanai"
"1372044717","ShoqanTandau","discovered","","","0","https://github.com/BAITC-Hacks/hack-af5480b5-shoqantandau"
"1374773720","SHUBAR KUDYK","discovered","","","0","https://github.com/BAITC-Hacks/hack-cfe05158-shubar-kudyk"
"1381751888","Shugylaa7","discovered","","","0","https://github.com/BAITC-Hacks/hack-b3d7d145-shugylaa7"
"1381655537","shukirbaljan-stack","ready","","8424faba3e16d02167ad8b64c25ec3a8e3328533","1","https://github.com/BAITC-Hacks/hack-097f91cb-shukirbaljan-stack"
"1374714986","Shusauro","discovered","","","0","https://github.com/BAITC-Hacks/hack-4a8499ce-shusauro"
"1366006476","SHYM","ready","","f928b1f32ed61fb248b59a36b625981f028cb6ea","1","https://github.com/BAITC-Hacks/hack-1b9e807f-shym"
"1371702878","ShymBit","ready","","8dcdc6514317e90646cf3d84c8c70082b829611b","107","https://github.com/BAITC-Hacks/hack-05975965-shymbit"
"1371267347","shymkentstan","discovered","","","0","https://github.com/BAITC-Hacks/hack-ec4dd092-shymkentstan"
"1377439568","Shymside","discovered","","","0","https://github.com/BAITC-Hacks/hack-d08d8360-shymside"
"1375668184","Shyraq","discovered","","","0","https://github.com/BAITC-Hacks/hack-7953961d-shyraq"
"1381641573","shzanya","discovered","","","0","https://github.com/BAITC-Hacks/hack-5ae25e66-shzanya"
"1362783727","Sib","discovered","","","0","https://github.com/BAITC-Hacks/hack-9a732c09-sib"
"1381648828","Sierra07-w","discovered","","","0","https://github.com/BAITC-Hacks/hack-ff8e87e3-sierra07-w"
"1371272123","Sigma boys | MNU","discovered","","","0","https://github.com/BAITC-Hacks/hack-8b9e93b8-sigma-boys-mnu"
"1371275080","sigma_terminator67","discovered","","","0","https://github.com/BAITC-Hacks/hack-92322e94-sigma-terminator67"
"1377032119","sigmaclub","discovered","","","0","https://github.com/BAITC-Hacks/hack-c39ecb95-sigmaclub"
"1376988559","Sigmalar","discovered","","","0","https://github.com/BAITC-Hacks/hack-9a4ee123-sigmalar"
"1379652060","Sigmalar","discovered","","","0","https://github.com/BAITC-Hacks/hack-996c7b66-sigmalar"
"1361439165","signBridge","discovered","","","0","https://github.com/BAITC-Hacks/hack-54febda9-signbridge"
"1376046298","Silver Chariot","discovered","","","0","https://github.com/BAITC-Hacks/hack-f129848b-silver-chariot"
"1379805109","Silver Chariot","discovered","","","0","https://github.com/BAITC-Hacks/hack-fbe1c22c-silver-chariot"
"1380234255","Simple","discovered","","","0","https://github.com/BAITC-Hacks/hack-8d696db3-simple"
"1376095290","Simplex","discovered","","","0","https://github.com/BAITC-Hacks/hack-bb09aaa3-simplex"
"1381668350","Sinabon-ops","discovered","","","0","https://github.com/BAITC-Hacks/hack-7a78e7f7-sinabon-ops"
"1361457704","Singularity","discovered","","","0","https://github.com/BAITC-Hacks/hack-d68591cd-singularity"
"1369909674","Siqyr AI","discovered","","","0","https://github.com/BAITC-Hacks/hack-58ee0d93-siqyr-ai"
"1371367912","Siqyr AI","discovered","","","0","https://github.com/BAITC-Hacks/hack-77a093e1-siqyr-ai"
"1371583380","Sirius","ready","","58fd0d553f69e1e2713366c956fb2d30ce93adc8","4","https://github.com/BAITC-Hacks/hack-00476c76-sirius"
"1372820213","SiriusAtiny","discovered","","","0","https://github.com/BAITC-Hacks/hack-ce64fdd3-siriusatiny"
"1377177350","SiS","discovered","","","0","https://github.com/BAITC-Hacks/hack-baba2015-sis"
"1369596935","SiteQur","ready","","36e3650669c1e5d63886b57004fc08cf0d63e3a1","1","https://github.com/BAITC-Hacks/hack-2828354f-sitequr"
"1379518543","Six Eyes","ready","","c21903146b65d7e62dc84a0f2cc3d439e308cda8","1","https://github.com/BAITC-Hacks/hack-1993ab4e-six-eyes"
"1375581459","Six Seven","discovered","","","0","https://github.com/BAITC-Hacks/hack-b4329003-six-seven"
"1373189214","SixSevenMegaSuperSigmaProLoser","ready","","f344d1750125fe785e1f69523de723498625a51e","1","https://github.com/BAITC-Hacks/hack-0e6e3a86-sixsevenmegasupersigmaproloser"
"1374504189","SixSevens","discovered","","","0","https://github.com/BAITC-Hacks/hack-b016b778-sixsevens"
"1354453271","SixSevenSquad","discovered","","","0","https://github.com/BAITC-Hacks/hack-528e4c67-sixsevensquad"
"1374524724","Sk8","discovered","","","0","https://github.com/BAITC-Hacks/hack-79a09323-sk8"
"1377385035","SK_AI","discovered","","","0","https://github.com/BAITC-Hacks/hack-53150672-sk-ai"
"1378354852","Skazochnoe Bali","discovered","","","0","https://github.com/BAITC-Hacks/hack-dc21ac3f-skazochnoe-bali"
"1371385178","SkillUp","discovered","","","0","https://github.com/BAITC-Hacks/hack-c5c0a5c7-skillup"
"1377339519","Skiter","discovered","","","0","https://github.com/BAITC-Hacks/hack-c4d4b101-skiter"
"1381690945","Skizm-tzz","ready","","2bb247ecce089e1081554a0b63011775c218dc05","1","https://github.com/BAITC-Hacks/hack-24123292-skizm-tzz"
"1369895006","SKMA - MedMind","discovered","","","0","https://github.com/BAITC-Hacks/hack-8cf29c0a-skma---medmind"
"1369936399","SKMA-","discovered","","","0","https://github.com/BAITC-Hacks/hack-f80b8ce9-skma"
"1375601816","Sky","discovered","","","0","https://github.com/BAITC-Hacks/hack-884aa5c8-sky"
"1378127703","SKYNOMADS","ready","","cf09d13c3e355a37b60dc5179104af5fc5e6a794","101","https://github.com/BAITC-Hacks/hack-30aab437-skynomads"
"1371702778","skywhywalker","discovered","","","0","https://github.com/BAITC-Hacks/hack-7c0a290a-skywhywalker"
"1364683459","Slafuw","discovered","","","0","https://github.com/BAITC-Hacks/hack-9e488d0f-slafuw"
"1381726505","Slavdad","discovered","","","0","https://github.com/BAITC-Hacks/hack-7b9518a1-slavdad"
"1361009178","Slivkiman","discovered","","","0","https://github.com/BAITC-Hacks/hack-8bfb93dd-slivkiman"
"1371540361","SLN1","discovered","","","0","https://github.com/BAITC-Hacks/hack-5cdb988b-sln1"
"1379733594","Sln1","discovered","","","0","https://github.com/BAITC-Hacks/hack-53eee944-sln1"
"1375793750","Slonik Jahangir","discovered","","","0","https://github.com/BAITC-Hacks/hack-ebee2a4c-slonik-jahangir"
"1366569217","Sloppy-team","ready","","d2eb5a23f4febc1f7ecfa349f987757e1bd30345","45","https://github.com/BAITC-Hacks/hack-30765277-sloppy-team"
"1381687842","smaguloveka","discovered","","","0","https://github.com/BAITC-Hacks/hack-c9414062-smaguloveka"
"1361504803","Smart and single","discovered","","","0","https://github.com/BAITC-Hacks/hack-635dcf99-smart-and-single"
"1377410150","Smart Auyl","discovered","","","0","https://github.com/BAITC-Hacks/hack-3e2e1c17-smart-auyl"
"1372554542","Smart Flow","discovered","","","0","https://github.com/BAITC-Hacks/hack-b4232f20-smart-flow"
"1355021229","Smart IT Solution","discovered","","","0","https://github.com/BAITC-Hacks/hack-e61371a2-smart-it-solution"
"1381672017","smatgauhar10-del","discovered","","","0","https://github.com/BAITC-Hacks/hack-42126b10-smatgauhar10-del"
"1381708856","smeirkan-wq","discovered","","","0","https://github.com/BAITC-Hacks/hack-cdc76f69-smeirkan-wq"
"1370422006","SMM","discovered","","","0","https://github.com/BAITC-Hacks/hack-a1c6ab51-smm"
"1381734876","Smooozy01","discovered","","","0","https://github.com/BAITC-Hacks/hack-8bdd75f5-smooozy01"
"1381742005","sNibaAdeka","discovered","","","0","https://github.com/BAITC-Hacks/hack-9d5ee316-snibaadeka"
"1373368948","SOC-Copilot","discovered","","","0","https://github.com/BAITC-Hacks/hack-afc57a68-soc-copilot"
"1358986370","SOCBrain","discovered","","","0","https://github.com/BAITC-Hacks/hack-c449499f-socbrain"
"1377339349","Soda","discovered","","","0","https://github.com/BAITC-Hacks/hack-d3e8cd85-soda"
"1375841094","SODA Team","discovered","","","0","https://github.com/BAITC-Hacks/hack-596cde86-soda-team"
"1361103350","soile","discovered","","","0","https://github.com/BAITC-Hacks/hack-95f74784-soile"
"1371686063","Soile App","discovered","","","0","https://github.com/BAITC-Hacks/hack-cfbcd5d7-soile-app"
"1377373352","Solai","discovered","","","0","https://github.com/BAITC-Hacks/hack-e1fd0810-solai"
"1379692095","Solid Digital Solutions (SDS)","discovered","","","0","https://github.com/BAITC-Hacks/hack-3abb041d-solid-digital-solutions-sds"
"1372573803","Solnik","discovered","","","0","https://github.com/BAITC-Hacks/hack-9db021a0-solnik"
"1351259418","solo","discovered","","","0","https://github.com/BAITC-Hacks/hack-e16c42c1-solo"
"1371255761","solo leveling","discovered","","","0","https://github.com/BAITC-Hacks/hack-cf27094c-solo-leveling"
"1375683450","Solo Merge","ready","","b8831c07c9846b64a7ebcd47bcb630a430b4e69b","1","https://github.com/BAITC-Hacks/hack-29dfc38a-solo-merge"
"1378480260","Solo pencil","discovered","","","0","https://github.com/BAITC-Hacks/hack-df133ee1-solo-pencil"
"1381653993","Solo-03eb9213","discovered","","","0","https://github.com/BAITC-Hacks/hack-a2ea29a0-solo-03eb9213"
"1381684168","Solo-5a586fc4","discovered","","","0","https://github.com/BAITC-Hacks/hack-4245c57e-solo-5a586fc4"
"1381700038","Solo-9100bda6","discovered","","","0","https://github.com/BAITC-Hacks/hack-3f734c2a-solo-9100bda6"
"1364522748","Solo-Boss","ready","","725048345f85fb0e900f5031bab84097d0cf2027","1","https://github.com/BAITC-Hacks/hack-3122347d-solo-boss"
"1381706431","Solo-db74e3e0","discovered","","","0","https://github.com/BAITC-Hacks/hack-5f9a1408-solo-db74e3e0"
"1349397249","Solo-Founders","discovered","","","0","https://github.com/BAITC-Hacks/hack-b20f92e0-solo-founders"
"1378165356","soloai","discovered","","","0","https://github.com/BAITC-Hacks/hack-51c60d38-soloai"
"1371107607","Soloboy","discovered","","","0","https://github.com/BAITC-Hacks/hack-eef83eae-soloboy"
"1375803468","Solocore","discovered","","","0","https://github.com/BAITC-Hacks/hack-ef26dce6-solocore"
"1379504629","SoloL","discovered","","","0","https://github.com/BAITC-Hacks/hack-6c68ff11-solol"
"1379458887","SoloPolo","discovered","","","0","https://github.com/BAITC-Hacks/hack-fac7f7ef-solopolo"
"1373218067","Solopreneur","discovered","","","0","https://github.com/BAITC-Hacks/hack-f0e2e679-solopreneur"
"1361387067","SoloVibe","discovered","","","0","https://github.com/BAITC-Hacks/hack-e9b18f40-solovibe"
"1374240441","SoloVibe","discovered","","","0","https://github.com/BAITC-Hacks/hack-f2cc297c-solovibe"
"1379583688","SoloVibe","discovered","","","0","https://github.com/BAITC-Hacks/hack-8ea9863c-solovibe"
"1379807945","Solozxc","discovered","","","0","https://github.com/BAITC-Hacks/hack-e365088e-solozxc"
"1367526837","Solution","discovered","","","0","https://github.com/BAITC-Hacks/hack-40c312ea-solution"
"1379852920","Solution nay","discovered","","","0","https://github.com/BAITC-Hacks/hack-bd14ad0b-solution-nay"
"1381759849","som3dieyoung","ready","","1f8947c7d493e9504f473a371a0196b6a4213898","1","https://github.com/BAITC-Hacks/hack-1bc2a89d-som3dieyoung"
"1363927339","something","discovered","","","0","https://github.com/BAITC-Hacks/hack-8471edc3-something"
"1361182940","Sons of Attractor","discovered","","","0","https://github.com/BAITC-Hacks/hack-4978675e-sons-of-attractor"
"1359743494","Sosa-Solutions","ready","","afe42b63ff068822c44d7437487e756d28812b8d","1","https://github.com/BAITC-Hacks/hack-2080ba2e-sosa-solutions"
"1369644605","SOYLE","ready","","dbcc37badfe16acba0482ab444b5601752f76c0c","41","https://github.com/BAITC-Hacks/hack-281a45ba-soyle"
"1378376672","space bell studio","discovered","","","0","https://github.com/BAITC-Hacks/hack-4cfb0407-space-bell-studio"
"1379757166","Space Bell Studio","discovered","","","0","https://github.com/BAITC-Hacks/hack-fa10f4e5-space-bell-studio"
"1375738497","SpaceX","ready","","d2e846d882a8db08fa606a413352120c7ef0b2b7","1","https://github.com/BAITC-Hacks/hack-219ea32e-spacex"
"1371782490","Spark","ready","","8e9eefd1e0184eed66405b624cc84b9ac37ed420","41","https://github.com/BAITC-Hacks/hack-340ee9e2-spark"
"1358571207","Spark Studio","discovered","","","0","https://github.com/BAITC-Hacks/hack-49fb3930-spark-studio"
"1377515710","Spark Team","discovered","","","0","https://github.com/BAITC-Hacks/hack-b7983a37-spark-team"
"1379828230","Spark Team","ready","","b276ca4be9eb5799bb27cb00de3e7e48d965115d","3","https://github.com/BAITC-Hacks/hack-14fd75d2-spark-team"
"1369408679","Sparks","discovered","","","0","https://github.com/BAITC-Hacks/hack-7a870e4c-sparks"
"1377424152","Sparta","discovered","","","0","https://github.com/BAITC-Hacks/hack-6ef5b315-sparta"
"1371331942","Specialz","discovered","","","0","https://github.com/BAITC-Hacks/hack-824f7b1e-specialz"
"1374384666","Specialz","discovered","","","0","https://github.com/BAITC-Hacks/hack-944a7852-specialz"
"1377258657","Specialz","discovered","","","0","https://github.com/BAITC-Hacks/hack-ee20e5a9-specialz"
"1376310276","SPECTRA","discovered","","","0","https://github.com/BAITC-Hacks/hack-99690795-spectra"
"1377501582","Spectrum","discovered","","","0","https://github.com/BAITC-Hacks/hack-46c4b86c-spectrum"
"1378072356","Spielcrypto","discovered","","","0","https://github.com/BAITC-Hacks/hack-424b0b2a-spielcrypto"
"1371336250","Spies girls","ready","","92028e4c6d618f879ea8b243120a8aba0d4e49c9","1","https://github.com/BAITC-Hacks/hack-2bb0e170-spies-girls"
"1360308476","SpringB","discovered","","","0","https://github.com/BAITC-Hacks/hack-ef433cbb-springb"
"1373028563","Sprint","discovered","","","0","https://github.com/BAITC-Hacks/hack-6c584183-sprint"
"1381763587","sronters","ready","","2ebcd6293980987979c39d85642284028f3b6ab1","1","https://github.com/BAITC-Hacks/hack-30edd706-sronters"
"1381668215","srsrsrsr111","discovered","","","0","https://github.com/BAITC-Hacks/hack-ee0997c4-srsrsrsr111"
"1363657226","SS","discovered","","","0","https://github.com/BAITC-Hacks/hack-c3c4dfb6-ss"
"1379838233","sss","discovered","","","0","https://github.com/BAITC-Hacks/hack-9cc8361b-sss"
"1375711827","SST tigers","discovered","","","0","https://github.com/BAITC-Hacks/hack-45e4204d-sst-tigers"
"1375027669","Stack","ready","","fcec86bef8761c64fb0df805a3afd16a87d93fcf","1","https://github.com/BAITC-Hacks/hack-304f3cec-stack"
"1368020457","stackattack","discovered","","","0","https://github.com/BAITC-Hacks/hack-e823438b-stackattack"
"1381643696","stagovnikita30-hash","discovered","","","0","https://github.com/BAITC-Hacks/hack-67f41614-stagovnikita30-hash"
"1364015751","Stanford boiz","discovered","","","0","https://github.com/BAITC-Hacks/hack-8296da71-stanford-boiz"
"1381748186","StAntti","discovered","","","0","https://github.com/BAITC-Hacks/hack-93e9bc94-stantti"
"1374009223","Star Platinum","discovered","","","0","https://github.com/BAITC-Hacks/hack-e83f27d1-star-platinum"
"1374670645","Stardust Crusaders","ready","","6edb2466c4553391e199a6ac0d2c38ba9abb1e96","25","https://github.com/BAITC-Hacks/hack-2b4487f7-stardust-crusaders"
"1379468090","Stargazer","discovered","","","0","https://github.com/BAITC-Hacks/hack-d5105822-stargazer"
"1381705727","start40NNN","ready","","6e86602b292d4f7f2a72fd438da533f6b5553124","1","https://github.com/BAITC-Hacks/hack-115ca579-start40nnn"
"1381730288","stasik-web","discovered","","","0","https://github.com/BAITC-Hacks/hack-7baa8eb4-stasik-web"
"1371318977","Status is everything","discovered","","","0","https://github.com/BAITC-Hacks/hack-fa5fc570-status-is-everything"
"1381728780","stbuedu","discovered","","","0","https://github.com/BAITC-Hacks/hack-e4378ef1-stbuedu"
"1371319844","steppe","discovered","","","0","https://github.com/BAITC-Hacks/hack-c09591a4-steppe"
"1379848101","Steppe","discovered","","","0","https://github.com/BAITC-Hacks/hack-3bab474a-steppe"
"1373019998","Steppe digital","discovered","","","0","https://github.com/BAITC-Hacks/hack-c1355568-steppe-digital"
"1363858804","Steppe Overflow","discovered","","","0","https://github.com/BAITC-Hacks/hack-418ae9f6-steppe-overflow"
"1375883282","Steppe Tech","discovered","","","0","https://github.com/BAITC-Hacks/hack-7c6720cb-steppe-tech"
"1373646858","Steppedev","discovered","","","0","https://github.com/BAITC-Hacks/hack-903024d0-steppedev"
"1371304680","SteppeMind","discovered","","","0","https://github.com/BAITC-Hacks/hack-827386af-steppemind"
"1362276499","SteppeX","discovered","","","0","https://github.com/BAITC-Hacks/hack-9757e094-steppex"
"1364161936","StepX","discovered","","","0","https://github.com/BAITC-Hacks/hack-3cf85088-stepx"
"1377402158","StikerAI","discovered","","","0","https://github.com/BAITC-Hacks/hack-3f85346f-stikerai"
"1381676701","stillcoldbtw","discovered","","","0","https://github.com/BAITC-Hacks/hack-a140dadb-stillcoldbtw"
"1375069569","STNDZ MAIN","discovered","","","0","https://github.com/BAITC-Hacks/hack-71881218-stndz-main"
"1379536838","Stone","discovered","","","0","https://github.com/BAITC-Hacks/hack-8c2ebcfc-stone"
"1381744021","storm-aslanbek","discovered","","","0","https://github.com/BAITC-Hacks/hack-bd275ced-storm-aslanbek"
"1369519121","StratMath","discovered","","","0","https://github.com/BAITC-Hacks/hack-85c9eff3-stratmath"
"1378269696","stratosphere","discovered","","","0","https://github.com/BAITC-Hacks/hack-a36c0cc1-stratosphere"
"1361470988","Stratton Oakmont","discovered","","","0","https://github.com/BAITC-Hacks/hack-701167c5-stratton-oakmont"
"1371902876","Strikers Club","discovered","","","0","https://github.com/BAITC-Hacks/hack-e3d8b0d1-strikers-club"
"1363566423","Stroit AI","discovered","","","0","https://github.com/BAITC-Hacks/hack-5caf5332-stroit-ai"
"1371012898","STS Работаем за токены","discovered","","","0","https://github.com/BAITC-Hacks/hack-ee17ec59-sts"
"1367040814","STU students","ready","","17cb8fdaa4b5bc0c7e58568be4d3a7b8f6e8a553","65","https://github.com/BAITC-Hacks/hack-37187286-stu-students"
"1374128133","Stupids","discovered","","","0","https://github.com/BAITC-Hacks/hack-c1425383-stupids"
"1376101429","STUPITS","discovered","","","0","https://github.com/BAITC-Hacks/hack-d3b2c613-stupits"
"1367056405","Stuxnet","discovered","","","0","https://github.com/BAITC-Hacks/hack-679866bf-stuxnet"
"1370928907","Sub-ports","discovered","","","0","https://github.com/BAITC-Hacks/hack-91eb491c-sub-ports"
"1372972765","Sudack","ready","","82f6ba2a4fd974d8824b0bd264f5f14af0ac0cf3","117","https://github.com/BAITC-Hacks/hack-2991e1c4-sudack"
"1372899784","Sudo","discovered","","","0","https://github.com/BAITC-Hacks/hack-c3a3d77b-sudo"
"1377171217","sudo AI","discovered","","","0","https://github.com/BAITC-Hacks/hack-61bb6bed-sudo-ai"
"1379846326","sudo AI","discovered","","","0","https://github.com/BAITC-Hacks/hack-cdc3b22e-sudo-ai"
"1377056486","Sudo Make","ready","","a0e2ca349fdc8b18efdaf3e53b419f28ae0e2991","1","https://github.com/BAITC-Hacks/hack-1b905e27-sudo-make"
"1374341877","sudo win","ready","","6154823f3b9131f32091a44f1dcc8bf0850a886d","1","https://github.com/BAITC-Hacks/hack-0da4554f-sudo-win"
"1359887154","sudo_win","discovered","","","0","https://github.com/BAITC-Hacks/hack-e5e90bde-sudo-win"
"1371421814","sudoers","discovered","","","0","https://github.com/BAITC-Hacks/hack-9395e054-sudoers"
"1381647878","Sukuinushi1","discovered","","","0","https://github.com/BAITC-Hacks/hack-cfac43eb-sukuinushi1"
"1381652377","suleimenov049","ready","","5d12683fc42774f4d81eab65444aa79e2dbad08c","1","https://github.com/BAITC-Hacks/hack-1b811e2e-suleimenov049"
"1381692380","suliazharylkas-spec","discovered","","","0","https://github.com/BAITC-Hacks/hack-6d864097-suliazharylkas-spec"
"1381694719","SultanbekKenesbaev","discovered","","","0","https://github.com/BAITC-Hacks/hack-ea341e62-sultanbekkenesbaev"
"1381411716","Sumatoxa","discovered","","","0","https://github.com/BAITC-Hacks/hack-eaac6538-sumatoxa"
"1377266350","SummitAgent","discovered","","","0","https://github.com/BAITC-Hacks/hack-dd8c8f13-summitagent"
"1381740597","sumomega-nexus137","discovered","","","0","https://github.com/BAITC-Hacks/hack-515c3298-sumomega-nexus137"
"1379532087","Sun pro","discovered","","","0","https://github.com/BAITC-Hacks/hack-c981cf75-sun-pro"
"1360956062","sunclaude","discovered","","","0","https://github.com/BAITC-Hacks/hack-d9f5d92d-sunclaude"
"1381642103","SunnyMC228","discovered","","","0","https://github.com/BAITC-Hacks/hack-422ba80d-sunnymc228"
"1379604646","super","discovered","","","0","https://github.com/BAITC-Hacks/hack-a99d930e-super"
"1375614744","SUperAI Team","discovered","","","0","https://github.com/BAITC-Hacks/hack-d92c0861-superai-team"
"1361090034","Supercluster","discovered","","","0","https://github.com/BAITC-Hacks/hack-4f16c25a-supercluster"
"1377229847","Supereggs","discovered","","","0","https://github.com/BAITC-Hacks/hack-e7fefad5-supereggs"
"1379504075","Supernova","ready","","ac826d1467cc2a10e628a45f2d774a3bc22c126a","1","https://github.com/BAITC-Hacks/hack-1883c947-supernova"
"1374371611","SuperPuperNovaID","discovered","","","0","https://github.com/BAITC-Hacks/hack-64cc2b8c-superpupernovaid"
"1376909391","Surka","discovered","","","0","https://github.com/BAITC-Hacks/hack-693d4dae-surka"
"1374577143","Survae","ready","","5dc0099b0378d7ccd8398e5acb73f34fd8c756eb","52","https://github.com/BAITC-Hacks/hack-34b3d405-survae"
"1379804566","Survae","ready","","8e1016257a7558f325e46558a2ac7c200229cfa6","1","https://github.com/BAITC-Hacks/hack-269c1ee9-survae"
"1372805419","SWAG","ready","","18b22e4353ae7f23710ca6bfd00f5851021dc2d8","127","https://github.com/BAITC-Hacks/hack-101116b6-swag"
"1362699291","sxd","discovered","","","0","https://github.com/BAITC-Hacks/hack-99ae8f4c-sxd"
"1370118887","syla","discovered","","","0","https://github.com/BAITC-Hacks/hack-96a7c982-syla"
"1381650900","symbat","discovered","","","0","https://github.com/BAITC-Hacks/hack-47e77698-symbat"
"1371981606","Synapse","ready","","ce62074e649012884f0dc7b905a95c6e70094447","38","https://github.com/BAITC-Hacks/hack-22f87622-synapse"
"1375989596","SYNC","discovered","","","0","https://github.com/BAITC-Hacks/hack-bacd3af2-sync"
"1379649802","SYNC","ready","","4437c904787b4b6a3b329284f3799f6e0899d267","1","https://github.com/BAITC-Hacks/hack-3777f237-sync"
"1381630260","syndaly1","discovered","","","0","https://github.com/BAITC-Hacks/hack-7203e55d-syndaly1"
"1378473793","Synergy","discovered","","","0","https://github.com/BAITC-Hacks/hack-b4a4529e-synergy"
"1356227107","Synex","ready","","e972af30e4f857e3758353625a6f4b40477f4adc","135","https://github.com/BAITC-Hacks/hack-173e8652-synex"
"1381624652","syngysturybekov-hue","discovered","","","0","https://github.com/BAITC-Hacks/hack-6df86416-syngysturybekov-hue"
"1381672410","Syrlybai25","discovered","","","0","https://github.com/BAITC-Hacks/hack-e6169dd8-syrlybai25"
"1381658378","Syrym1924","discovered","","","0","https://github.com/BAITC-Hacks/hack-4afe776d-syrym1924"
"1361182573","Söz","discovered","","","0","https://github.com/BAITC-Hacks/hack-708a66ce-s-z"
"1372896484","SözTech","ready","","25103ce7849f0d2b6d6d999162f2318254812025","203","https://github.com/BAITC-Hacks/hack-1eeed6ff-s-ztech"
"1378190209","T++","discovered","","","0","https://github.com/BAITC-Hacks/hack-59902d1f-t"
"1378462021","taburetka","ready","","8e52238f4ff31d839ef5f32d85c595a1fb6a5954","1","https://github.com/BAITC-Hacks/hack-020b6ff4-taburetka"
"1371179252","tAIgers","discovered","","","0","https://github.com/BAITC-Hacks/hack-ea3cbd9f-taigers"
"1374156317","tAIgers","ready","","be4476b28e1ea55eb61f7937aac07a0122e41527","27","https://github.com/BAITC-Hacks/hack-0a2973f6-taigers"
"1381755910","Tair01","discovered","","","0","https://github.com/BAITC-Hacks/hack-c2d604cd-tair01"
"1381715367","talant-git","discovered","","","0","https://github.com/BAITC-Hacks/hack-f6a6c90d-talant-git"
"1361162550","TALAP","discovered","","","0","https://github.com/BAITC-Hacks/hack-c8f33060-talap"
"1372708541","TaldauAI","discovered","","","0","https://github.com/BAITC-Hacks/hack-54a50d6c-taldauai"
"1355684137","Taldy-Paris","ready","","a76f74ee6499ad3bfac32f300f2ed36c478ee211","1","https://github.com/BAITC-Hacks/hack-1b3a6072-taldy-paris"
"1363824037","TALENTS","discovered","","","0","https://github.com/BAITC-Hacks/hack-5886f2d6-talents"
"1374595173","Talgat","discovered","","","0","https://github.com/BAITC-Hacks/hack-5bd8445b-talgat"
"1381692870","talgataruzhan2008-hub","discovered","","","0","https://github.com/BAITC-Hacks/hack-85c1f835-talgataruzhan2008-hub"
"1381649611","talgatsagatov","discovered","","","0","https://github.com/BAITC-Hacks/hack-ba23b326-talgatsagatov"
"1381687295","Talghatovich","discovered","","","0","https://github.com/BAITC-Hacks/hack-918c710b-talghatovich"
"1372943644","TalkIt Team","discovered","","","0","https://github.com/BAITC-Hacks/hack-b269965b-talkit-team"
"1381731275","Talshyn","ready","","82c8cd49b35f0f53cad5c384198dc15ec90dc1a1","1","https://github.com/BAITC-Hacks/hack-0674bc8e-talshyn"
"1374827090","TAMGA","discovered","","","0","https://github.com/BAITC-Hacks/hack-43196606-tamga"
"1381721740","tamidesu","ready","","8f5f245851eb3b4c9193552405c9caf2d4338200","1","https://github.com/BAITC-Hacks/hack-308283bf-tamidesu"
"1381633051","Tamis-lab","discovered","","","0","https://github.com/BAITC-Hacks/hack-af5fb7bf-tamis-lab"
"1367629797","TAMYR","discovered","","","0","https://github.com/BAITC-Hacks/hack-d162b91e-tamyr"
"1381660699","Tanakeo","discovered","","","0","https://github.com/BAITC-Hacks/hack-e2b62ba1-tanakeo"
"1371927638","tandem","discovered","","","0","https://github.com/BAITC-Hacks/hack-84050a93-tandem"
"1379575420","tandem","ready","","15f3512444a1be2d6400096d02e8b463ab69d547","3","https://github.com/BAITC-Hacks/hack-1d022bc8-tandem"
"1381714181","tanenergeldi-dotcom","discovered","","","0","https://github.com/BAITC-Hacks/hack-fb29fdab-tanenergeldi-dotcom"
"1381762160","tanquraii","ready","","b9c88e2fd34b8d7918b9b64a27c35eb8648abddb","1","https://github.com/BAITC-Hacks/hack-19d0fc52-tanquraii"
"1381720399","Tapochek227","discovered","","","0","https://github.com/BAITC-Hacks/hack-7129ed35-tapochek227"
"1373581593","Tari","discovered","","","0","https://github.com/BAITC-Hacks/hack-8255f9c4-tari"
"1381647292","tasnm","discovered","","","0","https://github.com/BAITC-Hacks/hack-c3b40f5d-tasnm"
"1381656151","tastemirrr","discovered","","","0","https://github.com/BAITC-Hacks/hack-c6734c74-tastemirrr"
"1372410882","TAU-AI","discovered","","","0","https://github.com/BAITC-Hacks/hack-bd3897c7-tau-ai"
"1381707806","tauka-zhon","discovered","","","0","https://github.com/BAITC-Hacks/hack-df4cffad-tauka-zhon"
"1372856225","TayMas Solutions","discovered","","","0","https://github.com/BAITC-Hacks/hack-a7ea453a-taymas-solutions"
"1379687444","Taymas solutions","discovered","","","0","https://github.com/BAITC-Hacks/hack-3fc0e65b-taymas-solutions"
"1372857700","TayMas Systems","discovered","","","0","https://github.com/BAITC-Hacks/hack-4a84a5e5-taymas-systems"
"1379679748","TayMas Systems","ready","","47f2209d4b63e014f8e869b0560e7554abb4ef97","13","https://github.com/BAITC-Hacks/hack-1ad92890-taymas-systems"
"1373423071","TAZART","discovered","","","0","https://github.com/BAITC-Hacks/hack-899436f0-tazart"
"1371171211","Tctcyv","discovered","","","0","https://github.com/BAITC-Hacks/hack-95fadc9d-tctcyv"
"1373020119","TEABEA","ready","","5bb2570f8a06652d4692c0ebd65f3c63fa5a93d8","85","https://github.com/BAITC-Hacks/hack-19601c9e-teabea"
"1366112518","TeachTech","ready","","718b24a03bed140d701b41d5c8f4cc745ba52327","1","https://github.com/BAITC-Hacks/hack-0b99a0e3-teachtech"
"1377015243","team","discovered","","","0","https://github.com/BAITC-Hacks/hack-4ddfbd63-team"
"1374597048","Team Alera","discovered","","","0","https://github.com/BAITC-Hacks/hack-c8586842-team-alera"
"1378163663","Team Core","discovered","","","0","https://github.com/BAITC-Hacks/hack-c063abd8-team-core"
"1366965985","team name","discovered","","","0","https://github.com/BAITC-Hacks/hack-51e4073a-team-name"
"1374280978","Team Ping","discovered","","","0","https://github.com/BAITC-Hacks/hack-60a85dae-team-ping"
"1363594253","Team Spirit","discovered","","","0","https://github.com/BAITC-Hacks/hack-b98a3ea5-team-spirit"
"1371004655","Team Stack","ready","","6f2db7aa5d68b9367f169ac26e9bbef0b3564568","1","https://github.com/BAITC-Hacks/hack-3654a430-team-stack"
"1375859227","Team yonder","discovered","","","0","https://github.com/BAITC-Hacks/hack-e8c248ad-team-yonder"
"1377164803","TEAM-42","discovered","","","0","https://github.com/BAITC-Hacks/hack-b37b4375-team-42"
"1365531167","Team-502","discovered","","","0","https://github.com/BAITC-Hacks/hack-c84e81b7-team-502"
"1366449038","Team-Spirit","discovered","","","0","https://github.com/BAITC-Hacks/hack-e9304e3b-team-spirit"
"1375426318","Team13","discovered","","","0","https://github.com/BAITC-Hacks/hack-999c8fff-team13"
"1368684144","team1330","discovered","","","0","https://github.com/BAITC-Hacks/hack-edf5e5ed-team1330"
"1376269388","Team97","discovered","","","0","https://github.com/BAITC-Hacks/hack-e06b144c-team97"
"1379879372","team_Zadani","ready","","548e36a6039a4c33d08a43f0122e85f516416115","1","https://github.com/BAITC-Hacks/hack-029f0e1c-team-zadani"
"1377296829","Tebiren team","discovered","","","0","https://github.com/BAITC-Hacks/hack-ee7243a5-tebiren-team"
"1379761484","Tebiren team","discovered","","","0","https://github.com/BAITC-Hacks/hack-f47e9dec-tebiren-team"
"1369908872","TechAlash","discovered","","","0","https://github.com/BAITC-Hacks/hack-e6821850-techalash"
"1378610038","TechMind","discovered","","","0","https://github.com/BAITC-Hacks/hack-4f7b4401-techmind"
"1318309692","Technokod","discovered","","","0","https://github.com/BAITC-Hacks/hack-f2dc3c28-technokod"
"1358955971","Technokod","discovered","","","0","https://github.com/BAITC-Hacks/hack-c63c1350-technokod"
"1379805195","Temasagan","discovered","","","0","https://github.com/BAITC-Hacks/hack-60389de1-temasagan"
"1381676580","TemirJohn","discovered","","","0","https://github.com/BAITC-Hacks/hack-75094d68-temirjohn"
"1381718687","temirkhansmagulov","discovered","","","0","https://github.com/BAITC-Hacks/hack-aa7030aa-temirkhansmagulov"
"1381739167","temirlan029","ready","","37b77444357571d37e546584ccf6892bb695e95b","1","https://github.com/BAITC-Hacks/hack-2e9f5f98-temirlan029"
"1381647152","temirlandautaev-lgtm","discovered","","","0","https://github.com/BAITC-Hacks/hack-f6ccdc42-temirlandautaev-lgtm"
"1364745383","Temirqazyq","discovered","","","0","https://github.com/BAITC-Hacks/hack-91da6326-temirqazyq"
"1371440579","TemirTech","ready","","6369d05fe58583c983e651fdb0d504209d82872a","4","https://github.com/BAITC-Hacks/hack-03b8ca3b-temirtech"
"1381653282","temirzhanovalisher46","discovered","","","0","https://github.com/BAITC-Hacks/hack-5f2518e2-temirzhanovalisher46"
"1356067980","temka","discovered","","","0","https://github.com/BAITC-Hacks/hack-b177ad85-temka"
"1364214270","Tenge Agents","discovered","","","0","https://github.com/BAITC-Hacks/hack-4d800add-tenge-agents"
"1366122014","Tengri AI","discovered","","","0","https://github.com/BAITC-Hacks/hack-bc4f8eee-tengri-ai"
"1361463728","Teras","discovered","","","0","https://github.com/BAITC-Hacks/hack-4678e26f-teras"
"1358324317","Teren Oi","ready","","3df4aa949301eedd9569ccdd0907cac6f87c35da","60","https://github.com/BAITC-Hacks/hack-2fb67e0d-teren-oi"
"1377174507","terki.net","discovered","","","0","https://github.com/BAITC-Hacks/hack-ed22c2f3-terki-net"
"1373408640","Terra","discovered","","","0","https://github.com/BAITC-Hacks/hack-8e4ccf84-terra"
"1373311403","Terra Group Labs","ready","","179fd4a6c0e2d7bb683901cf35e5736a4a92964c","53","https://github.com/BAITC-Hacks/hack-0a855e0e-terra-group-labs"
"1364012394","Terricon","discovered","","","0","https://github.com/BAITC-Hacks/hack-5c60a040-terricon"
"1379806590","tesgalaf","discovered","","","0","https://github.com/BAITC-Hacks/hack-4124a2d9-tesgalaf"
"1359727492","Tessera","discovered","","","0","https://github.com/BAITC-Hacks/hack-86eb72c7-tessera"
"1371355318","test","discovered","","","0","https://github.com/BAITC-Hacks/hack-42c37f90-test"
"1374384830","test","discovered","","","0","https://github.com/BAITC-Hacks/hack-d37927db-test"
"1379613097","test","discovered","","","0","https://github.com/BAITC-Hacks/hack-6c146f27-test"
"1379601416","Test localhosters","ready","","dbefad39b4d44f2f7860996d3e1ea71c35c36d38","1","https://github.com/BAITC-Hacks/hack-2340d7ff-test-localhosters"
"1379611641","Test Test","discovered","","","0","https://github.com/BAITC-Hacks/hack-4869ca7f-test-test"
"1379797237","Test-jigi","discovered","","","0","https://github.com/BAITC-Hacks/hack-dbf30427-test-jigi"
"1379824344","test22","discovered","","","0","https://github.com/BAITC-Hacks/hack-b5607b19-test22"
"1379831843","Testcc","discovered","","","0","https://github.com/BAITC-Hacks/hack-bc47ad7c-testcc"
"1371319362","TestComand","discovered","","","0","https://github.com/BAITC-Hacks/hack-c5702c38-testcomand"
"1382624721","Tests","discovered","","","0","https://github.com/BAITC-Hacks/hack-83c972ba-tests"
"1375510948","That's La Peace","discovered","","","0","https://github.com/BAITC-Hacks/hack-95a1b8c8-that-s-la-peace"
"1374341736","that-day-in","discovered","","","0","https://github.com/BAITC-Hacks/hack-e54d9694-that-day-in"
"1373699883","THE BEATLES","discovered","","","0","https://github.com/BAITC-Hacks/hack-4c452bbc-the-beatles"
"1374831685","The best","discovered","","","0","https://github.com/BAITC-Hacks/hack-6cf54719-the-best"
"1373229553","The Boys","discovered","","","0","https://github.com/BAITC-Hacks/hack-a94a3432-the-boys"
"1374038767","The Boys","discovered","","","0","https://github.com/BAITC-Hacks/hack-e9520d6e-the-boys"
"1376199937","The Click","discovered","","","0","https://github.com/BAITC-Hacks/hack-fbc5b7ee-the-click"
"1378605893","The Clique","discovered","","","0","https://github.com/BAITC-Hacks/hack-62786300-the-clique"
"1363030783","The Copy Pasters","discovered","","","0","https://github.com/BAITC-Hacks/hack-6f9c6e6e-the-copy-pasters"
"1372998407","The Creatores","discovered","","","0","https://github.com/BAITC-Hacks/hack-6f91304a-the-creatores"
"1364718024","The Good The Bad and The Ugly","discovered","","","0","https://github.com/BAITC-Hacks/hack-89a1ad55-the-good-the-bad-and-the-ugly"
"1374287740","The Good, The Bad and The Ugly","discovered","","","0","https://github.com/BAITC-Hacks/hack-f796a1a7-the-good-the-bad-and-the-ugly"
"1379684597","The Good, the Bad and the Ugly","discovered","","","0","https://github.com/BAITC-Hacks/hack-cc6a58a7-the-good-the-bad-and-the-ugly"
"1375309332","The Goys","discovered","","","0","https://github.com/BAITC-Hacks/hack-6d673d9a-the-goys"
"1376037915","The Hateful Three","discovered","","","0","https://github.com/BAITC-Hacks/hack-7d81d142-the-hateful-three"
"1377015620","The Human","discovered","","","0","https://github.com/BAITC-Hacks/hack-ed1b06b6-the-human"
"1372478829","the king cannot be killed.","discovered","","","0","https://github.com/BAITC-Hacks/hack-990dab07-the-king-cannot-be-killed"
"1375720032","TheDArk","discovered","","","0","https://github.com/BAITC-Hacks/hack-8d572864-thedark"
"1381750129","thedinaiym","ready","","9b9861a36d1a73a6c7c983b579a17c82fb9fc04d","1","https://github.com/BAITC-Hacks/hack-17542026-thedinaiym"
"1381745846","thefarrukh","discovered","","","0","https://github.com/BAITC-Hacks/hack-eeba8cde-thefarrukh"
"1350866935","TheGoldenDUO","no_readme","","46849942232b0381997beeb6cbc14fa4d20857ba","600","https://github.com/BAITC-Hacks/hack-08651f63-thegoldenduo"
"1381663099","themilan1337","discovered","","","0","https://github.com/BAITC-Hacks/hack-991a66ed-themilan1337"
"1350429543","Those Dudes","discovered","","","0","https://github.com/BAITC-Hacks/hack-7b9005a5-those-dudes"
"1371289390","Three Biys","discovered","","","0","https://github.com/BAITC-Hacks/hack-4d243613-three-biys"
"1373117382","Three reasons to decline","discovered","","","0","https://github.com/BAITC-Hacks/hack-81bd6858-three-reasons-to-decline"
"1374120222","Three.js","discovered","","","0","https://github.com/BAITC-Hacks/hack-af32ac79-three-js"
"1378381357","Tigry s Astany","discovered","","","0","https://github.com/BAITC-Hacks/hack-bba62eee-tigry-s-astany"
"1379937910","Tigry s Astany","ready","","315fef577547e169aff60a3f15f9db66eb957e58","1","https://github.com/BAITC-Hacks/hack-33e7cddb-tigry-s-astany"
"1368164837","TIInager","discovered","","","0","https://github.com/BAITC-Hacks/hack-cbee3a84-tiinager"
"1364658885","Tikhaya Sosna","discovered","","","0","https://github.com/BAITC-Hacks/hack-a97f6ff9-tikhaya-sosna"
"1371355039","Tikhaya Sosna","discovered","","","0","https://github.com/BAITC-Hacks/hack-74ed287c-tikhaya-sosna"
"1374040142","TILEK-AI","ready","","407647faf5a63d0c85c04d0e93118e81123d3d78","1","https://github.com/BAITC-Hacks/hack-23bfd75e-tilek-ai"
"1374209217","TILEK-AI","discovered","","","0","https://github.com/BAITC-Hacks/hack-d1beb264-tilek-ai"
"1374806020","TilimAI","ready","","96c29ded44adfae748b0ec9e613d5fcc33b635a0","1","https://github.com/BAITC-Hacks/hack-08eedc6f-tilimai"
"1369216896","TilQanat","discovered","","","0","https://github.com/BAITC-Hacks/hack-fe690a9f-tilqanat"
"1377518169","Tim","discovered","","","0","https://github.com/BAITC-Hacks/hack-f6ff0eee-tim"
"1381636882","tima-kh-97","discovered","","","0","https://github.com/BAITC-Hacks/hack-4e1afa62-tima-kh-97"
"1377078885","TimasFriends","discovered","","","0","https://github.com/BAITC-Hacks/hack-415c3411-timasfriends"
"1381741331","TimQRB","discovered","","","0","https://github.com/BAITC-Hacks/hack-c650d4d6-timqrb"
"1381634181","TimShoiyn","ready","","86543c0f1560c3214f059f87f73bf5fec7a92269","1","https://github.com/BAITC-Hacks/hack-0b0eb061-timshoiyn"
"1373874765","Timur","ready","","2b429f0c7709154cdea8bacd85a81038e19f0089","1","https://github.com/BAITC-Hacks/hack-33241202-timur"
"1381742366","Timur-2703","ready","","9dcd7f7d63b9dc8bc8c437df6816eb7d44d805c4","1","https://github.com/BAITC-Hacks/hack-1ff4314c-timur-2703"
"1381764635","Timurkafed","discovered","","","0","https://github.com/BAITC-Hacks/hack-99796d94-timurkafed"
"1381648223","timursaurus","discovered","","","0","https://github.com/BAITC-Hacks/hack-7e0fecbd-timursaurus"
"1365774344","Tiramisu","discovered","","","0","https://github.com/BAITC-Hacks/hack-d6fe790b-tiramisu"
"1371411387","Tiramisu","discovered","","","0","https://github.com/BAITC-Hacks/hack-5271660c-tiramisu"
"1379594437","TIRAMISU0.3","discovered","","","0","https://github.com/BAITC-Hacks/hack-45c0c2c6-tiramisu0-3"
"1371275879","Tirek AI","ready","","e64cd998e6151387b884bee563fd32437ba6ac67","1","https://github.com/BAITC-Hacks/hack-25ef53a3-tirek-ai"
"1357091292","Tirek Systems and Solutions","discovered","","","0","https://github.com/BAITC-Hacks/hack-e1c6f154-tirek-systems-and-solutions"
"1381400738","Tirek_AI","discovered","","","0","https://github.com/BAITC-Hacks/hack-cdfcde41-tirek-ai"
"1375542549","TISHAB","discovered","","","0","https://github.com/BAITC-Hacks/hack-a6d47084-tishab"
"1377254078","titan","ready","","c7b57f7f3df2f025e6045ff1e876e69430932e6c","1","https://github.com/BAITC-Hacks/hack-1a9aa291-titan"
"1381710134","tksbaev","discovered","","","0","https://github.com/BAITC-Hacks/hack-987a4cbd-tksbaev"
"1381744569","tmmanss","discovered","","","0","https://github.com/BAITC-Hacks/hack-b25dd94a-tmmanss"
"1365304638","TND","ready","","e49850464450bd07d031bd7b87591be5770c44d8","1","https://github.com/BAITC-Hacks/hack-0b64172c-tnd"
"1373255678","To do","ready","","6230d8f66ba31cc2ad4038942d80dfd679ab8683","41","https://github.com/BAITC-Hacks/hack-0352fae5-to-do"
"1354878006","Toak","discovered","","","0","https://github.com/BAITC-Hacks/hack-716efeb3-toak"
"1377246215","Tofifidrinkers","discovered","","","0","https://github.com/BAITC-Hacks/hack-f9ef362b-tofifidrinkers"
"1381085304","Toilab","discovered","","","0","https://github.com/BAITC-Hacks/hack-bcc2386c-toilab"
"1380937132","Token burner","discovered","","","0","https://github.com/BAITC-Hacks/hack-a1c36e68-token-burner"
"1381700775","toktamysalua07","discovered","","","0","https://github.com/BAITC-Hacks/hack-7d0be9f5-toktamysalua07"
"1374698072","TOKYO","discovered","","","0","https://github.com/BAITC-Hacks/hack-43ff7ffa-tokyo"
"1378345240","TomAI","ready","","792eca14c4e5cdc3db2734342142eae663f0e5c9","1","https://github.com/BAITC-Hacks/hack-34c324b2-tomai"
"1381649859","tomiris","ready","","8f9ade9a2cf86a1884c4e856c185dd37e0c6ff2a","1","https://github.com/BAITC-Hacks/hack-3626f2f7-tomiris"
"1381628520","tomiris-zh","discovered","","","0","https://github.com/BAITC-Hacks/hack-88c29660-tomiris-zh"
"1377160412","TonyTonyChopper","discovered","","","0","https://github.com/BAITC-Hacks/hack-f4a4c04f-tonytonychopper"
"1373257940","Tooledu","discovered","","","0","https://github.com/BAITC-Hacks/hack-4e8c4863-tooledu"
"1363827620","Tortokaeva","discovered","","","0","https://github.com/BAITC-Hacks/hack-a33c0347-tortokaeva"
"1365875713","Totally Spies","discovered","","","0","https://github.com/BAITC-Hacks/hack-f78daef5-totally-spies"
"1369930190","Tovarish.Sanechka","discovered","","","0","https://github.com/BAITC-Hacks/hack-5fc9e139-tovarish-sanechka"
"1376286982","Towra","discovered","","","0","https://github.com/BAITC-Hacks/hack-3d2cc872-towra"
"1371412509","TOXIC","discovered","","","0","https://github.com/BAITC-Hacks/hack-7f07418d-toxic"
"1374380115","Toxic","ready","","f3edeeec2daff14aa7a6a0918a02a0f411a3c5a6","1","https://github.com/BAITC-Hacks/hack-2f934bfe-toxic"
"1376051175","Toxic","discovered","","","0","https://github.com/BAITC-Hacks/hack-d283068b-toxic"
"1375745431","tr1ce","discovered","","","0","https://github.com/BAITC-Hacks/hack-dee128e4-tr1ce"
"1374246506","Tr1k0TaJ","ready","","177ad5bd15d4370cc3f2d9301b5a2c95d4bb91d8","211","https://github.com/BAITC-Hacks/hack-00030236-tr1k0taj"
"1381758147","traitorous-8","ready","","c7eaa704c3697765e397cd1505633ef810333a07","1","https://github.com/BAITC-Hacks/hack-032ae872-traitorous-8"
"1375453724","Trauma Team","discovered","","","0","https://github.com/BAITC-Hacks/hack-529b2d17-trauma-team"
"1381657272","TrexJIu4ue","ready","","1504d64d1e70bad433ef5e6249eb7ecb804cc387","1","https://github.com/BAITC-Hacks/hack-18ba547b-trexjiu4ue"
"1377102495","TRIA","discovered","","","0","https://github.com/BAITC-Hacks/hack-f600afb6-tria"
"1376243275","Triangle","ready","","2ad42cf9cf4045c17afb94b8f53071f2e0f3861f","73","https://github.com/BAITC-Hacks/hack-314bbb86-triangle"
"1377028954","Tricare","discovered","","","0","https://github.com/BAITC-Hacks/hack-f518029b-tricare"
"1379213871","Trifecta AI","discovered","","","0","https://github.com/BAITC-Hacks/hack-48ddb768-trifecta-ai"
"1358857867","Trinity","ready","","b1876ffaaba460c48f2aee74a6ab36a912ef2903","74","https://github.com/BAITC-Hacks/hack-340dff38-trinity"
"1381629354","Trinity1315","discovered","","","0","https://github.com/BAITC-Hacks/hack-5ff72a66-trinity1315"
"1371178335","Trio","discovered","","","0","https://github.com/BAITC-Hacks/hack-83524d0d-trio"
"1374709670","TRIO","ready","","812345e9ff3379dbb253818908fee71fc6a00d1d","60","https://github.com/BAITC-Hacks/hack-0601d926-trio"
"1373182125","Trion Team","discovered","","","0","https://github.com/BAITC-Hacks/hack-936d098d-trion-team"
"1362360661","TrioRio-AISaaSB2B","discovered","","","0","https://github.com/BAITC-Hacks/hack-b41c7c71-triorio-aisaasb2b"
"1374205813","Triple A (AAA)","discovered","","","0","https://github.com/BAITC-Hacks/hack-fb928385-triple-a-aaa"
"1377423450","Triple A Solutions","discovered","","","0","https://github.com/BAITC-Hacks/hack-53941d5e-triple-a-solutions"
"1374109657","Triple byte","discovered","","","0","https://github.com/BAITC-Hacks/hack-e3596dde-triple-byte"
"1360422389","Triple-A","discovered","","","0","https://github.com/BAITC-Hacks/hack-e68c7bd2-triple-a"
"1371325747","Triple-A","ready","","6472b670532db0853febaf3e5c0bed42bd712067","1","https://github.com/BAITC-Hacks/hack-0e34e0b3-triple-a"
"1375657216","Triple_A","discovered","","","0","https://github.com/BAITC-Hacks/hack-dcc3f6d0-triple-a"
"1376996675","TripleStack","ready","","936571f548df5f8d3343e358cc0829b184ba52d5","1","https://github.com/BAITC-Hacks/hack-28d10952-triplestack"
"1369516040","Tripple-A","discovered","","","0","https://github.com/BAITC-Hacks/hack-a859baeb-tripple-a"
"1374702149","Trix","discovered","","","0","https://github.com/BAITC-Hacks/hack-44575324-trix"
"1381749370","triyul22","discovered","","","0","https://github.com/BAITC-Hacks/hack-b5f53b1b-triyul22"
"1376886774","Trojan","discovered","","","0","https://github.com/BAITC-Hacks/hack-d63dd3a5-trojan"
"1381661879","Trophy-kids","discovered","","","0","https://github.com/BAITC-Hacks/hack-d74349f4-trophy-kids"
"1374214948","Trust","discovered","","","0","https://github.com/BAITC-Hacks/hack-9cf50637-trust"
"1375542680","TryAct","discovered","","","0","https://github.com/BAITC-Hacks/hack-c2ceab5b-tryact"
"1376278418","TryHackMe","discovered","","","0","https://github.com/BAITC-Hacks/hack-728d5982-tryhackme"
"1375116967","TryingFish","discovered","","","0","https://github.com/BAITC-Hacks/hack-b5ddbca7-tryingfish"
"1379508321","TryingFish","discovered","","","0","https://github.com/BAITC-Hacks/hack-da584397-tryingfish"
"1381638930","Tsayat06","discovered","","","0","https://github.com/BAITC-Hacks/hack-89e5ab06-tsayat06"
"1381691187","tsukiko207-hue","discovered","","","0","https://github.com/BAITC-Hacks/hack-d2156b09-tsukiko207-hue"
"1381747944","ttankurai","discovered","","","0","https://github.com/BAITC-Hacks/hack-69877357-ttankurai"
"1363875426","TTTU.py","discovered","","","0","https://github.com/BAITC-Hacks/hack-55e98d47-tttu-py"
"1377277618","Tubi","discovered","","","0","https://github.com/BAITC-Hacks/hack-52479b65-tubi"
"1372787092","Tulgalyq","discovered","","","0","https://github.com/BAITC-Hacks/hack-5f8abe41-tulgalyq"
"1375843948","Tulpar","discovered","","","0","https://github.com/BAITC-Hacks/hack-46710f41-tulpar"
"1358359970","Tung Tung Tung SaCode","ready","","e23b67157cde7d61a54784c59356b7b4beee5960","1","https://github.com/BAITC-Hacks/hack-0a87d6cd-tung-tung-tung-sacode"
"1371336657","tungtungcodur","discovered","","","0","https://github.com/BAITC-Hacks/hack-d551be46-tungtungcodur"
"1381650116","Turarbek-2005","discovered","","","0","https://github.com/BAITC-Hacks/hack-f48f66b9-turarbek-2005"
"1381700652","turkestan","discovered","","","0","https://github.com/BAITC-Hacks/hack-550f3b10-turkestan"
"1372800838","Turtle","discovered","","","0","https://github.com/BAITC-Hacks/hack-fa5087f9-turtle"
"1381697361","Tushkanchikus","ready","","bbf2a13b4395420da27193c652c185191216d792","1","https://github.com/BAITC-Hacks/hack-185ec976-tushkanchikus"
"1378675254","TussemCorp","ready","","989e1ffd2d3e41febe1b693ae1c306b8afa115ff","1","https://github.com/BAITC-Hacks/hack-30b4c7f7-tussemcorp"
"1361437490","Tutorix","discovered","","","0","https://github.com/BAITC-Hacks/hack-96a3bc9c-tutorix"
"1381725272","Tuttyrulsss","discovered","","","0","https://github.com/BAITC-Hacks/hack-aacf0396-tuttyrulsss"
"1361488823","Tuzet","ready","","b0b0e92916e9a4f60a05970b76fa6cdff38dba31","59","https://github.com/BAITC-Hacks/hack-159c5b29-tuzet"
"1356897200","Twin Pin","ready","","60d9f377db9d285679ce83350f20c160eca3d325","1","https://github.com/BAITC-Hacks/hack-2591479b-twin-pin"
"1358524770","TΞSTING","discovered","","","0","https://github.com/BAITC-Hacks/hack-b0e0ddb6-t-sting"
"1371417896","TΞSTING","discovered","","","0","https://github.com/BAITC-Hacks/hack-4511178d-t-sting"
"1379594364","TΞSTING","ready","","c29f54b7bd83a2eead4caff817c331c9b5a5e1ae","1","https://github.com/BAITC-Hacks/hack-0d40cdbb-t-sting"
"1378407827","UB","discovered","","","0","https://github.com/BAITC-Hacks/hack-8a4ed672-ub"
"1372854940","UID Labs","ready","","70e3d631dc211011b630eb267e97cac1304f98fb","49","https://github.com/BAITC-Hacks/hack-19d23d4c-uid-labs"
"1379675015","UID Labs","discovered","","","0","https://github.com/BAITC-Hacks/hack-a2508018-uid-labs"
"1374084024","Uitech","discovered","","","0","https://github.com/BAITC-Hacks/hack-3cde68bb-uitech"
"1381762291","ulacoder","discovered","","","0","https://github.com/BAITC-Hacks/hack-94df935e-ulacoder"
"1381651527","ulank","discovered","","","0","https://github.com/BAITC-Hacks/hack-56123d30-ulank"
"1381744281","ulkei","ready","","380a6098fee4eda45af8eae70b74386bfe8f9254","1","https://github.com/BAITC-Hacks/hack-00851e68-ulkei"
"1374127181","Ultima","discovered","","","0","https://github.com/BAITC-Hacks/hack-5b2fd688-ultima"
"1373180963","Ultix","discovered","","","0","https://github.com/BAITC-Hacks/hack-e3c58b48-ultix"
"1381718821","ulyqpan","discovered","","","0","https://github.com/BAITC-Hacks/hack-969c67c3-ulyqpan"
"1381693502","ulzan018-astana","discovered","","","0","https://github.com/BAITC-Hacks/hack-ab245a68-ulzan018-astana"
"1377310626","Umay-Terratech","discovered","","","0","https://github.com/BAITC-Hacks/hack-944601b5-umay-terratech"
"1380349166","UMIT","ready","","e3be278f54b0f3c4af0126fd535c8009b95e1de4","1","https://github.com/BAITC-Hacks/hack-233ecda2-umit"
"1371393474","Umizumi","discovered","","","0","https://github.com/BAITC-Hacks/hack-cafccc6a-umizumi"
"1375676318","Unanimous","discovered","","","0","https://github.com/BAITC-Hacks/hack-8f1bcef2-unanimous"
"1375760127","Undefined","discovered","","","0","https://github.com/BAITC-Hacks/hack-47277bdb-undefined"
"1353957938","UNECom","discovered","","","0","https://github.com/BAITC-Hacks/hack-9658fc18-unecom"
"1364386724","UnemdeAI","discovered","","","0","https://github.com/BAITC-Hacks/hack-b128c06c-unemdeai"
"1361678022","Unemployed","discovered","","","0","https://github.com/BAITC-Hacks/hack-420e0b65-unemployed"
"1381678674","unerr","discovered","","","0","https://github.com/BAITC-Hacks/hack-66c21739-unerr"
"1350859015","UniFlow AI","discovered","","","0","https://github.com/BAITC-Hacks/hack-baec897e-uniflow-ai"
"1369624482","Uniqore.ai","discovered","","","0","https://github.com/BAITC-Hacks/hack-9fee8947-uniqore-ai"
"1379818164","Uniqore.AI","ready","","8b5618ca13dc01796813b192f15733ce365ba3fb","9","https://github.com/BAITC-Hacks/hack-28dae579-uniqore-ai"
"1371815957","Uniqs","discovered","","","0","https://github.com/BAITC-Hacks/hack-88197554-uniqs"
"1370249805","Unity","discovered","","","0","https://github.com/BAITC-Hacks/hack-803a65ad-unity"
"1371381281","Unity","discovered","","","0","https://github.com/BAITC-Hacks/hack-ebb03a97-unity"
"1379839734","Unity","discovered","","","0","https://github.com/BAITC-Hacks/hack-4d80b8af-unity"
"1381697102","unreal-kz","discovered","","","0","https://github.com/BAITC-Hacks/hack-b08614e5-unreal-kz"
"1373078986","UNRU AI","discovered","","","0","https://github.com/BAITC-Hacks/hack-c41412b2-unru-ai"
"1381746565","unstppbl","discovered","","","0","https://github.com/BAITC-Hacks/hack-fd77cf23-unstppbl"
"1379486450","Unsullied","ready","","57f38da121d530e4c7b5f756d3a673b1961478f0","1","https://github.com/BAITC-Hacks/hack-070f07c3-unsullied"
"1370152510","unsupervised","ready","","99bd0aac0fdb4883df4e3e2157bda65ddd9a687e","32","https://github.com/BAITC-Hacks/hack-03a47d56-unsupervised"
"1371341688","Untitled Team","discovered","","","0","https://github.com/BAITC-Hacks/hack-525dd3ce-untitled-team"
"1371344514","Untitled Team","discovered","","","0","https://github.com/BAITC-Hacks/hack-621175e5-untitled-team"
"1361473405","Upside down","discovered","","","0","https://github.com/BAITC-Hacks/hack-b33ebff3-upside-down"
"1381664419","ureslam","discovered","","","0","https://github.com/BAITC-Hacks/hack-63321983-ureslam"
"1381667209","urshkv","ready","","c6b7780c49a1ae48d712cb127368a35fd5559d7c","1","https://github.com/BAITC-Hacks/hack-18bd6b4e-urshkv"
"1374267769","USAnlog","ready","","24a0e490c495fba25ff9fb63b92c8da0645eb92c","5","https://github.com/BAITC-Hacks/hack-10f83c80-usanlog"
"1363812011","USB","discovered","","","0","https://github.com/BAITC-Hacks/hack-65c14aea-usb"
"1370975196","Users","ready","","340dc96077364f1025acf58b778cf417e88ccd43","1","https://github.com/BAITC-Hacks/hack-237a052f-users"
"1363468721","Ushqn AITU","discovered","","","0","https://github.com/BAITC-Hacks/hack-af8c1cd0-ushqn-aitu"
"1371325275","Ushqn AITU","discovered","","","0","https://github.com/BAITC-Hacks/hack-59ffde2d-ushqn-aitu"
"1374364343","Ushqn AITU","discovered","","","0","https://github.com/BAITC-Hacks/hack-92fdaf7f-ushqn-aitu"
"1381705599","uwatality","ready","","e59cfa63a50ed2ae1d59785103de967425e4aec3","1","https://github.com/BAITC-Hacks/hack-2072e7e3-uwatality"
"1349692191","UZ","discovered","","","0","https://github.com/BAITC-Hacks/hack-f0c1c7a4-uz"
"1381625426","v9mn8zctbp-crypto","ready","","6b9e8aab7529a3042b358a269032eaf9a00d0236","1","https://github.com/BAITC-Hacks/hack-0f15c768-v9mn8zctbp-crypto"
"1381623945","vaierxq-maker","ready","","4b7184a346e9f1dce5253bca40aee496c1011b29","1","https://github.com/BAITC-Hacks/hack-20632f47-vaierxq-maker"
"1365473598","Vais","ready","","093615b089fa7c6f4ef5f93647030361a786de6d","1","https://github.com/BAITC-Hacks/hack-0d7b09ae-vais"
"1381758247","Valochka19","discovered","","","0","https://github.com/BAITC-Hacks/hack-87f5840f-valochka19"
"1364286051","Vantage AI","discovered","","","0","https://github.com/BAITC-Hacks/hack-7bb3c2d4-vantage-ai"
"1376103492","Vanull","discovered","","","0","https://github.com/BAITC-Hacks/hack-c54b1522-vanull"
"1381671015","Vasek472","ready","","791ab01bce3a7c2f6499b8292580a012d53ac67d","1","https://github.com/BAITC-Hacks/hack-2d5dffa3-vasek472"
"1381709549","vasilenkomikhail1980-dotcom","discovered","","","0","https://github.com/BAITC-Hacks/hack-9e7519b5-vasilenkomikhail1980-dotcom"
"1370965692","Vasya","discovered","","","0","https://github.com/BAITC-Hacks/hack-c1eb12a4-vasya"
"1381633367","vavail","ready","","b89cebec71f739ba5e746405734d191f3cf33113","1","https://github.com/BAITC-Hacks/hack-1f40415f-vavail"
"1374465760","Vax-Dealers","discovered","","","0","https://github.com/BAITC-Hacks/hack-e935193d-vax-dealers"
"1381350771","Vector","discovered","","","0","https://github.com/BAITC-Hacks/hack-5f84cc63-vector"
"1358975688","Vector field","discovered","","","0","https://github.com/BAITC-Hacks/hack-836cc3bf-vector-field"
"1371367457","Vector field","discovered","","","0","https://github.com/BAITC-Hacks/hack-e1cdbbe0-vector-field"
"1361662344","VectorVol","discovered","","","0","https://github.com/BAITC-Hacks/hack-afafbc3c-vectorvol"
"1376934420","veelink","discovered","","","0","https://github.com/BAITC-Hacks/hack-757b0f9b-veelink"
"1368491762","velamen","ready","","fe787e40b0576cde1cb6c2328fb12373e27d67f8","23","https://github.com/BAITC-Hacks/hack-1c5d36cf-velamen"
"1373507670","Velocity","discovered","","","0","https://github.com/BAITC-Hacks/hack-dbc9c5ee-velocity"
"1368026229","VELTARQ","discovered","","","0","https://github.com/BAITC-Hacks/hack-8b6eaa99-veltarq"
"1379639227","VELTARQ","discovered","","","0","https://github.com/BAITC-Hacks/hack-5f51c84c-veltarq"
"1371838150","Vencera","discovered","","","0","https://github.com/BAITC-Hacks/hack-8d1507ba-vencera"
"1363968190","verify","discovered","","","0","https://github.com/BAITC-Hacks/hack-aa2f5347-verify"
"1366354309","Verissimus","discovered","","","0","https://github.com/BAITC-Hacks/hack-85a43815-verissimus"
"1379813983","Verissimus","ready","","3892e9e6a967f2ea5517d34d329a825e17734da2","5","https://github.com/BAITC-Hacks/hack-1a982715-verissimus"
"1374662098","veritas","ready","","f0904df8a763e296b1ac313fab345c7cafa1a795","3","https://github.com/BAITC-Hacks/hack-277a2398-veritas"
"1379857948","veritas","ready","","31e4b47bdf57c900a3df4f02be8b618988d2a256","1","https://github.com/BAITC-Hacks/hack-16b8b98f-veritas"
"1371991613","Verity","discovered","","","0","https://github.com/BAITC-Hacks/hack-ba9dc1f1-verity"
"1371309676","verstappen.com","discovered","","","0","https://github.com/BAITC-Hacks/hack-6e1d5b2d-verstappen-com"
"1371319792","verstappen.com","discovered","","","0","https://github.com/BAITC-Hacks/hack-fd8e6d17-verstappen-com"
"1379770452","verstappen.com","discovered","","","0","https://github.com/BAITC-Hacks/hack-f1455f96-verstappen-com"
"1361704290","Vertex","discovered","","","0","https://github.com/BAITC-Hacks/hack-9e7a5ced-vertex"
"1377588864","vibe coder","discovered","","","0","https://github.com/BAITC-Hacks/hack-ede9a8b1-vibe-coder"
"1373029967","Vibe Moggers","ready","","2be4b51fbe725851357ef678ce4ea8ec67a6e017","143","https://github.com/BAITC-Hacks/hack-1357219b-vibe-moggers"
"1371329385","VibeChillers","discovered","","","0","https://github.com/BAITC-Hacks/hack-3ad4294e-vibechillers"
"1374399544","VibeChillers","discovered","","","0","https://github.com/BAITC-Hacks/hack-e45a6b92-vibechillers"
"1372869612","VibeCode","ready","","4b4f8554e178675cd416154977362de7292e938c","1","https://github.com/BAITC-Hacks/hack-2f8aa3ea-vibecode"
"1377326126","VibeCodeVolki (VCV)","discovered","","","0","https://github.com/BAITC-Hacks/hack-66e72e5b-vibecodevolki-vcv"
"1350348344","VibeOps","discovered","","","0","https://github.com/BAITC-Hacks/hack-4a3a9b1c-vibeops"
"1372930253","Vibex","ready","","b6702e01775dbc1ed7223dfa437b5161a1ac65f7","1","https://github.com/BAITC-Hacks/hack-07fe891e-vibex"
"1381757547","VigesSvet","ready","","ba5f3e803a1777babd9417382c7d99edb54768be","1","https://github.com/BAITC-Hacks/hack-0ef9a1e4-vigessvet"
"1376077593","VILIS AI","discovered","","","0","https://github.com/BAITC-Hacks/hack-7c0507c8-vilis-ai"
"1355647366","VIP POLO","ready","","6c5c42d7ad4ce33c57d0e358ac8662f8915a2cb1","87","https://github.com/BAITC-Hacks/hack-12254b16-vip-polo"
"1378008192","VISION","discovered","","","0","https://github.com/BAITC-Hacks/hack-6e2a466f-vision"
"1369771262","Vision2026","discovered","","","0","https://github.com/BAITC-Hacks/hack-74a0463d-vision2026"
"1374682073","VisionCoach","ready","","3d7195757df47845884d033c704ec9817ecf5372","1","https://github.com/BAITC-Hacks/hack-06b06909-visioncoach"
"1379815913","visiontest","discovered","","","0","https://github.com/BAITC-Hacks/hack-6ce3f5c9-visiontest"
"1368308269","VitAI","discovered","","","0","https://github.com/BAITC-Hacks/hack-a4623d5f-vitai"
"1378213862","vivalet","discovered","","","0","https://github.com/BAITC-Hacks/hack-d9feb74b-vivalet"
"1381724832","vlad","discovered","","","0","https://github.com/BAITC-Hacks/hack-ad8273ed-vlad"
"1381629621","vladimir-yussupov81","discovered","","","0","https://github.com/BAITC-Hacks/hack-e8adfd2e-vladimir-yussupov81"
"1381751091","vladislav-pavlikov","discovered","","","0","https://github.com/BAITC-Hacks/hack-c16ebed6-vladislav-pavlikov"
"1380261420","Vneshtat","ready","","21ee5b98f120ef3b1e9aa6a1946ce33dae49797d","1","https://github.com/BAITC-Hacks/hack-0364b1b5-vneshtat"
"1381741880","Vodain","ready","","1d6e2f4772e7168f276f00712e53a6a909164eb8","1","https://github.com/BAITC-Hacks/hack-362d211d-vodain"
"1360332451","Volga Production","discovered","","","0","https://github.com/BAITC-Hacks/hack-875e970e-volga-production"
"1379676089","Volga Production","discovered","","","0","https://github.com/BAITC-Hacks/hack-d36aa7b9-volga-production"
"1375697238","Vozduhani","discovered","","","0","https://github.com/BAITC-Hacks/hack-5d164b2a-vozduhani"
"1376744946","vpadlu","ready","","a18cd7b542d857bd70b917b8c8bbc339a6a38f4d","1","https://github.com/BAITC-Hacks/hack-18b19bf0-vpadlu"
"1372003906","VT2k15","discovered","","","0","https://github.com/BAITC-Hacks/hack-9d786eb9-vt2k15"
"1375497089","Vtiposhniki","discovered","","","0","https://github.com/BAITC-Hacks/hack-81ca1a83-vtiposhniki"
"1372644280","VTK","discovered","","","0","https://github.com/BAITC-Hacks/hack-698575cf-vtk"
"1361347070","vv","ready","","5e64c51b5d0028f70764457e9d42cb55627f27d9","1","https://github.com/BAITC-Hacks/hack-2ed37f44-vv"
"1378271183","VVS","discovered","","","0","https://github.com/BAITC-Hacks/hack-a7bd558b-vvs"
"1379844698","Waheed's company","discovered","","","0","https://github.com/BAITC-Hacks/hack-ee3a1ecd-waheed-s-company"
"1369796383","Wai","ready","","481516f5afca8c00cc41c906fd69ea24156822c5","153","https://github.com/BAITC-Hacks/hack-1bf1c5f3-wai"
"1353739849","Wamigos","discovered","","","0","https://github.com/BAITC-Hacks/hack-40793dbe-wamigos"
"1374326039","Wamigos","discovered","","","0","https://github.com/BAITC-Hacks/hack-4ac40f9f-wamigos"
"1381689598","wamsulx","ready","","1cbe15fa42617ff71addbec1b67201e3605ed581","1","https://github.com/BAITC-Hacks/hack-272881e9-wamsulx"
"1372704336","Wandenreich","discovered","","","0","https://github.com/BAITC-Hacks/hack-8535a93d-wandenreich"
"1373987504","Warspaceman","discovered","","","0","https://github.com/BAITC-Hacks/hack-849af6d9-warspaceman"
"1374365577","Warspaceman","discovered","","","0","https://github.com/BAITC-Hacks/hack-84d3de81-warspaceman"
"1373187850","Waterlo-l3","ready","","8de815514c5b0c9a8134dd593107de510d32dc25","1","https://github.com/BAITC-Hacks/hack-0e53de1d-waterlo-l3"
"1379810449","wearelarping","ready","","88088a950dc10f6e179ca526cc2291097a602b42","1","https://github.com/BAITC-Hacks/hack-2368eac7-wearelarping"
"1377032264","WebSpace","discovered","","","0","https://github.com/BAITC-Hacks/hack-5263c4cc-webspace"
"1379776033","WebSpace","discovered","","","0","https://github.com/BAITC-Hacks/hack-e7e7d7a1-webspace"
"1377253651","Webster","discovered","","","0","https://github.com/BAITC-Hacks/hack-cc713f98-webster"
"1381684778","WeddingErasyl","ready","","797abf2f4c1a9ace89e182fd806bb498b00c7f14","1","https://github.com/BAITC-Hacks/hack-0d94488c-weddingerasyl"
"1378592976","wedontdo996","discovered","","","0","https://github.com/BAITC-Hacks/hack-403744fd-wedontdo996"
"1375870073","West side","discovered","","","0","https://github.com/BAITC-Hacks/hack-a4cdff0f-west-side"
"1379809230","west side","ready","","b9bc6736ff741984d99951ebcec2b4c9319b1d2a","1","https://github.com/BAITC-Hacks/hack-35267c85-west-side"
"1376963142","WESTcoder","discovered","","","0","https://github.com/BAITC-Hacks/hack-949b5db0-westcoder"
"1374360334","wew","ready","","25ac9ea1cc376e53d42850c1b61f6d83452f1acf","1","https://github.com/BAITC-Hacks/hack-20b52da8-wew"
"1349447107","wewe","discovered","","","0","https://github.com/BAITC-Hacks/hack-8bdd78db-wewe"
"1374738383","Wezeso","discovered","","","0","https://github.com/BAITC-Hacks/hack-6d3a9d14-wezeso"
"1381688009","wh473v3r","discovered","","","0","https://github.com/BAITC-Hacks/hack-81bab1e9-wh473v3r"
"1362796420","WhesternUnion","discovered","","","0","https://github.com/BAITC-Hacks/hack-ed0ebc3f-whesternunion"
"1376887106","WhiteWind","discovered","","","0","https://github.com/BAITC-Hacks/hack-a26f037d-whitewind"
"1381639434","whvtnk","ready","","1169dbe49ffba6b9ba7f68fbefc91d39472f9c49","1","https://github.com/BAITC-Hacks/hack-35ee562c-whvtnk"
"1361051116","whynot","discovered","","","0","https://github.com/BAITC-Hacks/hack-f2139e4f-whynot"
"1371337998","whynot","discovered","","","0","https://github.com/BAITC-Hacks/hack-684b88ac-whynot"
"1374380248","WhyNot","discovered","","","0","https://github.com/BAITC-Hacks/hack-b448281f-whynot"
"1378472396","Wigunilmi","discovered","","","0","https://github.com/BAITC-Hacks/hack-f69df421-wigunilmi"
"1379828873","Wigunilmi","ready","","0186e7a526a3ff0c0c5ece29561078ffb975038e","3","https://github.com/BAITC-Hacks/hack-13607aa8-wigunilmi"
"1369942566","Winchesters","discovered","","","0","https://github.com/BAITC-Hacks/hack-5e7d6e3c-winchesters"
"1360986103","Winclass","ready","","ce52fdf9b28fa703ebbacf6b2fb1117893565a69","2","https://github.com/BAITC-Hacks/hack-2e6871b0-winclass"
"1375727908","winx","discovered","","","0","https://github.com/BAITC-Hacks/hack-a791087a-winx"
"1354485204","With hackathon","discovered","","","0","https://github.com/BAITC-Hacks/hack-75a10e12-with-hackathon"
"1381632918","wjxbjz","discovered","","","0","https://github.com/BAITC-Hacks/hack-38ba2368-wjxbjz"
"1381705466","wllkpz","ready","","cb197cea3f59352fc8af4515dc2263080d2606b0","1","https://github.com/BAITC-Hacks/hack-2f63ec74-wllkpz"
"1377340707","Workaholics","discovered","","","0","https://github.com/BAITC-Hacks/hack-a9a8fe10-workaholics"
"1377146666","Works Somehow","discovered","","","0","https://github.com/BAITC-Hacks/hack-57125816-works-somehow"
"1373206231","Worldview","discovered","","","0","https://github.com/BAITC-Hacks/hack-d8f2535e-worldview"
"1381692590","woulthahe","discovered","","","0","https://github.com/BAITC-Hacks/hack-6438383d-woulthahe"
"1377042028","Wpower","discovered","","","0","https://github.com/BAITC-Hacks/hack-7e21a1a9-wpower"
"1378505116","WUPS","discovered","","","0","https://github.com/BAITC-Hacks/hack-d08d0dfd-wups"
"1361490932","WW","discovered","","","0","https://github.com/BAITC-Hacks/hack-ea75210c-ww"
"1376115119","Ww cs2614","discovered","","","0","https://github.com/BAITC-Hacks/hack-a8706617-ww-cs2614"
"1373480194","WW TEAM","discovered","","","0","https://github.com/BAITC-Hacks/hack-d8295458-ww-team"
"1375700326","WWW.AI","discovered","","","0","https://github.com/BAITC-Hacks/hack-9983edb9-www-ai"
"1373008863","x12Tango","discovered","","","0","https://github.com/BAITC-Hacks/hack-e1b52b8a-x12tango"
"1379838123","x12Tango","discovered","","","0","https://github.com/BAITC-Hacks/hack-f702ab05-x12tango"
"1381725000","xaaaan","discovered","","","0","https://github.com/BAITC-Hacks/hack-da8faf6d-xaaaan"
"1373336116","Xarabis","discovered","","","0","https://github.com/BAITC-Hacks/hack-6744d423-xarabis"
"1381726264","xergsd","discovered","","","0","https://github.com/BAITC-Hacks/hack-4360d050-xergsd"
"1372841619","Xi","error","","","0","https://github.com/BAITC-Hacks/hack-18874c1c-xi"
"1368313999","Xin Chao","discovered","","","0","https://github.com/BAITC-Hacks/hack-99f7eb06-xin-chao"
"1381735351","xnowxoxo","ready","","e8d50c1f5f25f5fed7d6428ca8883816bf0b71a4","1","https://github.com/BAITC-Hacks/hack-09c28345-xnowxoxo"
"1381653027","Xseron","discovered","","","0","https://github.com/BAITC-Hacks/hack-d1a9845a-xseron"
"1381744424","xx-fate-xx","discovered","","","0","https://github.com/BAITC-Hacks/hack-3a5076f9-xx-fate-xx"
"1375862859","XXL","ready","","a0da1f22a9142545b744d50f5d579c3ddff4e553","1","https://github.com/BAITC-Hacks/hack-07a54450-xxl"
"1378125612","XY","discovered","","","0","https://github.com/BAITC-Hacks/hack-c9937c44-xy"
"1379799796","XY","ready","","c890bfc84036536b9168776aeda5f87fc9eb64a5","7","https://github.com/BAITC-Hacks/hack-0a99e361-xy"
"1369675914","XYZ","discovered","","","0","https://github.com/BAITC-Hacks/hack-aa01ca3b-xyz"
"1368100716","Y","discovered","","","0","https://github.com/BAITC-Hacks/hack-9e0cb6e2-y"
"1379542347","Y","discovered","","","0","https://github.com/BAITC-Hacks/hack-46e169e1-y"
"1379858510","Y.E.R.A AI","discovered","","","0","https://github.com/BAITC-Hacks/hack-4badfa22-y-e-r-a-ai"
"1376019185","Y.E.R.A. AI","ready","","9cac17fe115652117dda0d6d93f36c9f5cc97d5c","11","https://github.com/BAITC-Hacks/hack-1c78f02e-y-e-r-a-ai"
"1379882607","YaMognulAsana","ready","","b519651ddb4a24c5df2f0c43343d039fa62a0968","1","https://github.com/BAITC-Hacks/hack-2df963f9-yamognulasana"
"1381678240","yanat228","ready","","1e2345ec72bd002408d27a25a97089c18a5ab896","1","https://github.com/BAITC-Hacks/hack-3617fd30-yanat228"
"1375445620","Yasawi Lab","discovered","","","0","https://github.com/BAITC-Hacks/hack-89226c30-yasawi-lab"
"1374134009","Yassawi","ready","","f38f2829df8f8a280657643519d052a9edd589de","118","https://github.com/BAITC-Hacks/hack-1c50feda-yassawi"
"1375697553","Yassi","ready","","f1211819c90d7dea93d8a47a7293fda358a3f569","15","https://github.com/BAITC-Hacks/hack-318ebff5-yassi"
"1354848716","YeahGrinder","discovered","","","0","https://github.com/BAITC-Hacks/hack-b18950a7-yeahgrinder"
"1374563214","YegorFromNeverland","ready","","856d574a41c13da357f5e6b08e47d0bf17547a36","1","https://github.com/BAITC-Hacks/hack-3783942e-yegorfromneverland"
"1381653511","Yekaterina05","ready","","87605f7513e58aded93f8de6a07dc477bb37da1f","1","https://github.com/BAITC-Hacks/hack-103cc238-yekaterina05"
"1381664054","YelkhanYelzhanuly","discovered","","","0","https://github.com/BAITC-Hacks/hack-9768f084-yelkhanyelzhanuly"
"1378417010","Yelumio AI","discovered","","","0","https://github.com/BAITC-Hacks/hack-7243bf44-yelumio-ai"
"1381648107","yembergena","discovered","","","0","https://github.com/BAITC-Hacks/hack-5af719f3-yembergena"
"1371272508","Yerassulnur","discovered","","","0","https://github.com/BAITC-Hacks/hack-4565233c-yerassulnur"
"1381742949","yerassyl-sailaubay","discovered","","","0","https://github.com/BAITC-Hacks/hack-bb79346f-yerassyl-sailaubay"
"1381638725","yerassylkm","discovered","","","0","https://github.com/BAITC-Hacks/hack-97c8e654-yerassylkm"
"1368638380","Yerayal","discovered","","","0","https://github.com/BAITC-Hacks/hack-556ac538-yerayal"
"1381635206","Yerbuhbet","ready","","63504a30a494544d6d1d96065025464773c3a1d9","1","https://github.com/BAITC-Hacks/hack-2a68e0e9-yerbuhbet"
"1381664700","yerdaulet91","ready","","39fffefb9c0c45ee7736f2a3549f58b3102f5950","1","https://github.com/BAITC-Hacks/hack-19a37d8c-yerdaulet91"
"1381686860","yerk0w","discovered","","","0","https://github.com/BAITC-Hacks/hack-3feb656b-yerk0w"
"1381666409","yerkin505","discovered","","","0","https://github.com/BAITC-Hacks/hack-b05d8c35-yerkin505"
"1381718423","Yerkinzhan","discovered","","","0","https://github.com/BAITC-Hacks/hack-6342f28c-yerkinzhan"
"1382910845","yerlennx","discovered","","","0","https://github.com/BAITC-Hacks/hack-7b631668-yerlennx"
"1381643323","yermakhanbetovv","discovered","","","0","https://github.com/BAITC-Hacks/hack-be4b987c-yermakhanbetovv"
"1381625148","yernice","discovered","","","0","https://github.com/BAITC-Hacks/hack-6a377f40-yernice"
"1381752662","yernursb","discovered","","","0","https://github.com/BAITC-Hacks/hack-cac11690-yernursb"
"1381727582","Yersin004","discovered","","","0","https://github.com/BAITC-Hacks/hack-db22728f-yersin004"
"1381737772","yerslx","discovered","","","0","https://github.com/BAITC-Hacks/hack-96fb8df3-yerslx"
"1381626020","Yeskendir-2412","ready","","6bb0c47f374f959c2069faf673ab444e317dad16","1","https://github.com/BAITC-Hacks/hack-01a8b4c9-yeskendir-2412"
"1378272238","Yessimkhan Orynbay","discovered","","","0","https://github.com/BAITC-Hacks/hack-4363bfb0-yessimkhan-orynbay"
"1381749804","Yetbir","discovered","","","0","https://github.com/BAITC-Hacks/hack-f108cf70-yetbir"
"1349490960","Yield AI","discovered","","","0","https://github.com/BAITC-Hacks/hack-fcc9aecf-yield-ai"
"1373132290","yLuTo4KA-team","discovered","","","0","https://github.com/BAITC-Hacks/hack-7efea5a5-yluto4ka-team"
"1361292485","YMY","discovered","","","0","https://github.com/BAITC-Hacks/hack-af47b219-ymy"
"1375437764","Yola Team","ready","","2eb8bbea7b3e0652896e8aa00b3a686666c34382","45","https://github.com/BAITC-Hacks/hack-10d6f8ea-yola-team"
"1379835909","Yolo","discovered","","","0","https://github.com/BAITC-Hacks/hack-9d8fb766-yolo"
"1302545683","Yonro","discovered","","","0","https://github.com/BAITC-Hacks/hack-e780510c-yonro"
"1318207749","Yonro","discovered","","","0","https://github.com/BAITC-Hacks/hack-c05f1da7-yonro"
"1381760661","Yosemiteee","ready","","46605690a28ba7b763644015c4f7109b9c7cd612","1","https://github.com/BAITC-Hacks/hack-2158b04e-yosemiteee"
"1378234653","yosys","discovered","","","0","https://github.com/BAITC-Hacks/hack-8b95fad0-yosys"
"1381625681","YoungCyberCowboy","discovered","","","0","https://github.com/BAITC-Hacks/hack-663681f4-youngcybercowboy"
"1374314302","Yourt-tech","discovered","","","0","https://github.com/BAITC-Hacks/hack-8dd2609f-yourt-tech"
"1349528996","YpCIIIaK Labs","discovered","","","0","https://github.com/BAITC-Hacks/hack-3e828a49-ypciiiak-labs"
"1381748511","ysamalov","discovered","","","0","https://github.com/BAITC-Hacks/hack-e7774333-ysamalov"
"1381643457","yujiqo","discovered","","","0","https://github.com/BAITC-Hacks/hack-e12614ee-yujiqo"
"1381752503","yukkennn","discovered","","","0","https://github.com/BAITC-Hacks/hack-c31eb3f9-yukkennn"
"1376073359","YVL","discovered","","","0","https://github.com/BAITC-Hacks/hack-9a3f8069-yvl"
"1368579481","Z","discovered","","","0","https://github.com/BAITC-Hacks/hack-3c305a41-z"
"1379738783","Z","discovered","","","0","https://github.com/BAITC-Hacks/hack-557c764d-z"
"1359361334","Z&R Mentality","discovered","","","0","https://github.com/BAITC-Hacks/hack-87ee1851-z-r-mentality"
"1366276838","z1taru","discovered","","","0","https://github.com/BAITC-Hacks/hack-950c8898-z1taru"
"1381706699","zaasglg","ready","","d680371b464e266dfecad13ef12e19f74f704197","1","https://github.com/BAITC-Hacks/hack-21b53722-zaasglg"
"1376142932","zadroty sproty","ready","","0f1aabe4eb24772ad811dd1ffc2dfeaa4a5e0ade","1","https://github.com/BAITC-Hacks/hack-171f8610-zadroty-sproty"
"1381705151","zaharcsharp","discovered","","","0","https://github.com/BAITC-Hacks/hack-a74009f8-zaharcsharp"
"1381690826","zakonbizanbolsyn","ready","","ed4d40d90c3001d354e43200f16cbc7461f10713","1","https://github.com/BAITC-Hacks/hack-033db5cc-zakonbizanbolsyn"
"1374918205","ZanGuard","discovered","","","0","https://github.com/BAITC-Hacks/hack-39e87994-zanguard"
"1376113526","ZAS","discovered","","","0","https://github.com/BAITC-Hacks/hack-d93224db-zas"
"1373177873","ZEN","ready","","8b651c1cf61ca5095b5c201551bd269498c771f7","1","https://github.com/BAITC-Hacks/hack-00ee7287-zen"
"1364436435","Zenith","discovered","","","0","https://github.com/BAITC-Hacks/hack-8de246a5-zenith"
"1381671479","Zenith-daemon","discovered","","","0","https://github.com/BAITC-Hacks/hack-f269bf1d-zenith-daemon"
"1354621033","ZENKAI","ready","","d999854993ad8a68776dfc5046e6aec1a2302828","1","https://github.com/BAITC-Hacks/hack-30f70588-zenkai"
"1381696649","Zentaiva","discovered","","","0","https://github.com/BAITC-Hacks/hack-990515b5-zentaiva"
"1377496365","Zerger","discovered","","","0","https://github.com/BAITC-Hacks/hack-e3a90eb7-zerger"
"1376189184","zero","discovered","","","0","https://github.com/BAITC-Hacks/hack-a2525ca4-zero"
"1364285018","Zero Squad","ready","","5ffade2cd89364369368c1869b2a8974c800c396","1","https://github.com/BAITC-Hacks/hack-2b094c27-zero-squad"
"1372553336","ZeroClick","discovered","","","0","https://github.com/BAITC-Hacks/hack-b91ed6e6-zeroclick"
"1361456060","ZeroDay","ready","","a978764cc3e9cc93a96aa99b647b40192f2cfb27","1","https://github.com/BAITC-Hacks/hack-02e28440-zeroday"
"1370342255","ZeroHAL","discovered","","","0","https://github.com/BAITC-Hacks/hack-f61fc4c3-zerohal"
"1377264605","Zerohub","discovered","","","0","https://github.com/BAITC-Hacks/hack-d875bcea-zerohub"
"1363470158","ZETA_Team","ready","","49da2da6a47f42e8a416a72a1c467e71780ad94a","57","https://github.com/BAITC-Hacks/hack-095d481c-zeta-team"
"1367230824","Zethus","discovered","","","0","https://github.com/BAITC-Hacks/hack-d080e15b-zethus"
"1381635361","zetpisbaevdarhan1-stack","discovered","","","0","https://github.com/BAITC-Hacks/hack-96d94a29-zetpisbaevdarhan1-stack"
"1381628793","Zeunsik","discovered","","","0","https://github.com/BAITC-Hacks/hack-58157c17-zeunsik"
"1381634520","zeyneshzholdasova","discovered","","","0","https://github.com/BAITC-Hacks/hack-57eabd4f-zeyneshzholdasova"
"1381681381","Zh1enbaev","discovered","","","0","https://github.com/BAITC-Hacks/hack-6f3b351a-zh1enbaev"
"1381643801","zhagypartolkyn","discovered","","","0","https://github.com/BAITC-Hacks/hack-59728f4f-zhagypartolkyn"
"1381736118","zhakansadykov","discovered","","","0","https://github.com/BAITC-Hacks/hack-a84ed19f-zhakansadykov"
"1381738245","zhakoo","discovered","","","0","https://github.com/BAITC-Hacks/hack-c65cb2da-zhakoo"
"1381673593","Zhalgas","ready","","1c99c340d7f52f30fd39f0d5057ddb92e8be4cc0","1","https://github.com/BAITC-Hacks/hack-198c3e17-zhalgas"
"1361313596","zhalpakov","ready","","c11acd84815f3445099c5582cc01264bdf7109c0","1","https://github.com/BAITC-Hacks/hack-11ac94eb-zhalpakov"
"1379601396","zhalpakov repa","discovered","","","0","https://github.com/BAITC-Hacks/hack-7578ff3d-zhalpakov-repa"
"1381723151","zhan1b3k","discovered","","","0","https://github.com/BAITC-Hacks/hack-9efe6c19-zhan1b3k"
"1372819609","ZhanAi","discovered","","","0","https://github.com/BAITC-Hacks/hack-d058b887-zhanai"
"1381757929","Zhanar","ready","","bfce7b0dee646ba429499a01ad339378d685bb0b","1","https://github.com/BAITC-Hacks/hack-22f4174f-zhanar"
"1381680327","zhanelkins","discovered","","","0","https://github.com/BAITC-Hacks/hack-9156fc02-zhanelkins"
"1381633673","zhanell","discovered","","","0","https://github.com/BAITC-Hacks/hack-65832770-zhanell"
"1381666683","zhanerke","discovered","","","0","https://github.com/BAITC-Hacks/hack-8e6bdd31-zhanerke"
"1381665236","zhanerkekumar-234","ready","","739b3af9eeb84379d050e1ff21e18cd3b59a9664","1","https://github.com/BAITC-Hacks/hack-2b0958c6-zhanerkekumar-234"
"1377441703","Zhanibek","discovered","","","0","https://github.com/BAITC-Hacks/hack-d3d1e752-zhanibek"
"1381744817","zhanibekkushbassov-glitch","discovered","","","0","https://github.com/BAITC-Hacks/hack-6fc52e4d-zhanibekkushbassov-glitch"
"1381692213","zhannur858","discovered","","","0","https://github.com/BAITC-Hacks/hack-a067cb6d-zhannur858"
"1381671365","Zhansaya","discovered","","","0","https://github.com/BAITC-Hacks/hack-c8d8ee3d-zhansaya"
"1381673332","zhansaya-dev","discovered","","","0","https://github.com/BAITC-Hacks/hack-eac32eea-zhansaya-dev"
"1381648724","Zhansayaaa","discovered","","","0","https://github.com/BAITC-Hacks/hack-da24be5a-zhansayaaa"
"1381728525","zhantikky","ready","","efe6febb736f829689261b311c41cea4115d539f","1","https://github.com/BAITC-Hacks/hack-077918df-zhantikky"
"1381706288","zhantixx","ready","","6d5330c86eafb0b61f34e9c2366b33af2b6b1225","1","https://github.com/BAITC-Hacks/hack-12842b89-zhantixx"
"1381255046","Zhantok","discovered","","","0","https://github.com/BAITC-Hacks/hack-7c10da7b-zhantok"
"1381676305","Zhanyyyl","ready","","71fe47b1c50b0cc8d48bfd4c0133fcff74de4b49","1","https://github.com/BAITC-Hacks/hack-0941f5e7-zhanyyyl"
"1381623700","zharqyra","discovered","","","0","https://github.com/BAITC-Hacks/hack-a2fe2a5a-zharqyra"
"1381632494","Zhasik1","discovered","","","0","https://github.com/BAITC-Hacks/hack-b734fee1-zhasik1"
"1376950426","Zhastyq","discovered","","","0","https://github.com/BAITC-Hacks/hack-b7a04bbf-zhastyq"
"1379806148","zhasulan","discovered","","","0","https://github.com/BAITC-Hacks/hack-c112ec9c-zhasulan"
"1381699208","Zhasulann-20","discovered","","","0","https://github.com/BAITC-Hacks/hack-593151e5-zhasulann-20"
"1376926203","Zheltoqsan","discovered","","","0","https://github.com/BAITC-Hacks/hack-651064ae-zheltoqsan"
"1381737514","zhem4ug","discovered","","","0","https://github.com/BAITC-Hacks/hack-f4120b51-zhem4ug"
"1352709936","ZherimAI","ready","","d20e9dcd9ee5c40b9626a2903263057361843f27","95","https://github.com/BAITC-Hacks/hack-0c0b2c2f-zherimai"
"1361531047","Zhetysu","discovered","","","0","https://github.com/BAITC-Hacks/hack-f6676a41-zhetysu"
"1365873370","ZhetysuTech","discovered","","","0","https://github.com/BAITC-Hacks/hack-8ffdfbfa-zhetysutech"
"1381756893","zhhass","ready","","78feabd7b323588c7e6c121e01ede165c3801e88","1","https://github.com/BAITC-Hacks/hack-0f2fc998-zhhass"
"1381690682","Zhiger","ready","","416a5e3b3ac9d852c45f17771af77ce344ddef1e","1","https://github.com/BAITC-Hacks/hack-1091bfc8-zhiger"
"1378270528","Zhigitter","ready","","d9d371794904297d51fa9b8d24c6efcb3506ab24","91","https://github.com/BAITC-Hacks/hack-14404732-zhigitter"
"1379537970","Zhigitter","discovered","","","0","https://github.com/BAITC-Hacks/hack-48a05ebf-zhigitter"
"1381760098","Zhpon","discovered","","","0","https://github.com/BAITC-Hacks/hack-65c23030-zhpon"
"1381625028","zhturs","ready","","7ccac11fd807c349840b403f425c61fcd84164f5","1","https://github.com/BAITC-Hacks/hack-026ff933-zhturs"
"1353375820","Zhubanov team","discovered","","","0","https://github.com/BAITC-Hacks/hack-97280b7c-zhubanov-team"
"1381657935","zhunisbeka-ai","ready","","a82566637c93d894d9c0f0970f769fa941308c11","1","https://github.com/BAITC-Hacks/hack-382cedc2-zhunisbeka-ai"
"1381746695","zhuniskhans-hash","ready","","2b5ee3995110b9f85f011ae56000496cce514561","1","https://github.com/BAITC-Hacks/hack-16cba0ef-zhuniskhans-hash"
"1381686302","Zhuzi","discovered","","","0","https://github.com/BAITC-Hacks/hack-bef9c95b-zhuzi"
"1381745309","zhvnsyrym","discovered","","","0","https://github.com/BAITC-Hacks/hack-8f2bca5b-zhvnsyrym"
"1381692066","Ziyat20","discovered","","","0","https://github.com/BAITC-Hacks/hack-4a6c9257-ziyat20"
"1360065494","Ziza","discovered","","","0","https://github.com/BAITC-Hacks/hack-43bd3489-ziza"
"1381714380","zkm-zkm","discovered","","","0","https://github.com/BAITC-Hacks/hack-a3e5fbaa-zkm-zkm"
"1363926120","znayushie pobedi","discovered","","","0","https://github.com/BAITC-Hacks/hack-f05c02cc-znayushie-pobedi"
"1369317561","ZSA","discovered","","","0","https://github.com/BAITC-Hacks/hack-cb606f99-zsa"
"1381746957","zsandibe","discovered","","","0","https://github.com/BAITC-Hacks/hack-ed2caa80-zsandibe"
"1381747327","zumar-ship-it","discovered","","","0","https://github.com/BAITC-Hacks/hack-8c9be0b9-zumar-ship-it"
"1376018189","ZumMer","ready","","b618e18dbe01628bf4595071fa3cef9a8bae2ab9","6","https://github.com/BAITC-Hacks/hack-221b239e-zummer"
"1367243627","zxc","discovered","","","0","https://github.com/BAITC-Hacks/hack-e94993ef-zxc"
"1377188606","ZYNX","discovered","","","0","https://github.com/BAITC-Hacks/hack-b044a37f-zynx"
"1381678798","zzertex","ready","","f88c3abcb46f149d00c999068ffd355a4a0f86dd","1","https://github.com/BAITC-Hacks/hack-17f46208-zzertex"
"1376139243","Zzz Technology","discovered","","","0","https://github.com/BAITC-Hacks/hack-bf176827-zzz-technology"
"1363839644","«The Power of Dreams»","discovered","","","0","https://github.com/BAITC-Hacks/hack-83108e9d-the-power-of-dreams"
"1374118593","Óðinn","ready","","1f3d3e5cfd83f1da0d6d0740f11fa07ed97f0ab1","1","https://github.com/BAITC-Hacks/hack-2921ff90-inn"
"1375646328","Üsh Token","ready","","90e0c7f9f0be8de7d54187247348858ad106d216","95","https://github.com/BAITC-Hacks/hack-07943fc4-sh-token"
"1375841766","älem-AI","discovered","","","0","https://github.com/BAITC-Hacks/hack-6fbd4f78-lem-ai"
"1379831477","énouement","discovered","","","0","https://github.com/BAITC-Hacks/hack-f8d48105-nouement"
"1365339734","А да нууууу","discovered","","","0","https://github.com/BAITC-Hacks/hack-aa1c5b09-team"
"1366441648","Алем жив","discovered","","","0","https://github.com/BAITC-Hacks/hack-61391193-team"
"1353592335","Алты және Жеті","discovered","","","0","https://github.com/BAITC-Hacks/hack-cfad44da-team"
"1372196167","Ариадна","ready","","ea4f2493a3b730e76df3ad73d860640e6ee42a00","1","https://github.com/BAITC-Hacks/hack-28fde88a-team"
"1365511440","Арыс","ready","","4a79b39e3db758f95f093ebdbac4afb4a9f65116","112","https://github.com/BAITC-Hacks/hack-15d1fa83-team"
"1379615725","Арыс","discovered","","","0","https://github.com/BAITC-Hacks/hack-4da6c382-team"
"1379674595","Ася и другие","discovered","","","0","https://github.com/BAITC-Hacks/hack-4be241d5-team"
"1374288228","БАН","discovered","","","0","https://github.com/BAITC-Hacks/hack-b0ab602d-team"
"1376807511","БАРНИ","discovered","","","0","https://github.com/BAITC-Hacks/hack-deac5d5d-team"
"1379705075","БАРНИ","discovered","","","0","https://github.com/BAITC-Hacks/hack-b713e501-team"
"1376279893","Багоделы","discovered","","","0","https://github.com/BAITC-Hacks/hack-a7f18a38-team"
"1378191902","Банановая сила","discovered","","","0","https://github.com/BAITC-Hacks/hack-69ab7e6d-team"
"1361430554","Батыс","ready","","bc43bcdc54998bc2d8e08a2c3023797b20d9d677","37","https://github.com/BAITC-Hacks/hack-032ef148-team"
"1376828913","Биба и Боба","discovered","","","0","https://github.com/BAITC-Hacks/hack-d69c4c9d-team"
"1371354954","Боб 3","ready","","18376c2de2484e39ce23a29b374ceacc58914761","1","https://github.com/BAITC-Hacks/hack-1b4ec718-3"
"1365650795","Вайбкодеры","discovered","","","0","https://github.com/BAITC-Hacks/hack-4c816c70-team"
"1363655718","Вайпкодеры","ready","","70c75748bb8956e615ec29dae4a92036efe274f3","52","https://github.com/BAITC-Hacks/hack-18644ae3-team"
"1358350238","Введите текст","discovered","","","0","https://github.com/BAITC-Hacks/hack-ed8afe07-team"
"1363024928","Во имя Омниссии!","discovered","","","0","https://github.com/BAITC-Hacks/hack-cb6a2678-team"
"1364755515","Всеmoggущие","discovered","","","0","https://github.com/BAITC-Hacks/hack-3916edde-mogg"
"1371325049","Всеmoggущие","discovered","","","0","https://github.com/BAITC-Hacks/hack-6bc36319-mogg"
"1375709812","Где мой API","discovered","","","0","https://github.com/BAITC-Hacks/hack-ea63b56a-api"
"1286791135","Гениальность","discovered","","","0","https://github.com/BAITC-Hacks/hack-864ae639-team"
"1362434568","Группа  «В Ухо»","ready","","43b50c09d162164580ed93480189ceea21a8ad7b","1","https://github.com/BAITC-Hacks/hack-37b307d7-team"
"1374392556","ДАЛВДЫФВДЛФЫДВ","discovered","","","0","https://github.com/BAITC-Hacks/hack-8f048736-team"
"1376108404","Детский сад «Солнышко»","discovered","","","0","https://github.com/BAITC-Hacks/hack-8f1178af-team"
"1374169285","Джаваскриптизеры","discovered","","","0","https://github.com/BAITC-Hacks/hack-f7336ce5-team"
"1361810406","Джарвис","discovered","","","0","https://github.com/BAITC-Hacks/hack-9d786474-team"
"1377079445","Джон Голт","ready","","5266af892aeefecf6343824493d1fc3bd922ed9d","26","https://github.com/BAITC-Hacks/hack-18881e5e-team"
"1361363963","Е=mc2","discovered","","","0","https://github.com/BAITC-Hacks/hack-cfad56ca-mc2"
"1366557757","ИБД","discovered","","","0","https://github.com/BAITC-Hacks/hack-6356e860-team"
"1370874997","ИИ-сскуство","discovered","","","0","https://github.com/BAITC-Hacks/hack-79a3383c-team"
"1378284539","КНАХ AI TEAM","discovered","","","0","https://github.com/BAITC-Hacks/hack-92669032-ai-team"
"1379342291","Казахский штурвал","discovered","","","0","https://github.com/BAITC-Hacks/hack-a9b89359-team"
"1376587240","Калифорнийское бюро расследований","discovered","","","0","https://github.com/BAITC-Hacks/hack-4cea2b8e-team"
"1374414460","Кибер_странник","discovered","","","0","https://github.com/BAITC-Hacks/hack-f74340d3-team"
"1374040044","Команда Negiz","discovered","","","0","https://github.com/BAITC-Hacks/hack-de7b6d7c-negiz"
"1377501942","Кусымбаев Алан","discovered","","","0","https://github.com/BAITC-Hacks/hack-b33d55f2-team"
"1361980629","Лобстеры","discovered","","","0","https://github.com/BAITC-Hacks/hack-d04687d4-team"
"1367385151","Луксмаксеры","discovered","","","0","https://github.com/BAITC-Hacks/hack-95b86b43-team"
"1377132013","Метрологи","discovered","","","0","https://github.com/BAITC-Hacks/hack-3c5e22be-team"
"1379853259","Мустафа","discovered","","","0","https://github.com/BAITC-Hacks/hack-8d01819f-team"
"1361489228","Мы случайно регнулись","discovered","","","0","https://github.com/BAITC-Hacks/hack-798d3eac-team"
"1376047955","Мы сюда случайно","discovered","","","0","https://github.com/BAITC-Hacks/hack-63060b44-team"
"1365538361","Название команды","discovered","","","0","https://github.com/BAITC-Hacks/hack-b4eba7e5-team"
"1371276926","Не придумал","discovered","","","0","https://github.com/BAITC-Hacks/hack-8ab514f2-team"
"1379843981","Не придумал","discovered","","","0","https://github.com/BAITC-Hacks/hack-81684134-team"
"1377518519","Не судите строго","discovered","","","0","https://github.com/BAITC-Hacks/hack-4e85fbc3-team"
"1371317661","ООО ""Бнал""","discovered","","","0","https://github.com/BAITC-Hacks/hack-69b6e42b-team"
"1374375846","ООО ""Бнал""","discovered","","","0","https://github.com/BAITC-Hacks/hack-5767cc29-team"
"1359503994","ООО ""Тмыв""","discovered","","","0","https://github.com/BAITC-Hacks/hack-b619e398-team"
"1371394568","ООО ""Тмыв""","discovered","","","0","https://github.com/BAITC-Hacks/hack-8eaf72da-team"
"1379708095","ООО ""Тмыв""","discovered","","","0","https://github.com/BAITC-Hacks/hack-5a4a9c56-team"
"1359472528","ООО «Бнал»","discovered","","","0","https://github.com/BAITC-Hacks/hack-db041ec5-team"
"1367238359","Олжасхан","discovered","","","0","https://github.com/BAITC-Hacks/hack-9bd2c351-team"
"1376858112","Отряд Продоубийц","ready","","0eeffaa16f9386ee3920b3928005e279326d982e","1","https://github.com/BAITC-Hacks/hack-2da540f8-team"
"1379801042","Ояовлвлл","discovered","","","0","https://github.com/BAITC-Hacks/hack-53600ae1-team"
"1374033532","ПОганцы","ready","","3ca5c538c8153886850508854d63b356fc6c5928","1","https://github.com/BAITC-Hacks/hack-10e819ea-team"
"1374036607","ПОганцы","discovered","","","0","https://github.com/BAITC-Hacks/hack-90c6575b-team"
"1379791772","Пандора","discovered","","","0","https://github.com/BAITC-Hacks/hack-3cf911e6-team"
"1370524907","Позже","discovered","","","0","https://github.com/BAITC-Hacks/hack-41ec443a-team"
"1378448247","ПолуПокеры","ready","","9efb4b705297a946dcd91e9123ce6f41a4807f86","1","https://github.com/BAITC-Hacks/hack-34f9b263-team"
"1352497960","Порнофильмы","discovered","","","0","https://github.com/BAITC-Hacks/hack-8e676a69-team"
"1376116108","Программисты","discovered","","","0","https://github.com/BAITC-Hacks/hack-791becbf-team"
"1379803005","Промпт инженеры","discovered","","","0","https://github.com/BAITC-Hacks/hack-b0ad356d-team"
"1377480139","Работяги","ready","","6e14990db7b3854e01753aac75f7dd0bb1914e2f","1","https://github.com/BAITC-Hacks/hack-0a7b6dfb-team"
"1376466017","Рандом","discovered","","","0","https://github.com/BAITC-Hacks/hack-8d347697-team"
"1373342487","Стражи Галактики","discovered","","","0","https://github.com/BAITC-Hacks/hack-d263569a-team"
"1360318383","Строители ai коммунизма в республике казахстан","ready","","c26f145595fb4fe679313c674bfa1062823e78db","1","https://github.com/BAITC-Hacks/hack-2c218e38-ai"
"1377371133","Сэндвич","ready","","f0c04a93d74bf531427fa69dd33c446f003c5473","572","https://github.com/BAITC-Hacks/hack-207ff40c-team"
"1375926486","Талас","discovered","","","0","https://github.com/BAITC-Hacks/hack-99d4c8fe-team"
"1374362200","Тараканчик","ready","","325542c2c66f17b85d64220d80cbf667aa4c1d8d","1","https://github.com/BAITC-Hacks/hack-34eac697-team"
"1371191937","Тигры с Астаны","ready","","24fec032c6c5a024cf2c27ace0adbcd261c380e0","1","https://github.com/BAITC-Hacks/hack-1fe1c8c9-team"
"1374132621","Тим Спились","ready","","6c6026c1356fd02d489bdbcf675509b58d769ed3","1","https://github.com/BAITC-Hacks/hack-348066d1-team"
"1374201731","Тони Сопрано","discovered","","","0","https://github.com/BAITC-Hacks/hack-b5f0d3b5-team"
"1379741135","Тони Сопрано","discovered","","","0","https://github.com/BAITC-Hacks/hack-6fb5c5d3-team"
"1377360262","Топ 1 дедлокер кз","discovered","","","0","https://github.com/BAITC-Hacks/hack-8d8abb05-1"
"1371251043","Торгайцы","discovered","","","0","https://github.com/BAITC-Hacks/hack-8076cec9-team"
"1372925879","Трек мияги i got love","discovered","","","0","https://github.com/BAITC-Hacks/hack-6d4719b0-i-got-love"
"1377003312","Три Кота","discovered","","","0","https://github.com/BAITC-Hacks/hack-5010fe37-team"
"1379584777","Три кота","discovered","","","0","https://github.com/BAITC-Hacks/hack-b696dcd7-team"
"1374121875","Туыстар","discovered","","","0","https://github.com/BAITC-Hacks/hack-3a4b8e8f-team"
"1365694787","У меня 3к ммр","discovered","","","0","https://github.com/BAITC-Hacks/hack-f5b95e04-3"
"1367328899","ФАНАТЫ ХАУДИ ХО","discovered","","","0","https://github.com/BAITC-Hacks/hack-9d035627-team"
"1377321728","Фанаты Нурика","discovered","","","0","https://github.com/BAITC-Hacks/hack-69e35190-team"
"1364002112","Фиксикт","discovered","","","0","https://github.com/BAITC-Hacks/hack-575ea89d-team"
"1374844697","Философы Воздуха","ready","","6bb7ca77dc684d1e14c9ebbe812117b1ed2b9189","52","https://github.com/BAITC-Hacks/hack-181acac4-team"
"1379493845","Фонтейн Футуристикс","discovered","","","0","https://github.com/BAITC-Hacks/hack-f8a03fb7-team"
"1379627652","Фыщь","ready","","044f6a4cf7e84a6c294de1fa3097bd018673b9d6","3","https://github.com/BAITC-Hacks/hack-3578a6cc-team"
"1374436690","ХАХАТОНШИКИ","ready","","a3771508bdd251197ef1da0c0285aa8aef1763d7","40","https://github.com/BAITC-Hacks/hack-0eeb6870-team"
"1377220873","Хакнушники","discovered","","","0","https://github.com/BAITC-Hacks/hack-5a0b98cb-team"
"1365790176","Хрустальные замки","discovered","","","0","https://github.com/BAITC-Hacks/hack-e2da4426-team"
"1371292419","Чайка PRIME","discovered","","","0","https://github.com/BAITC-Hacks/hack-8d6786f2-prime"
"1379769237","Чайка PRIME","discovered","","","0","https://github.com/BAITC-Hacks/hack-ef4b5f1e-prime"
"1361969281","Чак-Чак","ready","","cb7ac91491a8db83456306ba05efedf50f145d44","1","https://github.com/BAITC-Hacks/hack-34e528d9-team"
"1350798138","Чкрепка","discovered","","","0","https://github.com/BAITC-Hacks/hack-74df682d-team"
"1378209785","Шрэк 2","discovered","","","0","https://github.com/BAITC-Hacks/hack-c5b0c3de-2"
"1377912543","Юфсшники","discovered","","","0","https://github.com/BAITC-Hacks/hack-4b8f7014-team"
"1367403847","Я тебя могаю мог мог могаю","ready","","74b6cc76254504ec81eb4f9192e59abc0744e67b","1","https://github.com/BAITC-Hacks/hack-2773aa92-team"
"1379825669","ааааа","ready","","9baddaf34026377d8b65870a724097fd860af3fd","5","https://github.com/BAITC-Hacks/hack-3068d1c2-team"
"1361446826","айлак ит мовит мовит","discovered","","","0","https://github.com/BAITC-Hacks/hack-946e8149-team"
"1371243960","ап","discovered","","","0","https://github.com/BAITC-Hacks/hack-e29d824f-team"
"1361713299","гок-гок алем","discovered","","","0","https://github.com/BAITC-Hacks/hack-fca97f7a-team"
"1371226552","джигусики","discovered","","","0","https://github.com/BAITC-Hacks/hack-5f9d9d0b-team"
"1377202489","крутыеперцы","discovered","","","0","https://github.com/BAITC-Hacks/hack-b75494e7-team"
"1376957897","непобедимые титаны 51","discovered","","","0","https://github.com/BAITC-Hacks/hack-66a76b60-51"
"1379653721","пкв","discovered","","","0","https://github.com/BAITC-Hacks/hack-713854fc-team"
"1377192642","противостояние святого","discovered","","","0","https://github.com/BAITC-Hacks/hack-4d63cc53-team"
"1377461964","тигр","discovered","","","0","https://github.com/BAITC-Hacks/hack-45b0ba04-team"
"1378549978","туристы","discovered","","","0","https://github.com/BAITC-Hacks/hack-b0b8aa2c-team"
"1379865420","уукцуыпвпвкп","discovered","","","0","https://github.com/BAITC-Hacks/hack-ce99b8ed-team"
"1331888183","фыафы","discovered","","","0","https://github.com/BAITC-Hacks/hack-bc7d7fae-team"
"1376928235","хюмандар","ready","","254d09015d7972f303f536efb34c23a5efd49c49","91","https://github.com/BAITC-Hacks/hack-14d000d9-team"
"1379904758","ывф","discovered","","","0","https://github.com/BAITC-Hacks/hack-fb07f35b-team"
"1349476072","эксперт по харнесу","discovered","","","0","https://github.com/BAITC-Hacks/hack-f3c86d22-team"
"1368402876","ҰЛАҒАТ","discovered","","","0","https://github.com/BAITC-Hacks/hack-a9079fb6-team"
"1375782632","⁶7","discovered","","","0","https://github.com/BAITC-Hacks/hack-e88834c3-7"